mac_id,project_name,resource_type,date,utilization_pct
mac-01,Project Atlas,cpu,2025-01-01,87.88041666666668
mac-01,Project Atlas,cpu,2025-01-02,89.13125000000001
mac-01,Project Atlas,cpu,2025-01-03,87.61541666666666
mac-01,Project Atlas,cpu,2025-01-04,88.05791666666666
mac-01,Project Atlas,cpu,2025-01-05,88.23
mac-01,Project Atlas,cpu,2025-01-06,88.93208333333332
mac-01,Project Atlas,cpu,2025-01-07,88.26166666666666
mac-01,Project Atlas,cpu,2025-01-08,88.40666666666668
mac-01,Project Atlas,cpu,2025-01-09,88.72458333333333
mac-01,Project Atlas,cpu,2025-01-10,87.66708333333334
mac-01,Project Atlas,cpu,2025-01-11,88.13625
mac-01,Project Atlas,cpu,2025-01-12,88.67666666666666
mac-01,Project Atlas,cpu,2025-01-13,89.50541666666668
mac-01,Project Atlas,cpu,2025-01-14,88.60916666666667
mac-01,Project Atlas,cpu,2025-01-15,88.88583333333334
mac-01,Project Atlas,cpu,2025-01-16,88.22333333333334
mac-01,Project Atlas,cpu,2025-01-17,88.18166666666667
mac-01,Project Atlas,cpu,2025-01-18,88.35958333333333
mac-01,Project Atlas,cpu,2025-01-19,89.31291666666668
mac-01,Project Atlas,cpu,2025-01-20,88.49333333333334
mac-01,Project Atlas,cpu,2025-01-21,87.98375
mac-01,Project Atlas,cpu,2025-01-22,89.60458333333334
mac-01,Project Atlas,cpu,2025-01-23,89.00458333333334
mac-01,Project Atlas,cpu,2025-01-24,88.35458333333334
mac-01,Project Atlas,cpu,2025-01-25,88.02666666666666
mac-01,Project Atlas,cpu,2025-01-26,89.15083333333332
mac-01,Project Atlas,cpu,2025-01-27,88.86458333333333
mac-01,Project Atlas,cpu,2025-01-28,88.65166666666666
mac-01,Project Atlas,cpu,2025-01-29,88.97416666666668
mac-01,Project Atlas,cpu,2025-01-30,88.27083333333333
mac-01,Project Atlas,cpu,2025-01-31,88.04
mac-01,Project Atlas,cpu,2025-02-01,89.09875
mac-01,Project Atlas,cpu,2025-02-02,89.76125
mac-01,Project Atlas,cpu,2025-02-03,89.08375000000001
mac-01,Project Atlas,cpu,2025-02-04,89.05166666666666
mac-01,Project Atlas,cpu,2025-02-05,89.59416666666668
mac-01,Project Atlas,cpu,2025-02-06,88.3125
mac-01,Project Atlas,cpu,2025-02-07,88.44208333333334
mac-01,Project Atlas,cpu,2025-02-08,90.375
mac-01,Project Atlas,cpu,2025-02-09,90.73916666666666
mac-01,Project Atlas,cpu,2025-02-10,88.96291666666667
mac-01,Project Atlas,cpu,2025-02-11,90.08416666666666
mac-01,Project Atlas,cpu,2025-02-12,88.86500000000001
mac-01,Project Atlas,cpu,2025-02-13,89.98333333333333
mac-01,Project Atlas,cpu,2025-02-14,90.60875
mac-01,Project Atlas,cpu,2025-02-15,89.86458333333333
mac-01,Project Atlas,cpu,2025-02-16,89.80208333333333
mac-01,Project Atlas,cpu,2025-02-17,90.07833333333333
mac-01,Project Atlas,cpu,2025-02-18,88.07291666666667
mac-01,Project Atlas,cpu,2025-02-19,89.56875000000001
mac-01,Project Atlas,cpu,2025-02-20,89.34875
mac-01,Project Atlas,cpu,2025-02-21,89.36500000000001
mac-01,Project Atlas,cpu,2025-02-22,90.38499999999999
mac-01,Project Atlas,cpu,2025-02-23,89.26041666666667
mac-01,Project Atlas,cpu,2025-02-24,89.18333333333334
mac-01,Project Atlas,cpu,2025-02-25,89.28041666666667
mac-01,Project Atlas,cpu,2025-02-26,90.32875
mac-01,Project Atlas,cpu,2025-02-27,89.79666666666667
mac-01,Project Atlas,cpu,2025-02-28,90.68833333333333
mac-01,Project Atlas,cpu,2025-03-01,89.77125000000001
mac-01,Project Atlas,cpu,2025-03-02,90.99958333333332
mac-01,Project Atlas,cpu,2025-03-03,89.09958333333333
mac-01,Project Atlas,cpu,2025-03-04,89.71875
mac-01,Project Atlas,cpu,2025-03-05,89.06208333333332
mac-01,Project Atlas,cpu,2025-03-06,89.85958333333333
mac-01,Project Atlas,cpu,2025-03-07,89.17708333333333
mac-01,Project Atlas,cpu,2025-03-08,89.03291666666667
mac-01,Project Atlas,cpu,2025-03-09,89.84375
mac-01,Project Atlas,cpu,2025-03-10,89.89625000000001
mac-01,Project Atlas,cpu,2025-03-11,90.15083333333332
mac-01,Project Atlas,cpu,2025-03-12,89.3275
mac-01,Project Atlas,cpu,2025-03-13,90.37041666666666
mac-01,Project Atlas,cpu,2025-03-14,89.57875
mac-01,Project Atlas,cpu,2025-03-15,90.895
mac-01,Project Atlas,cpu,2025-03-16,89.50041666666668
mac-01,Project Atlas,cpu,2025-03-17,90.11
mac-01,Project Atlas,cpu,2025-03-18,89.72291666666666
mac-01,Project Atlas,cpu,2025-03-19,90.53666666666668
mac-01,Project Atlas,cpu,2025-03-20,89.20833333333333
mac-01,Project Atlas,cpu,2025-03-21,89.30833333333334
mac-01,Project Atlas,cpu,2025-03-22,89.05708333333332
mac-01,Project Atlas,cpu,2025-03-23,89.78125
mac-01,Project Atlas,cpu,2025-03-24,90.27625
mac-01,Project Atlas,cpu,2025-03-25,91.41666666666667
mac-01,Project Atlas,cpu,2025-03-26,90.58291666666666
mac-01,Project Atlas,cpu,2025-03-27,90.47958333333334
mac-01,Project Atlas,cpu,2025-03-28,90.20833333333333
mac-01,Project Atlas,cpu,2025-03-29,91.33291666666666
mac-01,Project Atlas,cpu,2025-03-30,91.14583333333333
mac-01,Project Atlas,cpu,2025-03-31,91.44833333333334
mac-01,Project Atlas,cpu,2025-04-01,90.90541666666667
mac-01,Project Atlas,cpu,2025-04-02,91.32291666666667
mac-01,Project Atlas,cpu,2025-04-03,91.67166666666667
mac-01,Project Atlas,cpu,2025-04-04,90.17166666666667
mac-01,Project Atlas,cpu,2025-04-05,90.08875
mac-01,Project Atlas,cpu,2025-04-06,90.74541666666666
mac-01,Project Atlas,cpu,2025-04-07,91.25958333333334
mac-01,Project Atlas,cpu,2025-04-08,91.15625
mac-01,Project Atlas,cpu,2025-04-09,90.63499999999999
mac-01,Project Atlas,cpu,2025-04-10,90.13541666666667
mac-01,Project Atlas,cpu,2025-04-11,89.80708333333332
mac-01,Project Atlas,cpu,2025-04-12,92.10374999999999
mac-01,Project Atlas,cpu,2025-04-13,91.15208333333334
mac-01,Project Atlas,cpu,2025-04-14,91.28083333333332
mac-01,Project Atlas,cpu,2025-04-15,91.20833333333333
mac-01,Project Atlas,cpu,2025-04-16,91.755
mac-01,Project Atlas,cpu,2025-04-17,90.74458333333332
mac-01,Project Atlas,cpu,2025-04-18,92.65625
mac-01,Project Atlas,cpu,2025-04-19,90.25458333333334
mac-01,Project Atlas,cpu,2025-04-20,91.78125
mac-01,Project Atlas,cpu,2025-04-21,90.78083333333332
mac-01,Project Atlas,cpu,2025-04-22,90.91166666666668
mac-01,Project Atlas,cpu,2025-04-23,90.61500000000001
mac-01,Project Atlas,cpu,2025-04-24,90.80291666666666
mac-01,Project Atlas,cpu,2025-04-25,91.64041666666667
mac-01,Project Atlas,cpu,2025-04-26,91.16624999999999
mac-01,Project Atlas,cpu,2025-04-27,91.11458333333333
mac-01,Project Atlas,cpu,2025-04-28,91.0825
mac-01,Project Atlas,cpu,2025-04-29,92.29124999999999
mac-01,Project Atlas,cpu,2025-04-30,90.28166666666668
mac-01,Project Atlas,cpu,2025-05-01,91.81875000000001
mac-01,Project Atlas,cpu,2025-05-02,91.29625
mac-01,Project Atlas,cpu,2025-05-03,91.33416666666666
mac-01,Project Atlas,cpu,2025-05-04,90.60416666666667
mac-01,Project Atlas,cpu,2025-05-05,92.25541666666668
mac-01,Project Atlas,cpu,2025-05-06,91.15125
mac-01,Project Atlas,cpu,2025-05-07,91.47874999999999
mac-01,Project Atlas,cpu,2025-05-08,91.65625
mac-01,Project Atlas,cpu,2025-05-09,91.78083333333332
mac-01,Project Atlas,cpu,2025-05-10,91.77541666666667
mac-01,Project Atlas,cpu,2025-05-11,92.6675
mac-01,Project Atlas,cpu,2025-05-12,91.83916666666666
mac-01,Project Atlas,cpu,2025-05-13,91.00999999999999
mac-01,Project Atlas,cpu,2025-05-14,91.54124999999999
mac-01,Project Atlas,cpu,2025-05-15,92.75041666666668
mac-01,Project Atlas,cpu,2025-05-16,91.50083333333333
mac-01,Project Atlas,cpu,2025-05-17,91.47458333333333
mac-01,Project Atlas,cpu,2025-05-18,91.60958333333333
mac-01,Project Atlas,cpu,2025-05-19,91.77583333333332
mac-01,Project Atlas,cpu,2025-05-20,91.08833333333332
mac-01,Project Atlas,cpu,2025-05-21,91.43708333333332
mac-01,Project Atlas,cpu,2025-05-22,91.19749999999999
mac-01,Project Atlas,cpu,2025-05-23,91.53625
mac-01,Project Atlas,cpu,2025-05-24,92.43874999999998
mac-01,Project Atlas,cpu,2025-05-25,90.985
mac-01,Project Atlas,cpu,2025-05-26,93.31208333333332
mac-01,Project Atlas,cpu,2025-05-27,91.60458333333334
mac-01,Project Atlas,cpu,2025-05-28,92.41125
mac-01,Project Atlas,cpu,2025-05-29,91.77083333333333
mac-01,Project Atlas,cpu,2025-05-30,92.56166666666667
mac-01,Project Atlas,cpu,2025-05-31,92.51625
mac-01,Project Atlas,cpu,2025-06-01,92.93291666666666
mac-01,Project Atlas,cpu,2025-06-02,92.74958333333332
mac-01,Project Atlas,cpu,2025-06-03,91.25458333333334
mac-01,Project Atlas,cpu,2025-06-04,91.60333333333334
mac-01,Project Atlas,cpu,2025-06-05,92.88041666666668
mac-01,Project Atlas,cpu,2025-06-06,92.73333333333333
mac-01,Project Atlas,cpu,2025-06-07,92.64458333333334
mac-01,Project Atlas,cpu,2025-06-08,91.77499999999999
mac-01,Project Atlas,cpu,2025-06-09,92.75
mac-01,Project Atlas,cpu,2025-06-10,92.25041666666668
mac-01,Project Atlas,cpu,2025-06-11,92.27708333333334
mac-01,Project Atlas,cpu,2025-06-12,90.82291666666667
mac-01,Project Atlas,cpu,2025-06-13,92.375
mac-01,Project Atlas,cpu,2025-06-14,92.45291666666667
mac-01,Project Atlas,cpu,2025-06-15,91.92833333333333
mac-01,Project Atlas,cpu,2025-06-16,92.42625
mac-01,Project Atlas,cpu,2025-06-17,93.19791666666667
mac-01,Project Atlas,cpu,2025-06-18,93.08416666666666
mac-01,Project Atlas,cpu,2025-06-19,92.12
mac-01,Project Atlas,cpu,2025-06-20,92.68291666666666
mac-01,Project Atlas,cpu,2025-06-21,93.22416666666668
mac-01,Project Atlas,cpu,2025-06-22,92.35458333333334
mac-01,Project Atlas,cpu,2025-06-23,92.5675
mac-01,Project Atlas,cpu,2025-06-24,91.56791666666668
mac-01,Project Atlas,cpu,2025-06-25,93.65666666666668
mac-01,Project Atlas,cpu,2025-06-26,93.39041666666667
mac-01,Project Atlas,cpu,2025-06-27,92.375
mac-01,Project Atlas,cpu,2025-06-28,92.73458333333333
mac-01,Project Atlas,cpu,2025-06-29,93.09333333333332
mac-01,Project Atlas,cpu,2025-06-30,92.28083333333332
mac-01,Project Atlas,cpu,2025-07-01,92.06291666666668
mac-01,Project Atlas,cpu,2025-07-02,92.57249999999999
mac-01,Project Atlas,cpu,2025-07-03,92.1825
mac-01,Project Atlas,cpu,2025-07-04,93.02041666666666
mac-01,Project Atlas,cpu,2025-07-05,92.6725
mac-01,Project Atlas,cpu,2025-07-06,93.33875
mac-01,Project Atlas,cpu,2025-07-07,92.54625
mac-01,Project Atlas,cpu,2025-07-08,92.80708333333332
mac-01,Project Atlas,cpu,2025-07-09,93.01583333333333
mac-01,Project Atlas,cpu,2025-07-10,92.85916666666667
mac-01,Project Atlas,cpu,2025-07-11,93.25999999999999
mac-01,Project Atlas,cpu,2025-07-12,91.93291666666666
mac-01,Project Atlas,cpu,2025-07-13,91.82833333333333
mac-01,Project Atlas,cpu,2025-07-14,92.74458333333332
mac-01,Project Atlas,cpu,2025-07-15,92.21916666666668
mac-01,Project Atlas,cpu,2025-07-16,93.255
mac-01,Project Atlas,cpu,2025-07-17,92.63458333333334
mac-01,Project Atlas,cpu,2025-07-18,92.68791666666668
mac-01,Project Atlas,cpu,2025-07-19,93.01083333333334
mac-01,Project Atlas,cpu,2025-07-20,93.25958333333334
mac-01,Project Atlas,cpu,2025-07-21,92.43291666666666
mac-01,Project Atlas,cpu,2025-07-22,93.05208333333333
mac-01,Project Atlas,cpu,2025-07-23,92.45791666666666
mac-01,Project Atlas,cpu,2025-07-24,93.15083333333332
mac-01,Project Atlas,cpu,2025-07-25,93.16166666666668
mac-01,Project Atlas,cpu,2025-07-26,93.75041666666668
mac-01,Project Atlas,cpu,2025-07-27,92.49458333333332
mac-01,Project Atlas,cpu,2025-07-28,93.20791666666666
mac-01,Project Atlas,cpu,2025-07-29,92.40583333333332
mac-01,Project Atlas,cpu,2025-07-30,92.71791666666667
mac-01,Project Atlas,cpu,2025-07-31,93.17125
mac-01,Project Atlas,cpu,2025-08-01,93.78666666666668
mac-01,Project Atlas,cpu,2025-08-02,93.79666666666667
mac-01,Project Atlas,cpu,2025-08-03,92.38041666666668
mac-01,Project Atlas,cpu,2025-08-04,92.90583333333332
mac-01,Project Atlas,cpu,2025-08-05,92.6825
mac-01,Project Atlas,cpu,2025-08-06,93.20375
mac-01,Project Atlas,cpu,2025-08-07,94.12624999999998
mac-01,Project Atlas,cpu,2025-08-08,93.27666666666666
mac-01,Project Atlas,cpu,2025-08-09,93.98416666666667
mac-01,Project Atlas,cpu,2025-08-10,94.47333333333334
mac-01,Project Atlas,cpu,2025-08-11,94.55166666666666
mac-01,Project Atlas,cpu,2025-08-12,93.43708333333332
mac-01,Project Atlas,cpu,2025-08-13,94.015
mac-01,Project Atlas,cpu,2025-08-14,93.56208333333332
mac-01,Project Atlas,cpu,2025-08-15,93.98958333333333
mac-01,Project Atlas,cpu,2025-08-16,93.81208333333332
mac-01,Project Atlas,cpu,2025-08-17,93.245
mac-01,Project Atlas,cpu,2025-08-18,93.54124999999999
mac-01,Project Atlas,cpu,2025-08-19,93.65125
mac-01,Project Atlas,cpu,2025-08-20,94.43708333333332
mac-01,Project Atlas,cpu,2025-08-21,94.13458333333334
mac-01,Project Atlas,cpu,2025-08-22,94.13541666666667
mac-01,Project Atlas,cpu,2025-08-23,94.35416666666667
mac-01,Project Atlas,cpu,2025-08-24,93.85875
mac-01,Project Atlas,cpu,2025-08-25,93.96375
mac-01,Project Atlas,cpu,2025-08-26,94.05624999999999
mac-01,Project Atlas,cpu,2025-08-27,94.10916666666667
mac-01,Project Atlas,cpu,2025-08-28,94.24458333333332
mac-01,Project Atlas,cpu,2025-08-29,93.66125
mac-01,Project Atlas,cpu,2025-08-30,94.28083333333332
mac-01,Project Atlas,cpu,2025-08-31,94.46333333333332
mac-01,Project Atlas,cpu,2025-09-01,93.33291666666666
mac-01,Project Atlas,cpu,2025-09-02,95.25
mac-01,Project Atlas,cpu,2025-09-03,94.83958333333334
mac-01,Project Atlas,cpu,2025-09-04,94.29666666666667
mac-01,Project Atlas,cpu,2025-09-05,93.66624999999999
mac-01,Project Atlas,cpu,2025-09-06,94.18666666666667
mac-01,Project Atlas,cpu,2025-09-07,93.75416666666666
mac-01,Project Atlas,cpu,2025-09-08,93.34375
mac-01,Project Atlas,cpu,2025-09-09,94.30624999999999
mac-01,Project Atlas,cpu,2025-09-10,93.64041666666667
mac-01,Project Atlas,cpu,2025-09-11,94.27208333333333
mac-01,Project Atlas,cpu,2025-09-12,93.92166666666667
mac-01,Project Atlas,cpu,2025-09-13,95.24041666666666
mac-01,Project Atlas,cpu,2025-09-14,93.72416666666668
mac-01,Project Atlas,cpu,2025-09-15,94.62541666666668
mac-01,Project Atlas,cpu,2025-09-16,94.70875000000001
mac-01,Project Atlas,cpu,2025-09-17,94.29666666666667
mac-01,Project Atlas,cpu,2025-09-18,94.66708333333334
mac-01,Project Atlas,cpu,2025-09-19,94.09958333333333
mac-01,Project Atlas,cpu,2025-09-20,94.24833333333333
mac-01,Project Atlas,cpu,2025-09-21,94.17750000000001
mac-01,Project Atlas,cpu,2025-09-22,94.92291666666667
mac-01,Project Atlas,cpu,2025-09-23,94.5625
mac-01,Project Atlas,cpu,2025-09-24,94.42791666666666
mac-01,Project Atlas,cpu,2025-09-25,94.08833333333332
mac-01,Project Atlas,cpu,2025-09-26,95.38083333333333
mac-01,Project Atlas,cpu,2025-09-27,94.55208333333333
mac-01,Project Atlas,cpu,2025-09-28,95.82291666666667
mac-01,Project Atlas,cpu,2025-09-29,95.27625
mac-01,Project Atlas,cpu,2025-09-30,93.60374999999999
mac-01,Project Atlas,cpu,2025-10-01,94.56833333333333
mac-01,Project Atlas,cpu,2025-10-02,94.04625
mac-01,Project Atlas,cpu,2025-10-03,94.72916666666667
mac-01,Project Atlas,cpu,2025-10-04,94.24458333333332
mac-01,Project Atlas,cpu,2025-10-05,94.05250000000001
mac-01,Project Atlas,cpu,2025-10-06,94.39125
mac-01,Project Atlas,cpu,2025-10-07,94.63583333333334
mac-01,Project Atlas,cpu,2025-10-08,94.69833333333334
mac-01,Project Atlas,cpu,2025-10-09,95.50416666666666
mac-01,Project Atlas,cpu,2025-10-10,94.65541666666667
mac-01,Project Atlas,cpu,2025-10-11,94.6925
mac-01,Project Atlas,cpu,2025-10-12,95.27541666666667
mac-01,Project Atlas,cpu,2025-10-13,94.43291666666666
mac-01,Project Atlas,cpu,2025-10-14,94.72833333333334
mac-01,Project Atlas,cpu,2025-10-15,95.25
mac-01,Project Atlas,cpu,2025-10-16,94.80208333333333
mac-01,Project Atlas,cpu,2025-10-17,93.84458333333333
mac-01,Project Atlas,cpu,2025-10-18,95.08791666666667
mac-01,Project Atlas,cpu,2025-10-19,94.11416666666666
mac-01,Project Atlas,cpu,2025-10-20,94.9425
mac-01,Project Atlas,cpu,2025-10-21,95.39
mac-01,Project Atlas,cpu,2025-10-22,95.35458333333334
mac-01,Project Atlas,cpu,2025-10-23,95.59375
mac-01,Project Atlas,cpu,2025-10-24,95.07291666666667
mac-01,Project Atlas,cpu,2025-10-25,95.375
mac-01,Project Atlas,cpu,2025-10-26,96.13
mac-01,Project Atlas,cpu,2025-10-27,95.27
mac-01,Project Atlas,cpu,2025-10-28,95.32708333333333
mac-01,Project Atlas,cpu,2025-10-29,94.75458333333334
mac-01,Project Atlas,cpu,2025-10-30,94.9325
mac-01,Project Atlas,cpu,2025-10-31,95.22375
mac-01,Project Atlas,cpu,2025-11-01,94.28625
mac-01,Project Atlas,cpu,2025-11-02,96.01583333333333
mac-01,Project Atlas,cpu,2025-11-03,95.71875
mac-01,Project Atlas,cpu,2025-11-04,94.71833333333332
mac-01,Project Atlas,cpu,2025-11-05,94.90166666666666
mac-01,Project Atlas,cpu,2025-11-06,94.91666666666667
mac-01,Project Atlas,cpu,2025-11-07,95.58375000000001
mac-01,Project Atlas,cpu,2025-11-08,95.64583333333333
mac-01,Project Atlas,cpu,2025-11-09,94.26583333333333
mac-01,Project Atlas,cpu,2025-11-10,96.32708333333333
mac-01,Project Atlas,cpu,2025-11-11,95.29708333333333
mac-01,Project Atlas,cpu,2025-11-12,95.02041666666666
mac-01,Project Atlas,cpu,2025-11-13,95.45875000000001
mac-01,Project Atlas,cpu,2025-11-14,94.94708333333334
mac-01,Project Atlas,cpu,2025-11-15,95.59916666666668
mac-01,Project Atlas,cpu,2025-11-16,95.08833333333332
mac-01,Project Atlas,cpu,2025-11-17,94.505
mac-01,Project Atlas,cpu,2025-11-18,95.68166666666667
mac-01,Project Atlas,cpu,2025-11-19,94.3125
mac-01,Project Atlas,cpu,2025-11-20,95.95333333333333
mac-01,Project Atlas,cpu,2025-11-21,95.47916666666667
mac-01,Project Atlas,cpu,2025-11-22,95.63541666666667
mac-01,Project Atlas,cpu,2025-11-23,96.09916666666668
mac-01,Project Atlas,cpu,2025-11-24,96.35958333333333
mac-01,Project Atlas,cpu,2025-11-25,95.46833333333332
mac-01,Project Atlas,cpu,2025-11-26,96.71333333333332
mac-01,Project Atlas,cpu,2025-11-27,95.48416666666667
mac-01,Project Atlas,cpu,2025-11-28,95.43208333333332
mac-01,Project Atlas,cpu,2025-11-29,96.59416666666668
mac-01,Project Atlas,cpu,2025-11-30,95.49541666666666
mac-01,Project Atlas,cpu,2025-12-01,96.16208333333333
mac-01,Project Atlas,cpu,2025-12-02,95.34416666666668
mac-01,Project Atlas,cpu,2025-12-03,96.375
mac-01,Project Atlas,cpu,2025-12-04,95.99458333333332
mac-01,Project Atlas,cpu,2025-12-05,95.22916666666667
mac-01,Project Atlas,cpu,2025-12-06,96.28125
mac-01,Project Atlas,cpu,2025-12-07,96.63458333333334
mac-01,Project Atlas,cpu,2025-12-08,95.72375
mac-01,Project Atlas,cpu,2025-12-09,95.9375
mac-01,Project Atlas,cpu,2025-12-10,96.19333333333333
mac-01,Project Atlas,cpu,2025-12-11,95.87
mac-01,Project Atlas,cpu,2025-12-12,95.90083333333332
mac-01,Project Atlas,cpu,2025-12-13,95.66083333333334
mac-01,Project Atlas,cpu,2025-12-14,96.77541666666667
mac-01,Project Atlas,cpu,2025-12-15,95.27541666666667
mac-01,Project Atlas,cpu,2025-12-16,95.91250000000001
mac-01,Project Atlas,cpu,2025-12-17,96.6875
mac-01,Project Atlas,cpu,2025-12-18,97.07291666666667
mac-01,Project Atlas,cpu,2025-12-19,96.65083333333332
mac-01,Project Atlas,cpu,2025-12-20,96.44333333333333
mac-01,Project Atlas,cpu,2025-12-21,96.46375
mac-01,Project Atlas,cpu,2025-12-22,96.46875
mac-01,Project Atlas,cpu,2025-12-23,96.17125
mac-01,Project Atlas,cpu,2025-12-24,94.67208333333333
mac-01,Project Atlas,cpu,2025-12-25,96.13541666666667
mac-01,Project Atlas,cpu,2025-12-26,96.26625
mac-01,Project Atlas,cpu,2025-12-27,96.505
mac-01,Project Atlas,cpu,2025-12-28,95.58375000000001
mac-01,Project Atlas,cpu,2025-12-29,95.90583333333332
mac-01,Project Atlas,cpu,2025-12-30,96.48958333333333
mac-01,Project Atlas,cpu,2025-12-31,96.74374999999999
mac-01,Project Atlas,disk,2025-01-01,89.69541666666667
mac-01,Project Atlas,disk,2025-01-02,90.56375000000001
mac-01,Project Atlas,disk,2025-01-03,89.09625
mac-01,Project Atlas,disk,2025-01-04,90.14166666666667
mac-01,Project Atlas,disk,2025-01-05,89.41416666666667
mac-01,Project Atlas,disk,2025-01-06,90.22833333333334
mac-01,Project Atlas,disk,2025-01-07,90.27708333333334
mac-01,Project Atlas,disk,2025-01-08,89.92583333333333
mac-01,Project Atlas,disk,2025-01-09,89.59666666666668
mac-01,Project Atlas,disk,2025-01-10,90.36333333333333
mac-01,Project Atlas,disk,2025-01-11,89.05791666666666
mac-01,Project Atlas,disk,2025-01-12,88.6825
mac-01,Project Atlas,disk,2025-01-13,89.6725
mac-01,Project Atlas,disk,2025-01-14,88.69208333333334
mac-01,Project Atlas,disk,2025-01-15,89.93875000000001
mac-01,Project Atlas,disk,2025-01-16,90.13499999999999
mac-01,Project Atlas,disk,2025-01-17,89.00916666666666
mac-01,Project Atlas,disk,2025-01-18,90.48791666666666
mac-01,Project Atlas,disk,2025-01-19,91.07625
mac-01,Project Atlas,disk,2025-01-20,89.62666666666667
mac-01,Project Atlas,disk,2025-01-21,89.58041666666666
mac-01,Project Atlas,disk,2025-01-22,89.65458333333333
mac-01,Project Atlas,disk,2025-01-23,90.75083333333333
mac-01,Project Atlas,disk,2025-01-24,91.72000000000001
mac-01,Project Atlas,disk,2025-01-25,91.18166666666667
mac-01,Project Atlas,disk,2025-01-26,90.69083333333333
mac-01,Project Atlas,disk,2025-01-27,90.1475
mac-01,Project Atlas,disk,2025-01-28,88.53916666666667
mac-01,Project Atlas,disk,2025-01-29,89.98166666666667
mac-01,Project Atlas,disk,2025-01-30,90.20208333333333
mac-01,Project Atlas,disk,2025-01-31,90.72041666666667
mac-01,Project Atlas,disk,2025-02-01,90.18083333333334
mac-01,Project Atlas,disk,2025-02-02,89.93374999999999
mac-01,Project Atlas,disk,2025-02-03,90.09375
mac-01,Project Atlas,disk,2025-02-04,89.13791666666667
mac-01,Project Atlas,disk,2025-02-05,91.03708333333333
mac-01,Project Atlas,disk,2025-02-06,91.58625
mac-01,Project Atlas,disk,2025-02-07,89.86916666666667
mac-01,Project Atlas,disk,2025-02-08,89.97250000000001
mac-01,Project Atlas,disk,2025-02-09,90.03750000000001
mac-01,Project Atlas,disk,2025-02-10,90.27833333333332
mac-01,Project Atlas,disk,2025-02-11,90.71791666666667
mac-01,Project Atlas,disk,2025-02-12,90.59958333333333
mac-01,Project Atlas,disk,2025-02-13,90.91041666666666
mac-01,Project Atlas,disk,2025-02-14,90.3525
mac-01,Project Atlas,disk,2025-02-15,90.93166666666667
mac-01,Project Atlas,disk,2025-02-16,90.70833333333333
mac-01,Project Atlas,disk,2025-02-17,90.11874999999999
mac-01,Project Atlas,disk,2025-02-18,90.41541666666666
mac-01,Project Atlas,disk,2025-02-19,91.14375
mac-01,Project Atlas,disk,2025-02-20,91.25291666666668
mac-01,Project Atlas,disk,2025-02-21,90.12166666666667
mac-01,Project Atlas,disk,2025-02-22,91.36625
mac-01,Project Atlas,disk,2025-02-23,91.01666666666667
mac-01,Project Atlas,disk,2025-02-24,92.03625
mac-01,Project Atlas,disk,2025-02-25,92.10083333333334
mac-01,Project Atlas,disk,2025-02-26,90.69458333333334
mac-01,Project Atlas,disk,2025-02-27,91.53500000000001
mac-01,Project Atlas,disk,2025-02-28,91.47500000000001
mac-01,Project Atlas,disk,2025-03-01,91.54083333333334
mac-01,Project Atlas,disk,2025-03-02,90.67291666666667
mac-01,Project Atlas,disk,2025-03-03,91.46208333333334
mac-01,Project Atlas,disk,2025-03-04,90.97250000000001
mac-01,Project Atlas,disk,2025-03-05,92.22208333333333
mac-01,Project Atlas,disk,2025-03-06,89.81958333333334
mac-01,Project Atlas,disk,2025-03-07,91.59083333333332
mac-01,Project Atlas,disk,2025-03-08,90.83708333333334
mac-01,Project Atlas,disk,2025-03-09,91.375
mac-01,Project Atlas,disk,2025-03-10,90.39166666666667
mac-01,Project Atlas,disk,2025-03-11,90.50916666666667
mac-01,Project Atlas,disk,2025-03-12,91.93041666666666
mac-01,Project Atlas,disk,2025-03-13,91.03083333333332
mac-01,Project Atlas,disk,2025-03-14,91.39333333333333
mac-01,Project Atlas,disk,2025-03-15,91.37791666666668
mac-01,Project Atlas,disk,2025-03-16,91.25458333333334
mac-01,Project Atlas,disk,2025-03-17,90.63208333333334
mac-01,Project Atlas,disk,2025-03-18,91.51416666666667
mac-01,Project Atlas,disk,2025-03-19,91.79375
mac-01,Project Atlas,disk,2025-03-20,91.4225
mac-01,Project Atlas,disk,2025-03-21,90.97666666666667
mac-01,Project Atlas,disk,2025-03-22,91.55208333333333
mac-01,Project Atlas,disk,2025-03-23,92.01083333333334
mac-01,Project Atlas,disk,2025-03-24,91.23541666666667
mac-01,Project Atlas,disk,2025-03-25,90.82708333333333
mac-01,Project Atlas,disk,2025-03-26,91.64458333333333
mac-01,Project Atlas,disk,2025-03-27,92.33708333333334
mac-01,Project Atlas,disk,2025-03-28,92.10333333333334
mac-01,Project Atlas,disk,2025-03-29,91.04583333333333
mac-01,Project Atlas,disk,2025-03-30,93.06124999999999
mac-01,Project Atlas,disk,2025-03-31,92.04208333333334
mac-01,Project Atlas,disk,2025-04-01,92.40041666666667
mac-01,Project Atlas,disk,2025-04-02,91.16125
mac-01,Project Atlas,disk,2025-04-03,92.40833333333335
mac-01,Project Atlas,disk,2025-04-04,92.43666666666667
mac-01,Project Atlas,disk,2025-04-05,92.07541666666667
mac-01,Project Atlas,disk,2025-04-06,92.23708333333333
mac-01,Project Atlas,disk,2025-04-07,91.74291666666666
mac-01,Project Atlas,disk,2025-04-08,91.24916666666667
mac-01,Project Atlas,disk,2025-04-09,92.34041666666667
mac-01,Project Atlas,disk,2025-04-10,92.42125
mac-01,Project Atlas,disk,2025-04-11,92.38458333333334
mac-01,Project Atlas,disk,2025-04-12,92.1125
mac-01,Project Atlas,disk,2025-04-13,92.42375
mac-01,Project Atlas,disk,2025-04-14,92.55874999999999
mac-01,Project Atlas,disk,2025-04-15,92.85958333333333
mac-01,Project Atlas,disk,2025-04-16,93.08333333333333
mac-01,Project Atlas,disk,2025-04-17,92.02166666666666
mac-01,Project Atlas,disk,2025-04-18,92.80166666666666
mac-01,Project Atlas,disk,2025-04-19,91.92958333333333
mac-01,Project Atlas,disk,2025-04-20,91.56791666666668
mac-01,Project Atlas,disk,2025-04-21,92.25708333333334
mac-01,Project Atlas,disk,2025-04-22,91.50583333333333
mac-01,Project Atlas,disk,2025-04-23,91.66291666666666
mac-01,Project Atlas,disk,2025-04-24,92.7575
mac-01,Project Atlas,disk,2025-04-25,91.31333333333333
mac-01,Project Atlas,disk,2025-04-26,90.95333333333333
mac-01,Project Atlas,disk,2025-04-27,92.57625
mac-01,Project Atlas,disk,2025-04-28,93.36291666666666
mac-01,Project Atlas,disk,2025-04-29,91.94166666666666
mac-01,Project Atlas,disk,2025-04-30,92.77916666666665
mac-01,Project Atlas,disk,2025-05-01,91.8125
mac-01,Project Atlas,disk,2025-05-02,92.19
mac-01,Project Atlas,disk,2025-05-03,93.14541666666666
mac-01,Project Atlas,disk,2025-05-04,92.32583333333334
mac-01,Project Atlas,disk,2025-05-05,92.11375
mac-01,Project Atlas,disk,2025-05-06,91.64416666666666
mac-01,Project Atlas,disk,2025-05-07,91.55541666666666
mac-01,Project Atlas,disk,2025-05-08,92.25958333333334
mac-01,Project Atlas,disk,2025-05-09,92.75
mac-01,Project Atlas,disk,2025-05-10,92.15916666666668
mac-01,Project Atlas,disk,2025-05-11,91.84041666666667
mac-01,Project Atlas,disk,2025-05-12,92.20458333333333
mac-01,Project Atlas,disk,2025-05-13,91.96041666666667
mac-01,Project Atlas,disk,2025-05-14,93.15458333333333
mac-01,Project Atlas,disk,2025-05-15,93.26416666666667
mac-01,Project Atlas,disk,2025-05-16,92.36375
mac-01,Project Atlas,disk,2025-05-17,92.74541666666666
mac-01,Project Atlas,disk,2025-05-18,93.39541666666666
mac-01,Project Atlas,disk,2025-05-19,92.42833333333334
mac-01,Project Atlas,disk,2025-05-20,93.26166666666667
mac-01,Project Atlas,disk,2025-05-21,92.99416666666667
mac-01,Project Atlas,disk,2025-05-22,92.87624999999998
mac-01,Project Atlas,disk,2025-05-23,92.90458333333333
mac-01,Project Atlas,disk,2025-05-24,92.59916666666668
mac-01,Project Atlas,disk,2025-05-25,92.90875
mac-01,Project Atlas,disk,2025-05-26,93.13666666666667
mac-01,Project Atlas,disk,2025-05-27,93.12541666666668
mac-01,Project Atlas,disk,2025-05-28,92.59375
mac-01,Project Atlas,disk,2025-05-29,92.66000000000001
mac-01,Project Atlas,disk,2025-05-30,92.33666666666666
mac-01,Project Atlas,disk,2025-05-31,92.04458333333334
mac-01,Project Atlas,disk,2025-06-01,92.92833333333334
mac-01,Project Atlas,disk,2025-06-02,92.0775
mac-01,Project Atlas,disk,2025-06-03,94.11375
mac-01,Project Atlas,disk,2025-06-04,93.44375000000001
mac-01,Project Atlas,disk,2025-06-05,92.94
mac-01,Project Atlas,disk,2025-06-06,92.92416666666666
mac-01,Project Atlas,disk,2025-06-07,93.61083333333333
mac-01,Project Atlas,disk,2025-06-08,94.20083333333334
mac-01,Project Atlas,disk,2025-06-09,93.53958333333333
mac-01,Project Atlas,disk,2025-06-10,92.72000000000001
mac-01,Project Atlas,disk,2025-06-11,92.91041666666666
mac-01,Project Atlas,disk,2025-06-12,93.68541666666665
mac-01,Project Atlas,disk,2025-06-13,92.06708333333334
mac-01,Project Atlas,disk,2025-06-14,93.55
mac-01,Project Atlas,disk,2025-06-15,93.42875
mac-01,Project Atlas,disk,2025-06-16,93.43541666666665
mac-01,Project Atlas,disk,2025-06-17,93.47125
mac-01,Project Atlas,disk,2025-06-18,93.17958333333333
mac-01,Project Atlas,disk,2025-06-19,93.51958333333333
mac-01,Project Atlas,disk,2025-06-20,94.41958333333334
mac-01,Project Atlas,disk,2025-06-21,94.07958333333333
mac-01,Project Atlas,disk,2025-06-22,92.13458333333334
mac-01,Project Atlas,disk,2025-06-23,94.11666666666667
mac-01,Project Atlas,disk,2025-06-24,93.65291666666667
mac-01,Project Atlas,disk,2025-06-25,92.44666666666666
mac-01,Project Atlas,disk,2025-06-26,94.50791666666667
mac-01,Project Atlas,disk,2025-06-27,93.54583333333333
mac-01,Project Atlas,disk,2025-06-28,92.47874999999999
mac-01,Project Atlas,disk,2025-06-29,94.30583333333334
mac-01,Project Atlas,disk,2025-06-30,93.49000000000001
mac-01,Project Atlas,disk,2025-07-01,93.35791666666667
mac-01,Project Atlas,disk,2025-07-02,92.86375
mac-01,Project Atlas,disk,2025-07-03,94.03916666666667
mac-01,Project Atlas,disk,2025-07-04,93.71
mac-01,Project Atlas,disk,2025-07-05,93.72833333333334
mac-01,Project Atlas,disk,2025-07-06,93.21041666666667
mac-01,Project Atlas,disk,2025-07-07,93.36208333333333
mac-01,Project Atlas,disk,2025-07-08,93.70125
mac-01,Project Atlas,disk,2025-07-09,93.74833333333333
mac-01,Project Atlas,disk,2025-07-10,94.69208333333334
mac-01,Project Atlas,disk,2025-07-11,92.80833333333334
mac-01,Project Atlas,disk,2025-07-12,93.66041666666666
mac-01,Project Atlas,disk,2025-07-13,94.9325
mac-01,Project Atlas,disk,2025-07-14,93.575
mac-01,Project Atlas,disk,2025-07-15,93.71625
mac-01,Project Atlas,disk,2025-07-16,94.16000000000001
mac-01,Project Atlas,disk,2025-07-17,94.28791666666666
mac-01,Project Atlas,disk,2025-07-18,93.80458333333333
mac-01,Project Atlas,disk,2025-07-19,94.31041666666665
mac-01,Project Atlas,disk,2025-07-20,94.05708333333332
mac-01,Project Atlas,disk,2025-07-21,94.27791666666667
mac-01,Project Atlas,disk,2025-07-22,94.59249999999999
mac-01,Project Atlas,disk,2025-07-23,93.71333333333332
mac-01,Project Atlas,disk,2025-07-24,94.05958333333332
mac-01,Project Atlas,disk,2025-07-25,94.27749999999999
mac-01,Project Atlas,disk,2025-07-26,93.11458333333333
mac-01,Project Atlas,disk,2025-07-27,94.08583333333333
mac-01,Project Atlas,disk,2025-07-28,94.79833333333333
mac-01,Project Atlas,disk,2025-07-29,94.40125
mac-01,Project Atlas,disk,2025-07-30,94.14708333333334
mac-01,Project Atlas,disk,2025-07-31,94.97166666666668
mac-01,Project Atlas,disk,2025-08-01,94.31083333333333
mac-01,Project Atlas,disk,2025-08-02,94.40791666666667
mac-01,Project Atlas,disk,2025-08-03,93.73958333333333
mac-01,Project Atlas,disk,2025-08-04,94.13416666666666
mac-01,Project Atlas,disk,2025-08-05,95.51125
mac-01,Project Atlas,disk,2025-08-06,94.97458333333333
mac-01,Project Atlas,disk,2025-08-07,94.25625000000001
mac-01,Project Atlas,disk,2025-08-08,94.05458333333333
mac-01,Project Atlas,disk,2025-08-09,95.04666666666667
mac-01,Project Atlas,disk,2025-08-10,93.52375
mac-01,Project Atlas,disk,2025-08-11,95.06
mac-01,Project Atlas,disk,2025-08-12,93.66916666666667
mac-01,Project Atlas,disk,2025-08-13,94.64041666666667
mac-01,Project Atlas,disk,2025-08-14,94.4975
mac-01,Project Atlas,disk,2025-08-15,95.00625000000001
mac-01,Project Atlas,disk,2025-08-16,94.51875
mac-01,Project Atlas,disk,2025-08-17,96.11625
mac-01,Project Atlas,disk,2025-08-18,94.44208333333334
mac-01,Project Atlas,disk,2025-08-19,94.62083333333334
mac-01,Project Atlas,disk,2025-08-20,95.14583333333333
mac-01,Project Atlas,disk,2025-08-21,94.6475
mac-01,Project Atlas,disk,2025-08-22,94.69291666666668
mac-01,Project Atlas,disk,2025-08-23,95.30333333333334
mac-01,Project Atlas,disk,2025-08-24,95.05041666666666
mac-01,Project Atlas,disk,2025-08-25,95.58875
mac-01,Project Atlas,disk,2025-08-26,94.18333333333334
mac-01,Project Atlas,disk,2025-08-27,95.40416666666665
mac-01,Project Atlas,disk,2025-08-28,94.2425
mac-01,Project Atlas,disk,2025-08-29,94.85833333333333
mac-01,Project Atlas,disk,2025-08-30,94.65333333333332
mac-01,Project Atlas,disk,2025-08-31,95.76916666666666
mac-01,Project Atlas,disk,2025-09-01,94.62625000000001
mac-01,Project Atlas,disk,2025-09-02,94.60958333333333
mac-01,Project Atlas,disk,2025-09-03,94.58541666666667
mac-01,Project Atlas,disk,2025-09-04,95.07416666666667
mac-01,Project Atlas,disk,2025-09-05,94.93124999999999
mac-01,Project Atlas,disk,2025-09-06,96.32083333333333
mac-01,Project Atlas,disk,2025-09-07,94.26458333333333
mac-01,Project Atlas,disk,2025-09-08,95.19458333333334
mac-01,Project Atlas,disk,2025-09-09,95.56041666666665
mac-01,Project Atlas,disk,2025-09-10,93.66291666666666
mac-01,Project Atlas,disk,2025-09-11,94.27416666666666
mac-01,Project Atlas,disk,2025-09-12,95.45333333333333
mac-01,Project Atlas,disk,2025-09-13,95.3675
mac-01,Project Atlas,disk,2025-09-14,95.33583333333333
mac-01,Project Atlas,disk,2025-09-15,95.20208333333333
mac-01,Project Atlas,disk,2025-09-16,95.20291666666667
mac-01,Project Atlas,disk,2025-09-17,94.8675
mac-01,Project Atlas,disk,2025-09-18,96.28500000000001
mac-01,Project Atlas,disk,2025-09-19,96.08166666666666
mac-01,Project Atlas,disk,2025-09-20,95.9225
mac-01,Project Atlas,disk,2025-09-21,95.26833333333333
mac-01,Project Atlas,disk,2025-09-22,95.21
mac-01,Project Atlas,disk,2025-09-23,95.84333333333335
mac-01,Project Atlas,disk,2025-09-24,95.47375
mac-01,Project Atlas,disk,2025-09-25,95.61916666666667
mac-01,Project Atlas,disk,2025-09-26,95.17583333333333
mac-01,Project Atlas,disk,2025-09-27,95.41541666666666
mac-01,Project Atlas,disk,2025-09-28,95.30250000000001
mac-01,Project Atlas,disk,2025-09-29,95.39708333333334
mac-01,Project Atlas,disk,2025-09-30,94.85666666666667
mac-01,Project Atlas,disk,2025-10-01,95.26208333333334
mac-01,Project Atlas,disk,2025-10-02,95.45833333333333
mac-01,Project Atlas,disk,2025-10-03,94.795
mac-01,Project Atlas,disk,2025-10-04,94.89999999999999
mac-01,Project Atlas,disk,2025-10-05,95.7625
mac-01,Project Atlas,disk,2025-10-06,94.99624999999999
mac-01,Project Atlas,disk,2025-10-07,94.92916666666667
mac-01,Project Atlas,disk,2025-10-08,95.37958333333334
mac-01,Project Atlas,disk,2025-10-09,96.34291666666667
mac-01,Project Atlas,disk,2025-10-10,96.42166666666667
mac-01,Project Atlas,disk,2025-10-11,95.51708333333333
mac-01,Project Atlas,disk,2025-10-12,96.20833333333333
mac-01,Project Atlas,disk,2025-10-13,96.04458333333334
mac-01,Project Atlas,disk,2025-10-14,95.61583333333334
mac-01,Project Atlas,disk,2025-10-15,95.29
mac-01,Project Atlas,disk,2025-10-16,95.73125
mac-01,Project Atlas,disk,2025-10-17,96.10416666666667
mac-01,Project Atlas,disk,2025-10-18,95.60666666666667
mac-01,Project Atlas,disk,2025-10-19,95.98666666666666
mac-01,Project Atlas,disk,2025-10-20,96.22166666666668
mac-01,Project Atlas,disk,2025-10-21,95.77499999999999
mac-01,Project Atlas,disk,2025-10-22,95.58291666666666
mac-01,Project Atlas,disk,2025-10-23,96.37666666666667
mac-01,Project Atlas,disk,2025-10-24,96.67833333333334
mac-01,Project Atlas,disk,2025-10-25,96.77916666666665
mac-01,Project Atlas,disk,2025-10-26,95.94416666666666
mac-01,Project Atlas,disk,2025-10-27,96.005
mac-01,Project Atlas,disk,2025-10-28,96.09916666666668
mac-01,Project Atlas,disk,2025-10-29,96.14625000000001
mac-01,Project Atlas,disk,2025-10-30,95.7975
mac-01,Project Atlas,disk,2025-10-31,95.81916666666666
mac-01,Project Atlas,disk,2025-11-01,96.05708333333332
mac-01,Project Atlas,disk,2025-11-02,96.25791666666667
mac-01,Project Atlas,disk,2025-11-03,95.81
mac-01,Project Atlas,disk,2025-11-04,95.48291666666667
mac-01,Project Atlas,disk,2025-11-05,96.61625
mac-01,Project Atlas,disk,2025-11-06,96.73666666666666
mac-01,Project Atlas,disk,2025-11-07,95.71
mac-01,Project Atlas,disk,2025-11-08,96.14416666666666
mac-01,Project Atlas,disk,2025-11-09,95.57666666666667
mac-01,Project Atlas,disk,2025-11-10,95.72458333333333
mac-01,Project Atlas,disk,2025-11-11,96.35666666666667
mac-01,Project Atlas,disk,2025-11-12,96.29458333333334
mac-01,Project Atlas,disk,2025-11-13,96.66666666666667
mac-01,Project Atlas,disk,2025-11-14,96.20708333333333
mac-01,Project Atlas,disk,2025-11-15,96.47458333333333
mac-01,Project Atlas,disk,2025-11-16,96.59041666666667
mac-01,Project Atlas,disk,2025-11-17,96.75125000000001
mac-01,Project Atlas,disk,2025-11-18,96.70416666666667
mac-01,Project Atlas,disk,2025-11-19,95.92458333333333
mac-01,Project Atlas,disk,2025-11-20,95.49624999999999
mac-01,Project Atlas,disk,2025-11-21,96.19125000000001
mac-01,Project Atlas,disk,2025-11-22,96.87124999999999
mac-01,Project Atlas,disk,2025-11-23,96.93458333333332
mac-01,Project Atlas,disk,2025-11-24,95.87666666666667
mac-01,Project Atlas,disk,2025-11-25,95.46916666666665
mac-01,Project Atlas,disk,2025-11-26,96.54124999999999
mac-01,Project Atlas,disk,2025-11-27,95.83083333333333
mac-01,Project Atlas,disk,2025-11-28,96.33333333333333
mac-01,Project Atlas,disk,2025-11-29,97.09166666666665
mac-01,Project Atlas,disk,2025-11-30,96.57291666666667
mac-01,Project Atlas,disk,2025-12-01,97.27083333333333
mac-01,Project Atlas,disk,2025-12-02,96.77999999999999
mac-01,Project Atlas,disk,2025-12-03,97.27125
mac-01,Project Atlas,disk,2025-12-04,96.40333333333332
mac-01,Project Atlas,disk,2025-12-05,96.10666666666667
mac-01,Project Atlas,disk,2025-12-06,97.14416666666666
mac-01,Project Atlas,disk,2025-12-07,96.49583333333334
mac-01,Project Atlas,disk,2025-12-08,97.78916666666667
mac-01,Project Atlas,disk,2025-12-09,96.81166666666667
mac-01,Project Atlas,disk,2025-12-10,96.67166666666667
mac-01,Project Atlas,disk,2025-12-11,97.01416666666667
mac-01,Project Atlas,disk,2025-12-12,96.65749999999998
mac-01,Project Atlas,disk,2025-12-13,96.86041666666667
mac-01,Project Atlas,disk,2025-12-14,96.73458333333333
mac-01,Project Atlas,disk,2025-12-15,97.25333333333333
mac-01,Project Atlas,disk,2025-12-16,95.48541666666667
mac-01,Project Atlas,disk,2025-12-17,95.33958333333334
mac-01,Project Atlas,disk,2025-12-18,96.41875
mac-01,Project Atlas,disk,2025-12-19,97.47874999999999
mac-01,Project Atlas,disk,2025-12-20,96.95833333333333
mac-01,Project Atlas,disk,2025-12-21,96.22666666666667
mac-01,Project Atlas,disk,2025-12-22,97.16083333333334
mac-01,Project Atlas,disk,2025-12-23,97.24041666666666
mac-01,Project Atlas,disk,2025-12-24,97.72000000000001
mac-01,Project Atlas,disk,2025-12-25,97.11791666666666
mac-01,Project Atlas,disk,2025-12-26,96.92
mac-01,Project Atlas,disk,2025-12-27,97.41708333333334
mac-01,Project Atlas,disk,2025-12-28,96.83416666666666
mac-01,Project Atlas,disk,2025-12-29,97.3325
mac-01,Project Atlas,disk,2025-12-30,96.69749999999999
mac-01,Project Atlas,disk,2025-12-31,96.69583333333333
mac-01,Project Atlas,ram,2025-01-01,84.95291666666667
mac-01,Project Atlas,ram,2025-01-02,86.18
mac-01,Project Atlas,ram,2025-01-03,84.98416666666667
mac-01,Project Atlas,ram,2025-01-04,83.91541666666667
mac-01,Project Atlas,ram,2025-01-05,84.85625
mac-01,Project Atlas,ram,2025-01-06,85.98208333333334
mac-01,Project Atlas,ram,2025-01-07,84.66625
mac-01,Project Atlas,ram,2025-01-08,85.24708333333334
mac-01,Project Atlas,ram,2025-01-09,84.25750000000001
mac-01,Project Atlas,ram,2025-01-10,84.15083333333332
mac-01,Project Atlas,ram,2025-01-11,85.67
mac-01,Project Atlas,ram,2025-01-12,87.00541666666668
mac-01,Project Atlas,ram,2025-01-13,85.40249999999999
mac-01,Project Atlas,ram,2025-01-14,83.98208333333334
mac-01,Project Atlas,ram,2025-01-15,84.45333333333333
mac-01,Project Atlas,ram,2025-01-16,85.47166666666668
mac-01,Project Atlas,ram,2025-01-17,86.11416666666666
mac-01,Project Atlas,ram,2025-01-18,85.30375
mac-01,Project Atlas,ram,2025-01-19,85.39125
mac-01,Project Atlas,ram,2025-01-20,85.06166666666667
mac-01,Project Atlas,ram,2025-01-21,86.00208333333335
mac-01,Project Atlas,ram,2025-01-22,84.9475
mac-01,Project Atlas,ram,2025-01-23,84.52083333333333
mac-01,Project Atlas,ram,2025-01-24,84.43458333333334
mac-01,Project Atlas,ram,2025-01-25,84.755
mac-01,Project Atlas,ram,2025-01-26,87.09416666666668
mac-01,Project Atlas,ram,2025-01-27,85.37458333333332
mac-01,Project Atlas,ram,2025-01-28,84.74166666666666
mac-01,Project Atlas,ram,2025-01-29,86.3075
mac-01,Project Atlas,ram,2025-01-30,86.57458333333334
mac-01,Project Atlas,ram,2025-01-31,85.46958333333333
mac-01,Project Atlas,ram,2025-02-01,85.89666666666666
mac-01,Project Atlas,ram,2025-02-02,86.22083333333335
mac-01,Project Atlas,ram,2025-02-03,85.96083333333333
mac-01,Project Atlas,ram,2025-02-04,86.03625
mac-01,Project Atlas,ram,2025-02-05,87.09666666666668
mac-01,Project Atlas,ram,2025-02-06,86.6875
mac-01,Project Atlas,ram,2025-02-07,87.46875
mac-01,Project Atlas,ram,2025-02-08,87.41666666666667
mac-01,Project Atlas,ram,2025-02-09,87.22416666666668
mac-01,Project Atlas,ram,2025-02-10,86.21041666666667
mac-01,Project Atlas,ram,2025-02-11,85.32875
mac-01,Project Atlas,ram,2025-02-12,86.23666666666666
mac-01,Project Atlas,ram,2025-02-13,85.52083333333333
mac-01,Project Atlas,ram,2025-02-14,85.48583333333333
mac-01,Project Atlas,ram,2025-02-15,86.25291666666668
mac-01,Project Atlas,ram,2025-02-16,85.65375
mac-01,Project Atlas,ram,2025-02-17,86.80666666666667
mac-01,Project Atlas,ram,2025-02-18,87.10458333333334
mac-01,Project Atlas,ram,2025-02-19,85.545
mac-01,Project Atlas,ram,2025-02-20,87.09625
mac-01,Project Atlas,ram,2025-02-21,86.67958333333333
mac-01,Project Atlas,ram,2025-02-22,87.08416666666666
mac-01,Project Atlas,ram,2025-02-23,86.11541666666666
mac-01,Project Atlas,ram,2025-02-24,85.71416666666666
mac-01,Project Atlas,ram,2025-02-25,85.44958333333334
mac-01,Project Atlas,ram,2025-02-26,86.59333333333332
mac-01,Project Atlas,ram,2025-02-27,87.21375
mac-01,Project Atlas,ram,2025-02-28,86.59249999999999
mac-01,Project Atlas,ram,2025-03-01,86.48708333333333
mac-01,Project Atlas,ram,2025-03-02,86.58375000000001
mac-01,Project Atlas,ram,2025-03-03,86.84083333333332
mac-01,Project Atlas,ram,2025-03-04,87.90333333333332
mac-01,Project Atlas,ram,2025-03-05,87.06333333333333
mac-01,Project Atlas,ram,2025-03-06,86.97874999999999
mac-01,Project Atlas,ram,2025-03-07,87.26083333333334
mac-01,Project Atlas,ram,2025-03-08,86.34541666666667
mac-01,Project Atlas,ram,2025-03-09,87.11625
mac-01,Project Atlas,ram,2025-03-10,86.56208333333332
mac-01,Project Atlas,ram,2025-03-11,86.19541666666667
mac-01,Project Atlas,ram,2025-03-12,87.92416666666666
mac-01,Project Atlas,ram,2025-03-13,88.10958333333333
mac-01,Project Atlas,ram,2025-03-14,87.53333333333335
mac-01,Project Atlas,ram,2025-03-15,87.04083333333334
mac-01,Project Atlas,ram,2025-03-16,86.69208333333334
mac-01,Project Atlas,ram,2025-03-17,87.93708333333332
mac-01,Project Atlas,ram,2025-03-18,87.62291666666665
mac-01,Project Atlas,ram,2025-03-19,87.54333333333334
mac-01,Project Atlas,ram,2025-03-20,88.33375000000001
mac-01,Project Atlas,ram,2025-03-21,87.21041666666667
mac-01,Project Atlas,ram,2025-03-22,87.255
mac-01,Project Atlas,ram,2025-03-23,86.75291666666668
mac-01,Project Atlas,ram,2025-03-24,85.67375
mac-01,Project Atlas,ram,2025-03-25,88.35666666666667
mac-01,Project Atlas,ram,2025-03-26,86.84083333333332
mac-01,Project Atlas,ram,2025-03-27,87.51333333333334
mac-01,Project Atlas,ram,2025-03-28,86.685
mac-01,Project Atlas,ram,2025-03-29,87.27333333333333
mac-01,Project Atlas,ram,2025-03-30,88.03958333333333
mac-01,Project Atlas,ram,2025-03-31,87.90625
mac-01,Project Atlas,ram,2025-04-01,88.35583333333334
mac-01,Project Atlas,ram,2025-04-02,88.23875
mac-01,Project Atlas,ram,2025-04-03,88.305
mac-01,Project Atlas,ram,2025-04-04,88.92208333333333
mac-01,Project Atlas,ram,2025-04-05,88.57833333333333
mac-01,Project Atlas,ram,2025-04-06,88.29416666666667
mac-01,Project Atlas,ram,2025-04-07,88.065
mac-01,Project Atlas,ram,2025-04-08,88.07041666666667
mac-01,Project Atlas,ram,2025-04-09,86.86958333333332
mac-01,Project Atlas,ram,2025-04-10,88.935
mac-01,Project Atlas,ram,2025-04-11,87.42916666666667
mac-01,Project Atlas,ram,2025-04-12,87.37208333333332
mac-01,Project Atlas,ram,2025-04-13,87.85958333333333
mac-01,Project Atlas,ram,2025-04-14,87.52125000000001
mac-01,Project Atlas,ram,2025-04-15,89.08999999999999
mac-01,Project Atlas,ram,2025-04-16,87.89375
mac-01,Project Atlas,ram,2025-04-17,87.99958333333332
mac-01,Project Atlas,ram,2025-04-18,88.22666666666667
mac-01,Project Atlas,ram,2025-04-19,86.95875000000001
mac-01,Project Atlas,ram,2025-04-20,88.2475
mac-01,Project Atlas,ram,2025-04-21,88.1925
mac-01,Project Atlas,ram,2025-04-22,87.67958333333333
mac-01,Project Atlas,ram,2025-04-23,87.91375
mac-01,Project Atlas,ram,2025-04-24,89.43
mac-01,Project Atlas,ram,2025-04-25,88.9875
mac-01,Project Atlas,ram,2025-04-26,90.25124999999998
mac-01,Project Atlas,ram,2025-04-27,88.99374999999999
mac-01,Project Atlas,ram,2025-04-28,89.71625
mac-01,Project Atlas,ram,2025-04-29,88.47083333333335
mac-01,Project Atlas,ram,2025-04-30,88.94583333333333
mac-01,Project Atlas,ram,2025-05-01,87.00291666666668
mac-01,Project Atlas,ram,2025-05-02,89.17375
mac-01,Project Atlas,ram,2025-05-03,89.36916666666667
mac-01,Project Atlas,ram,2025-05-04,89.09958333333333
mac-01,Project Atlas,ram,2025-05-05,89.13
mac-01,Project Atlas,ram,2025-05-06,88.39291666666666
mac-01,Project Atlas,ram,2025-05-07,87.89333333333333
mac-01,Project Atlas,ram,2025-05-08,89.54958333333333
mac-01,Project Atlas,ram,2025-05-09,88.26541666666667
mac-01,Project Atlas,ram,2025-05-10,88.31541666666668
mac-01,Project Atlas,ram,2025-05-11,90.54124999999999
mac-01,Project Atlas,ram,2025-05-12,87.99000000000001
mac-01,Project Atlas,ram,2025-05-13,88.41958333333334
mac-01,Project Atlas,ram,2025-05-14,89.30041666666666
mac-01,Project Atlas,ram,2025-05-15,88.30208333333333
mac-01,Project Atlas,ram,2025-05-16,88.80541666666666
mac-01,Project Atlas,ram,2025-05-17,89.54166666666667
mac-01,Project Atlas,ram,2025-05-18,88.77375
mac-01,Project Atlas,ram,2025-05-19,89.89083333333333
mac-01,Project Atlas,ram,2025-05-20,88.7975
mac-01,Project Atlas,ram,2025-05-21,89.3725
mac-01,Project Atlas,ram,2025-05-22,87.7675
mac-01,Project Atlas,ram,2025-05-23,88.53958333333333
mac-01,Project Atlas,ram,2025-05-24,88.59916666666668
mac-01,Project Atlas,ram,2025-05-25,89.10958333333333
mac-01,Project Atlas,ram,2025-05-26,89.14833333333333
mac-01,Project Atlas,ram,2025-05-27,88.84958333333333
mac-01,Project Atlas,ram,2025-05-28,89.57541666666667
mac-01,Project Atlas,ram,2025-05-29,89.43458333333332
mac-01,Project Atlas,ram,2025-05-30,89.14541666666666
mac-01,Project Atlas,ram,2025-05-31,88.60083333333334
mac-01,Project Atlas,ram,2025-06-01,89.19041666666668
mac-01,Project Atlas,ram,2025-06-02,88.89625000000001
mac-01,Project Atlas,ram,2025-06-03,89.20083333333334
mac-01,Project Atlas,ram,2025-06-04,89.52958333333333
mac-01,Project Atlas,ram,2025-06-05,89.44583333333333
mac-01,Project Atlas,ram,2025-06-06,89.47416666666668
mac-01,Project Atlas,ram,2025-06-07,90.23958333333333
mac-01,Project Atlas,ram,2025-06-08,90.10374999999999
mac-01,Project Atlas,ram,2025-06-09,90.685
mac-01,Project Atlas,ram,2025-06-10,89.85833333333333
mac-01,Project Atlas,ram,2025-06-11,90.22874999999999
mac-01,Project Atlas,ram,2025-06-12,89.78208333333333
mac-01,Project Atlas,ram,2025-06-13,88.81
mac-01,Project Atlas,ram,2025-06-14,89.20291666666667
mac-01,Project Atlas,ram,2025-06-15,90.57541666666667
mac-01,Project Atlas,ram,2025-06-16,89.54666666666667
mac-01,Project Atlas,ram,2025-06-17,90.3675
mac-01,Project Atlas,ram,2025-06-18,90.37791666666668
mac-01,Project Atlas,ram,2025-06-19,88.90291666666667
mac-01,Project Atlas,ram,2025-06-20,89.47208333333333
mac-01,Project Atlas,ram,2025-06-21,90.92958333333333
mac-01,Project Atlas,ram,2025-06-22,89.41708333333334
mac-01,Project Atlas,ram,2025-06-23,88.52499999999999
mac-01,Project Atlas,ram,2025-06-24,89.15916666666668
mac-01,Project Atlas,ram,2025-06-25,89.64083333333333
mac-01,Project Atlas,ram,2025-06-26,90.70083333333334
mac-01,Project Atlas,ram,2025-06-27,89.78875
mac-01,Project Atlas,ram,2025-06-28,90.39
mac-01,Project Atlas,ram,2025-06-29,90.36291666666666
mac-01,Project Atlas,ram,2025-06-30,89.87166666666667
mac-01,Project Atlas,ram,2025-07-01,89.52625
mac-01,Project Atlas,ram,2025-07-02,90.78666666666668
mac-01,Project Atlas,ram,2025-07-03,90.85791666666667
mac-01,Project Atlas,ram,2025-07-04,88.84166666666665
mac-01,Project Atlas,ram,2025-07-05,90.65541666666667
mac-01,Project Atlas,ram,2025-07-06,90.55250000000001
mac-01,Project Atlas,ram,2025-07-07,90.64291666666666
mac-01,Project Atlas,ram,2025-07-08,89.55708333333332
mac-01,Project Atlas,ram,2025-07-09,90.94416666666666
mac-01,Project Atlas,ram,2025-07-10,89.52791666666667
mac-01,Project Atlas,ram,2025-07-11,89.60125
mac-01,Project Atlas,ram,2025-07-12,90.95375
mac-01,Project Atlas,ram,2025-07-13,88.22833333333334
mac-01,Project Atlas,ram,2025-07-14,91.49541666666666
mac-01,Project Atlas,ram,2025-07-15,92.17208333333333
mac-01,Project Atlas,ram,2025-07-16,90.52625
mac-01,Project Atlas,ram,2025-07-17,90.10166666666667
mac-01,Project Atlas,ram,2025-07-18,90.79124999999999
mac-01,Project Atlas,ram,2025-07-19,90.44333333333333
mac-01,Project Atlas,ram,2025-07-20,90.54
mac-01,Project Atlas,ram,2025-07-21,91.09916666666668
mac-01,Project Atlas,ram,2025-07-22,89.51708333333333
mac-01,Project Atlas,ram,2025-07-23,90.36791666666666
mac-01,Project Atlas,ram,2025-07-24,91.4425
mac-01,Project Atlas,ram,2025-07-25,90.63833333333334
mac-01,Project Atlas,ram,2025-07-26,91.22166666666668
mac-01,Project Atlas,ram,2025-07-27,90.95083333333334
mac-01,Project Atlas,ram,2025-07-28,91.23375
mac-01,Project Atlas,ram,2025-07-29,91.28416666666668
mac-01,Project Atlas,ram,2025-07-30,91.24458333333332
mac-01,Project Atlas,ram,2025-07-31,90.64375
mac-01,Project Atlas,ram,2025-08-01,90.5475
mac-01,Project Atlas,ram,2025-08-02,91.76833333333333
mac-01,Project Atlas,ram,2025-08-03,91.20791666666666
mac-01,Project Atlas,ram,2025-08-04,90.80166666666666
mac-01,Project Atlas,ram,2025-08-05,90.58083333333333
mac-01,Project Atlas,ram,2025-08-06,90.7425
mac-01,Project Atlas,ram,2025-08-07,91.64583333333333
mac-01,Project Atlas,ram,2025-08-08,90.47874999999999
mac-01,Project Atlas,ram,2025-08-09,90.95708333333333
mac-01,Project Atlas,ram,2025-08-10,91.32083333333333
mac-01,Project Atlas,ram,2025-08-11,90.90416666666665
mac-01,Project Atlas,ram,2025-08-12,91.20333333333333
mac-01,Project Atlas,ram,2025-08-13,91.07
mac-01,Project Atlas,ram,2025-08-14,91.43208333333332
mac-01,Project Atlas,ram,2025-08-15,91.11500000000001
mac-01,Project Atlas,ram,2025-08-16,90.74000000000001
mac-01,Project Atlas,ram,2025-08-17,90.63833333333334
mac-01,Project Atlas,ram,2025-08-18,91.98208333333334
mac-01,Project Atlas,ram,2025-08-19,90.65708333333333
mac-01,Project Atlas,ram,2025-08-20,91.97833333333334
mac-01,Project Atlas,ram,2025-08-21,91.58666666666666
mac-01,Project Atlas,ram,2025-08-22,92.34166666666665
mac-01,Project Atlas,ram,2025-08-23,90.88208333333334
mac-01,Project Atlas,ram,2025-08-24,91.3125
mac-01,Project Atlas,ram,2025-08-25,91.58375000000001
mac-01,Project Atlas,ram,2025-08-26,92.29958333333333
mac-01,Project Atlas,ram,2025-08-27,92.20791666666666
mac-01,Project Atlas,ram,2025-08-28,90.99416666666667
mac-01,Project Atlas,ram,2025-08-29,91.76041666666667
mac-01,Project Atlas,ram,2025-08-30,92.565
mac-01,Project Atlas,ram,2025-08-31,92.8625
mac-01,Project Atlas,ram,2025-09-01,91.25791666666667
mac-01,Project Atlas,ram,2025-09-02,92.08375000000001
mac-01,Project Atlas,ram,2025-09-03,91.84583333333335
mac-01,Project Atlas,ram,2025-09-04,91.76208333333334
mac-01,Project Atlas,ram,2025-09-05,91.82041666666667
mac-01,Project Atlas,ram,2025-09-06,92.73416666666667
mac-01,Project Atlas,ram,2025-09-07,91.38875
mac-01,Project Atlas,ram,2025-09-08,91.44041666666668
mac-01,Project Atlas,ram,2025-09-09,92.82583333333334
mac-01,Project Atlas,ram,2025-09-10,92.07791666666667
mac-01,Project Atlas,ram,2025-09-11,92.35416666666667
mac-01,Project Atlas,ram,2025-09-12,91.54166666666667
mac-01,Project Atlas,ram,2025-09-13,91.84375
mac-01,Project Atlas,ram,2025-09-14,92.24791666666665
mac-01,Project Atlas,ram,2025-09-15,91.78666666666668
mac-01,Project Atlas,ram,2025-09-16,91.29416666666667
mac-01,Project Atlas,ram,2025-09-17,92.08625
mac-01,Project Atlas,ram,2025-09-18,92.21875
mac-01,Project Atlas,ram,2025-09-19,91.23208333333334
mac-01,Project Atlas,ram,2025-09-20,92.43
mac-01,Project Atlas,ram,2025-09-21,91.53875
mac-01,Project Atlas,ram,2025-09-22,92.46375
mac-01,Project Atlas,ram,2025-09-23,92.1425
mac-01,Project Atlas,ram,2025-09-24,92.33375000000001
mac-01,Project Atlas,ram,2025-09-25,92.01916666666666
mac-01,Project Atlas,ram,2025-09-26,92.34375
mac-01,Project Atlas,ram,2025-09-27,92.28666666666668
mac-01,Project Atlas,ram,2025-09-28,92.00999999999999
mac-01,Project Atlas,ram,2025-09-29,92.19916666666666
mac-01,Project Atlas,ram,2025-09-30,92.0075
mac-01,Project Atlas,ram,2025-10-01,91.505
mac-01,Project Atlas,ram,2025-10-02,91.39291666666666
mac-01,Project Atlas,ram,2025-10-03,92.995
mac-01,Project Atlas,ram,2025-10-04,92.84666666666668
mac-01,Project Atlas,ram,2025-10-05,92.82041666666667
mac-01,Project Atlas,ram,2025-10-06,92.80458333333333
mac-01,Project Atlas,ram,2025-10-07,92.24541666666666
mac-01,Project Atlas,ram,2025-10-08,94.20583333333333
mac-01,Project Atlas,ram,2025-10-09,92.96125
mac-01,Project Atlas,ram,2025-10-10,92.04458333333334
mac-01,Project Atlas,ram,2025-10-11,92.73875
mac-01,Project Atlas,ram,2025-10-12,93.1425
mac-01,Project Atlas,ram,2025-10-13,92.00458333333334
mac-01,Project Atlas,ram,2025-10-14,93.46541666666667
mac-01,Project Atlas,ram,2025-10-15,92.5775
mac-01,Project Atlas,ram,2025-10-16,92.83875
mac-01,Project Atlas,ram,2025-10-17,93.25541666666668
mac-01,Project Atlas,ram,2025-10-18,92.42208333333333
mac-01,Project Atlas,ram,2025-10-19,92.62833333333333
mac-01,Project Atlas,ram,2025-10-20,90.71333333333332
mac-01,Project Atlas,ram,2025-10-21,91.85875
mac-01,Project Atlas,ram,2025-10-22,93.03125
mac-01,Project Atlas,ram,2025-10-23,93.51333333333334
mac-01,Project Atlas,ram,2025-10-24,92.3725
mac-01,Project Atlas,ram,2025-10-25,93.35333333333334
mac-01,Project Atlas,ram,2025-10-26,92.70291666666667
mac-01,Project Atlas,ram,2025-10-27,93.52125000000001
mac-01,Project Atlas,ram,2025-10-28,93.245
mac-01,Project Atlas,ram,2025-10-29,92.10166666666667
mac-01,Project Atlas,ram,2025-10-30,93.58625
mac-01,Project Atlas,ram,2025-10-31,92.36708333333333
mac-01,Project Atlas,ram,2025-11-01,92.3575
mac-01,Project Atlas,ram,2025-11-02,93.94
mac-01,Project Atlas,ram,2025-11-03,93.95291666666667
mac-01,Project Atlas,ram,2025-11-04,92.16250000000001
mac-01,Project Atlas,ram,2025-11-05,93.3125
mac-01,Project Atlas,ram,2025-11-06,93.11208333333333
mac-01,Project Atlas,ram,2025-11-07,92.6725
mac-01,Project Atlas,ram,2025-11-08,93.36291666666666
mac-01,Project Atlas,ram,2025-11-09,93.995
mac-01,Project Atlas,ram,2025-11-10,91.92916666666667
mac-01,Project Atlas,ram,2025-11-11,93.42916666666667
mac-01,Project Atlas,ram,2025-11-12,93.27375
mac-01,Project Atlas,ram,2025-11-13,93.4525
mac-01,Project Atlas,ram,2025-11-14,93.5075
mac-01,Project Atlas,ram,2025-11-15,93.26791666666666
mac-01,Project Atlas,ram,2025-11-16,93.07541666666667
mac-01,Project Atlas,ram,2025-11-17,92.74041666666666
mac-01,Project Atlas,ram,2025-11-18,93.4875
mac-01,Project Atlas,ram,2025-11-19,93.675
mac-01,Project Atlas,ram,2025-11-20,93.08791666666667
mac-01,Project Atlas,ram,2025-11-21,92.89333333333333
mac-01,Project Atlas,ram,2025-11-22,93.31
mac-01,Project Atlas,ram,2025-11-23,93.48666666666666
mac-01,Project Atlas,ram,2025-11-24,91.735
mac-01,Project Atlas,ram,2025-11-25,93.0025
mac-01,Project Atlas,ram,2025-11-26,94.3625
mac-01,Project Atlas,ram,2025-11-27,93.93416666666667
mac-01,Project Atlas,ram,2025-11-28,94.105
mac-01,Project Atlas,ram,2025-11-29,92.91916666666667
mac-01,Project Atlas,ram,2025-11-30,94.85958333333333
mac-01,Project Atlas,ram,2025-12-01,93.92750000000001
mac-01,Project Atlas,ram,2025-12-02,94.13499999999999
mac-01,Project Atlas,ram,2025-12-03,93.89
mac-01,Project Atlas,ram,2025-12-04,93.84166666666665
mac-01,Project Atlas,ram,2025-12-05,94.48416666666667
mac-01,Project Atlas,ram,2025-12-06,94.06791666666668
mac-01,Project Atlas,ram,2025-12-07,94.6875
mac-01,Project Atlas,ram,2025-12-08,93.45833333333333
mac-01,Project Atlas,ram,2025-12-09,94.28166666666668
mac-01,Project Atlas,ram,2025-12-10,94.09125
mac-01,Project Atlas,ram,2025-12-11,94.22874999999999
mac-01,Project Atlas,ram,2025-12-12,93.49208333333333
mac-01,Project Atlas,ram,2025-12-13,93.90916666666668
mac-01,Project Atlas,ram,2025-12-14,94.44041666666668
mac-01,Project Atlas,ram,2025-12-15,93.17916666666667
mac-01,Project Atlas,ram,2025-12-16,94.78416666666668
mac-01,Project Atlas,ram,2025-12-17,93.68708333333332
mac-01,Project Atlas,ram,2025-12-18,94.52499999999999
mac-01,Project Atlas,ram,2025-12-19,93.76916666666666
mac-01,Project Atlas,ram,2025-12-20,94.21833333333332
mac-01,Project Atlas,ram,2025-12-21,95.15125
mac-01,Project Atlas,ram,2025-12-22,94.65125
mac-01,Project Atlas,ram,2025-12-23,94.40333333333332
mac-01,Project Atlas,ram,2025-12-24,94.39375
mac-01,Project Atlas,ram,2025-12-25,94.23208333333334
mac-01,Project Atlas,ram,2025-12-26,95.40291666666667
mac-01,Project Atlas,ram,2025-12-27,94.39
mac-01,Project Atlas,ram,2025-12-28,94.6725
mac-01,Project Atlas,ram,2025-12-29,93.67208333333333
mac-01,Project Atlas,ram,2025-12-30,93.64583333333333
mac-01,Project Atlas,ram,2025-12-31,95.02958333333333
mac-02,Project Nova,cpu,2025-01-01,57.025
mac-02,Project Nova,cpu,2025-01-02,58.375
mac-02,Project Nova,cpu,2025-01-03,58.15416666666667
mac-02,Project Nova,cpu,2025-01-04,57.449999999999996
mac-02,Project Nova,cpu,2025-01-05,57.958333333333336
mac-02,Project Nova,cpu,2025-01-06,57.82083333333333
mac-02,Project Nova,cpu,2025-01-07,57.35833333333333
mac-02,Project Nova,cpu,2025-01-08,58.0875
mac-02,Project Nova,cpu,2025-01-09,55.833333333333336
mac-02,Project Nova,cpu,2025-01-10,57.0375
mac-02,Project Nova,cpu,2025-01-11,59.0625
mac-02,Project Nova,cpu,2025-01-12,57.39166666666666
mac-02,Project Nova,cpu,2025-01-13,56.541666666666664
mac-02,Project Nova,cpu,2025-01-14,56.074999999999996
mac-02,Project Nova,cpu,2025-01-15,58.229166666666664
mac-02,Project Nova,cpu,2025-01-16,57.31666666666666
mac-02,Project Nova,cpu,2025-01-17,57.40833333333333
mac-02,Project Nova,cpu,2025-01-18,58.15416666666667
mac-02,Project Nova,cpu,2025-01-19,58.00416666666666
mac-02,Project Nova,cpu,2025-01-20,56.324999999999996
mac-02,Project Nova,cpu,2025-01-21,57.6875
mac-02,Project Nova,cpu,2025-01-22,57.71666666666667
mac-02,Project Nova,cpu,2025-01-23,56.354166666666664
mac-02,Project Nova,cpu,2025-01-24,57.74583333333334
mac-02,Project Nova,cpu,2025-01-25,59.38333333333333
mac-02,Project Nova,cpu,2025-01-26,59.30416666666667
mac-02,Project Nova,cpu,2025-01-27,58.041666666666664
mac-02,Project Nova,cpu,2025-01-28,57.96666666666667
mac-02,Project Nova,cpu,2025-01-29,57.5375
mac-02,Project Nova,cpu,2025-01-30,58.324999999999996
mac-02,Project Nova,cpu,2025-01-31,57.80416666666667
mac-02,Project Nova,cpu,2025-02-01,56.97083333333333
mac-02,Project Nova,cpu,2025-02-02,58.2125
mac-02,Project Nova,cpu,2025-02-03,58.637499999999996
mac-02,Project Nova,cpu,2025-02-04,57.36666666666667
mac-02,Project Nova,cpu,2025-02-05,57.94166666666666
mac-02,Project Nova,cpu,2025-02-06,58.26666666666667
mac-02,Project Nova,cpu,2025-02-07,57.82916666666667
mac-02,Project Nova,cpu,2025-02-08,56.78333333333333
mac-02,Project Nova,cpu,2025-02-09,56.9625
mac-02,Project Nova,cpu,2025-02-10,58.75416666666666
mac-02,Project Nova,cpu,2025-02-11,57.987500000000004
mac-02,Project Nova,cpu,2025-02-12,59.012499999999996
mac-02,Project Nova,cpu,2025-02-13,56.89166666666667
mac-02,Project Nova,cpu,2025-02-14,57.74166666666667
mac-02,Project Nova,cpu,2025-02-15,57.90416666666667
mac-02,Project Nova,cpu,2025-02-16,58.70416666666667
mac-02,Project Nova,cpu,2025-02-17,57.68333333333334
mac-02,Project Nova,cpu,2025-02-18,56.95416666666667
mac-02,Project Nova,cpu,2025-02-19,58.18333333333334
mac-02,Project Nova,cpu,2025-02-20,58.46666666666667
mac-02,Project Nova,cpu,2025-02-21,57.48333333333333
mac-02,Project Nova,cpu,2025-02-22,58.19583333333333
mac-02,Project Nova,cpu,2025-02-23,58.17916666666667
mac-02,Project Nova,cpu,2025-02-24,57.49583333333334
mac-02,Project Nova,cpu,2025-02-25,57.349999999999994
mac-02,Project Nova,cpu,2025-02-26,58.458333333333336
mac-02,Project Nova,cpu,2025-02-27,56.9125
mac-02,Project Nova,cpu,2025-02-28,58.29583333333333
mac-02,Project Nova,cpu,2025-03-01,58.55416666666667
mac-02,Project Nova,cpu,2025-03-02,58.987500000000004
mac-02,Project Nova,cpu,2025-03-03,57.98333333333333
mac-02,Project Nova,cpu,2025-03-04,57.10833333333333
mac-02,Project Nova,cpu,2025-03-05,58.28333333333333
mac-02,Project Nova,cpu,2025-03-06,57.9125
mac-02,Project Nova,cpu,2025-03-07,59.52916666666667
mac-02,Project Nova,cpu,2025-03-08,57.1875
mac-02,Project Nova,cpu,2025-03-09,58.11666666666667
mac-02,Project Nova,cpu,2025-03-10,57.63333333333333
mac-02,Project Nova,cpu,2025-03-11,57.7875
mac-02,Project Nova,cpu,2025-03-12,58.50833333333333
mac-02,Project Nova,cpu,2025-03-13,57.38333333333333
mac-02,Project Nova,cpu,2025-03-14,58.20416666666667
mac-02,Project Nova,cpu,2025-03-15,57.012499999999996
mac-02,Project Nova,cpu,2025-03-16,56.76666666666667
mac-02,Project Nova,cpu,2025-03-17,58.03333333333333
mac-02,Project Nova,cpu,2025-03-18,57.92916666666667
mac-02,Project Nova,cpu,2025-03-19,57.762499999999996
mac-02,Project Nova,cpu,2025-03-20,57.8125
mac-02,Project Nova,cpu,2025-03-21,60.04583333333333
mac-02,Project Nova,cpu,2025-03-22,58.0625
mac-02,Project Nova,cpu,2025-03-23,57.1875
mac-02,Project Nova,cpu,2025-03-24,59.03333333333333
mac-02,Project Nova,cpu,2025-03-25,58.125
mac-02,Project Nova,cpu,2025-03-26,57.425000000000004
mac-02,Project Nova,cpu,2025-03-27,57.64166666666667
mac-02,Project Nova,cpu,2025-03-28,57.30416666666667
mac-02,Project Nova,cpu,2025-03-29,60.208333333333336
mac-02,Project Nova,cpu,2025-03-30,58.34583333333333
mac-02,Project Nova,cpu,2025-03-31,59.5
mac-02,Project Nova,cpu,2025-04-01,58.72083333333333
mac-02,Project Nova,cpu,2025-04-02,58.5375
mac-02,Project Nova,cpu,2025-04-03,58.475
mac-02,Project Nova,cpu,2025-04-04,57.44583333333333
mac-02,Project Nova,cpu,2025-04-05,58.199999999999996
mac-02,Project Nova,cpu,2025-04-06,59.13333333333333
mac-02,Project Nova,cpu,2025-04-07,58.854166666666664
mac-02,Project Nova,cpu,2025-04-08,58.63333333333333
mac-02,Project Nova,cpu,2025-04-09,58.041666666666664
mac-02,Project Nova,cpu,2025-04-10,57.5375
mac-02,Project Nova,cpu,2025-04-11,58.987500000000004
mac-02,Project Nova,cpu,2025-04-12,59.1
mac-02,Project Nova,cpu,2025-04-13,56.80416666666667
mac-02,Project Nova,cpu,2025-04-14,58.300000000000004
mac-02,Project Nova,cpu,2025-04-15,57.833333333333336
mac-02,Project Nova,cpu,2025-04-16,58.262499999999996
mac-02,Project Nova,cpu,2025-04-17,58.625
mac-02,Project Nova,cpu,2025-04-18,59.074999999999996
mac-02,Project Nova,cpu,2025-04-19,58.14166666666667
mac-02,Project Nova,cpu,2025-04-20,58.84166666666667
mac-02,Project Nova,cpu,2025-04-21,58.59583333333333
mac-02,Project Nova,cpu,2025-04-22,59.11666666666667
mac-02,Project Nova,cpu,2025-04-23,58.64166666666667
mac-02,Project Nova,cpu,2025-04-24,58.583333333333336
mac-02,Project Nova,cpu,2025-04-25,58.40833333333333
mac-02,Project Nova,cpu,2025-04-26,58.64166666666667
mac-02,Project Nova,cpu,2025-04-27,58.574999999999996
mac-02,Project Nova,cpu,2025-04-28,61.00833333333333
mac-02,Project Nova,cpu,2025-04-29,59.25
mac-02,Project Nova,cpu,2025-04-30,59.50833333333333
mac-02,Project Nova,cpu,2025-05-01,58.800000000000004
mac-02,Project Nova,cpu,2025-05-02,57.82083333333333
mac-02,Project Nova,cpu,2025-05-03,59.270833333333336
mac-02,Project Nova,cpu,2025-05-04,58.354166666666664
mac-02,Project Nova,cpu,2025-05-05,59.050000000000004
mac-02,Project Nova,cpu,2025-05-06,59.20416666666667
mac-02,Project Nova,cpu,2025-05-07,59.34583333333333
mac-02,Project Nova,cpu,2025-05-08,58.99166666666667
mac-02,Project Nova,cpu,2025-05-09,58.99166666666667
mac-02,Project Nova,cpu,2025-05-10,59.4
mac-02,Project Nova,cpu,2025-05-11,58.612500000000004
mac-02,Project Nova,cpu,2025-05-12,58.887499999999996
mac-02,Project Nova,cpu,2025-05-13,59.98333333333333
mac-02,Project Nova,cpu,2025-05-14,60.62083333333334
mac-02,Project Nova,cpu,2025-05-15,59.550000000000004
mac-02,Project Nova,cpu,2025-05-16,59.24583333333334
mac-02,Project Nova,cpu,2025-05-17,58.40416666666667
mac-02,Project Nova,cpu,2025-05-18,59.0
mac-02,Project Nova,cpu,2025-05-19,58.699999999999996
mac-02,Project Nova,cpu,2025-05-20,58.1
mac-02,Project Nova,cpu,2025-05-21,59.85833333333333
mac-02,Project Nova,cpu,2025-05-22,60.0
mac-02,Project Nova,cpu,2025-05-23,59.208333333333336
mac-02,Project Nova,cpu,2025-05-24,60.70416666666667
mac-02,Project Nova,cpu,2025-05-25,58.925000000000004
mac-02,Project Nova,cpu,2025-05-26,57.854166666666664
mac-02,Project Nova,cpu,2025-05-27,58.44583333333333
mac-02,Project Nova,cpu,2025-05-28,59.09583333333333
mac-02,Project Nova,cpu,2025-05-29,57.92916666666667
mac-02,Project Nova,cpu,2025-05-30,59.74583333333334
mac-02,Project Nova,cpu,2025-05-31,57.458333333333336
mac-02,Project Nova,cpu,2025-06-01,58.625
mac-02,Project Nova,cpu,2025-06-02,59.27916666666667
mac-02,Project Nova,cpu,2025-06-03,60.449999999999996
mac-02,Project Nova,cpu,2025-06-04,60.520833333333336
mac-02,Project Nova,cpu,2025-06-05,59.25416666666667
mac-02,Project Nova,cpu,2025-06-06,60.770833333333336
mac-02,Project Nova,cpu,2025-06-07,60.525
mac-02,Project Nova,cpu,2025-06-08,60.270833333333336
mac-02,Project Nova,cpu,2025-06-09,59.80833333333334
mac-02,Project Nova,cpu,2025-06-10,58.6625
mac-02,Project Nova,cpu,2025-06-11,60.074999999999996
mac-02,Project Nova,cpu,2025-06-12,59.362500000000004
mac-02,Project Nova,cpu,2025-06-13,59.78333333333333
mac-02,Project Nova,cpu,2025-06-14,59.98333333333333
mac-02,Project Nova,cpu,2025-06-15,61.1875
mac-02,Project Nova,cpu,2025-06-16,60.52916666666667
mac-02,Project Nova,cpu,2025-06-17,60.12916666666666
mac-02,Project Nova,cpu,2025-06-18,59.949999999999996
mac-02,Project Nova,cpu,2025-06-19,60.92916666666667
mac-02,Project Nova,cpu,2025-06-20,59.00416666666666
mac-02,Project Nova,cpu,2025-06-21,59.94583333333333
mac-02,Project Nova,cpu,2025-06-22,59.82916666666667
mac-02,Project Nova,cpu,2025-06-23,58.94583333333333
mac-02,Project Nova,cpu,2025-06-24,59.708333333333336
mac-02,Project Nova,cpu,2025-06-25,60.37916666666666
mac-02,Project Nova,cpu,2025-06-26,60.57916666666667
mac-02,Project Nova,cpu,2025-06-27,60.09583333333333
mac-02,Project Nova,cpu,2025-06-28,59.87916666666666
mac-02,Project Nova,cpu,2025-06-29,59.0875
mac-02,Project Nova,cpu,2025-06-30,60.37083333333334
mac-02,Project Nova,cpu,2025-07-01,59.541666666666664
mac-02,Project Nova,cpu,2025-07-02,58.862500000000004
mac-02,Project Nova,cpu,2025-07-03,59.6625
mac-02,Project Nova,cpu,2025-07-04,59.104166666666664
mac-02,Project Nova,cpu,2025-07-05,60.34166666666667
mac-02,Project Nova,cpu,2025-07-06,61.46666666666667
mac-02,Project Nova,cpu,2025-07-07,60.895833333333336
mac-02,Project Nova,cpu,2025-07-08,60.9125
mac-02,Project Nova,cpu,2025-07-09,60.5875
mac-02,Project Nova,cpu,2025-07-10,60.29583333333333
mac-02,Project Nova,cpu,2025-07-11,60.18333333333334
mac-02,Project Nova,cpu,2025-07-12,61.26666666666667
mac-02,Project Nova,cpu,2025-07-13,59.98333333333333
mac-02,Project Nova,cpu,2025-07-14,57.90833333333333
mac-02,Project Nova,cpu,2025-07-15,58.65416666666667
mac-02,Project Nova,cpu,2025-07-16,61.12083333333334
mac-02,Project Nova,cpu,2025-07-17,60.270833333333336
mac-02,Project Nova,cpu,2025-07-18,59.612500000000004
mac-02,Project Nova,cpu,2025-07-19,60.012499999999996
mac-02,Project Nova,cpu,2025-07-20,59.9125
mac-02,Project Nova,cpu,2025-07-21,59.87916666666666
mac-02,Project Nova,cpu,2025-07-22,59.87916666666666
mac-02,Project Nova,cpu,2025-07-23,60.020833333333336
mac-02,Project Nova,cpu,2025-07-24,59.86666666666667
mac-02,Project Nova,cpu,2025-07-25,59.833333333333336
mac-02,Project Nova,cpu,2025-07-26,59.86666666666667
mac-02,Project Nova,cpu,2025-07-27,60.225
mac-02,Project Nova,cpu,2025-07-28,61.80416666666667
mac-02,Project Nova,cpu,2025-07-29,59.9375
mac-02,Project Nova,cpu,2025-07-30,60.1875
mac-02,Project Nova,cpu,2025-07-31,60.166666666666664
mac-02,Project Nova,cpu,2025-08-01,59.5625
mac-02,Project Nova,cpu,2025-08-02,60.0875
mac-02,Project Nova,cpu,2025-08-03,59.612500000000004
mac-02,Project Nova,cpu,2025-08-04,61.04583333333333
mac-02,Project Nova,cpu,2025-08-05,60.63333333333333
mac-02,Project Nova,cpu,2025-08-06,60.574999999999996
mac-02,Project Nova,cpu,2025-08-07,60.88333333333333
mac-02,Project Nova,cpu,2025-08-08,60.99166666666667
mac-02,Project Nova,cpu,2025-08-09,60.28333333333333
mac-02,Project Nova,cpu,2025-08-10,61.0625
mac-02,Project Nova,cpu,2025-08-11,60.104166666666664
mac-02,Project Nova,cpu,2025-08-12,61.42916666666667
mac-02,Project Nova,cpu,2025-08-13,59.354166666666664
mac-02,Project Nova,cpu,2025-08-14,59.729166666666664
mac-02,Project Nova,cpu,2025-08-15,59.67083333333333
mac-02,Project Nova,cpu,2025-08-16,60.229166666666664
mac-02,Project Nova,cpu,2025-08-17,60.275
mac-02,Project Nova,cpu,2025-08-18,60.0
mac-02,Project Nova,cpu,2025-08-19,59.67916666666667
mac-02,Project Nova,cpu,2025-08-20,59.974999999999994
mac-02,Project Nova,cpu,2025-08-21,60.479166666666664
mac-02,Project Nova,cpu,2025-08-22,61.09583333333333
mac-02,Project Nova,cpu,2025-08-23,60.050000000000004
mac-02,Project Nova,cpu,2025-08-24,61.762499999999996
mac-02,Project Nova,cpu,2025-08-25,60.8125
mac-02,Project Nova,cpu,2025-08-26,60.645833333333336
mac-02,Project Nova,cpu,2025-08-27,60.81666666666666
mac-02,Project Nova,cpu,2025-08-28,61.35
mac-02,Project Nova,cpu,2025-08-29,60.52916666666667
mac-02,Project Nova,cpu,2025-08-30,59.92916666666667
mac-02,Project Nova,cpu,2025-08-31,60.55833333333334
mac-02,Project Nova,cpu,2025-09-01,60.083333333333336
mac-02,Project Nova,cpu,2025-09-02,60.98333333333333
mac-02,Project Nova,cpu,2025-09-03,61.09583333333333
mac-02,Project Nova,cpu,2025-09-04,61.125
mac-02,Project Nova,cpu,2025-09-05,61.675000000000004
mac-02,Project Nova,cpu,2025-09-06,60.85
mac-02,Project Nova,cpu,2025-09-07,60.60833333333334
mac-02,Project Nova,cpu,2025-09-08,60.520833333333336
mac-02,Project Nova,cpu,2025-09-09,60.56666666666666
mac-02,Project Nova,cpu,2025-09-10,59.21666666666667
mac-02,Project Nova,cpu,2025-09-11,60.02916666666667
mac-02,Project Nova,cpu,2025-09-12,61.637499999999996
mac-02,Project Nova,cpu,2025-09-13,61.04583333333333
mac-02,Project Nova,cpu,2025-09-14,60.925000000000004
mac-02,Project Nova,cpu,2025-09-15,61.762499999999996
mac-02,Project Nova,cpu,2025-09-16,62.05833333333334
mac-02,Project Nova,cpu,2025-09-17,61.59166666666667
mac-02,Project Nova,cpu,2025-09-18,62.35
mac-02,Project Nova,cpu,2025-09-19,60.237500000000004
mac-02,Project Nova,cpu,2025-09-20,60.81666666666666
mac-02,Project Nova,cpu,2025-09-21,61.09166666666667
mac-02,Project Nova,cpu,2025-09-22,61.237500000000004
mac-02,Project Nova,cpu,2025-09-23,60.6875
mac-02,Project Nova,cpu,2025-09-24,61.15
mac-02,Project Nova,cpu,2025-09-25,61.11666666666667
mac-02,Project Nova,cpu,2025-09-26,61.4125
mac-02,Project Nova,cpu,2025-09-27,62.291666666666664
mac-02,Project Nova,cpu,2025-09-28,62.14166666666667
mac-02,Project Nova,cpu,2025-09-29,62.10833333333333
mac-02,Project Nova,cpu,2025-09-30,60.708333333333336
mac-02,Project Nova,cpu,2025-10-01,60.67083333333333
mac-02,Project Nova,cpu,2025-10-02,60.77916666666667
mac-02,Project Nova,cpu,2025-10-03,60.887499999999996
mac-02,Project Nova,cpu,2025-10-04,62.31666666666666
mac-02,Project Nova,cpu,2025-10-05,60.125
mac-02,Project Nova,cpu,2025-10-06,60.67916666666667
mac-02,Project Nova,cpu,2025-10-07,61.40833333333333
mac-02,Project Nova,cpu,2025-10-08,62.40416666666667
mac-02,Project Nova,cpu,2025-10-09,61.541666666666664
mac-02,Project Nova,cpu,2025-10-10,61.34166666666667
mac-02,Project Nova,cpu,2025-10-11,61.875
mac-02,Project Nova,cpu,2025-10-12,61.55416666666667
mac-02,Project Nova,cpu,2025-10-13,61.699999999999996
mac-02,Project Nova,cpu,2025-10-14,61.770833333333336
mac-02,Project Nova,cpu,2025-10-15,61.79583333333333
mac-02,Project Nova,cpu,2025-10-16,60.887499999999996
mac-02,Project Nova,cpu,2025-10-17,60.520833333333336
mac-02,Project Nova,cpu,2025-10-18,61.47083333333333
mac-02,Project Nova,cpu,2025-10-19,61.73333333333333
mac-02,Project Nova,cpu,2025-10-20,61.791666666666664
mac-02,Project Nova,cpu,2025-10-21,61.51666666666667
mac-02,Project Nova,cpu,2025-10-22,59.729166666666664
mac-02,Project Nova,cpu,2025-10-23,62.82083333333333
mac-02,Project Nova,cpu,2025-10-24,61.75833333333333
mac-02,Project Nova,cpu,2025-10-25,61.050000000000004
mac-02,Project Nova,cpu,2025-10-26,62.020833333333336
mac-02,Project Nova,cpu,2025-10-27,61.699999999999996
mac-02,Project Nova,cpu,2025-10-28,62.12916666666666
mac-02,Project Nova,cpu,2025-10-29,60.99583333333334
mac-02,Project Nova,cpu,2025-10-30,59.5
mac-02,Project Nova,cpu,2025-10-31,61.79583333333333
mac-02,Project Nova,cpu,2025-11-01,61.65416666666667
mac-02,Project Nova,cpu,2025-11-02,61.93333333333334
mac-02,Project Nova,cpu,2025-11-03,62.18333333333334
mac-02,Project Nova,cpu,2025-11-04,63.0
mac-02,Project Nova,cpu,2025-11-05,61.020833333333336
mac-02,Project Nova,cpu,2025-11-06,60.791666666666664
mac-02,Project Nova,cpu,2025-11-07,61.42083333333333
mac-02,Project Nova,cpu,2025-11-08,60.79583333333333
mac-02,Project Nova,cpu,2025-11-09,61.43333333333334
mac-02,Project Nova,cpu,2025-11-10,63.887499999999996
mac-02,Project Nova,cpu,2025-11-11,61.55416666666667
mac-02,Project Nova,cpu,2025-11-12,61.62083333333334
mac-02,Project Nova,cpu,2025-11-13,62.74166666666667
mac-02,Project Nova,cpu,2025-11-14,62.03333333333333
mac-02,Project Nova,cpu,2025-11-15,61.96666666666667
mac-02,Project Nova,cpu,2025-11-16,60.56666666666666
mac-02,Project Nova,cpu,2025-11-17,61.56666666666666
mac-02,Project Nova,cpu,2025-11-18,62.29583333333333
mac-02,Project Nova,cpu,2025-11-19,61.145833333333336
mac-02,Project Nova,cpu,2025-11-20,61.67916666666667
mac-02,Project Nova,cpu,2025-11-21,62.72083333333333
mac-02,Project Nova,cpu,2025-11-22,63.775
mac-02,Project Nova,cpu,2025-11-23,60.8125
mac-02,Project Nova,cpu,2025-11-24,60.50833333333333
mac-02,Project Nova,cpu,2025-11-25,62.99166666666667
mac-02,Project Nova,cpu,2025-11-26,61.78333333333333
mac-02,Project Nova,cpu,2025-11-27,61.17083333333333
mac-02,Project Nova,cpu,2025-11-28,61.25
mac-02,Project Nova,cpu,2025-11-29,62.26666666666667
mac-02,Project Nova,cpu,2025-11-30,62.63333333333333
mac-02,Project Nova,cpu,2025-12-01,63.5875
mac-02,Project Nova,cpu,2025-12-02,62.68333333333334
mac-02,Project Nova,cpu,2025-12-03,62.75416666666666
mac-02,Project Nova,cpu,2025-12-04,61.0
mac-02,Project Nova,cpu,2025-12-05,63.00833333333333
mac-02,Project Nova,cpu,2025-12-06,62.96666666666667
mac-02,Project Nova,cpu,2025-12-07,62.3125
mac-02,Project Nova,cpu,2025-12-08,61.90833333333333
mac-02,Project Nova,cpu,2025-12-09,61.737500000000004
mac-02,Project Nova,cpu,2025-12-10,61.8125
mac-02,Project Nova,cpu,2025-12-11,62.72083333333333
mac-02,Project Nova,cpu,2025-12-12,61.34583333333333
mac-02,Project Nova,cpu,2025-12-13,62.25416666666667
mac-02,Project Nova,cpu,2025-12-14,62.32083333333333
mac-02,Project Nova,cpu,2025-12-15,62.27916666666667
mac-02,Project Nova,cpu,2025-12-16,61.762499999999996
mac-02,Project Nova,cpu,2025-12-17,62.09583333333333
mac-02,Project Nova,cpu,2025-12-18,63.44166666666666
mac-02,Project Nova,cpu,2025-12-19,62.862500000000004
mac-02,Project Nova,cpu,2025-12-20,62.637499999999996
mac-02,Project Nova,cpu,2025-12-21,62.275
mac-02,Project Nova,cpu,2025-12-22,61.52916666666667
mac-02,Project Nova,cpu,2025-12-23,61.787499999999994
mac-02,Project Nova,cpu,2025-12-24,62.041666666666664
mac-02,Project Nova,cpu,2025-12-25,63.550000000000004
mac-02,Project Nova,cpu,2025-12-26,62.208333333333336
mac-02,Project Nova,cpu,2025-12-27,62.824999999999996
mac-02,Project Nova,cpu,2025-12-28,62.145833333333336
mac-02,Project Nova,cpu,2025-12-29,62.20416666666667
mac-02,Project Nova,cpu,2025-12-30,61.82916666666667
mac-02,Project Nova,cpu,2025-12-31,62.4
mac-02,Project Nova,disk,2025-01-01,68.01416666666667
mac-02,Project Nova,disk,2025-01-02,67.0725
mac-02,Project Nova,disk,2025-01-03,68.01291666666667
mac-02,Project Nova,disk,2025-01-04,67.47083333333333
mac-02,Project Nova,disk,2025-01-05,68.59958333333334
mac-02,Project Nova,disk,2025-01-06,68.69958333333334
mac-02,Project Nova,disk,2025-01-07,68.52541666666666
mac-02,Project Nova,disk,2025-01-08,66.83583333333333
mac-02,Project Nova,disk,2025-01-09,68.54625
mac-02,Project Nova,disk,2025-01-10,68.41583333333334
mac-02,Project Nova,disk,2025-01-11,68.70166666666667
mac-02,Project Nova,disk,2025-01-12,68.29416666666667
mac-02,Project Nova,disk,2025-01-13,69.56875000000001
mac-02,Project Nova,disk,2025-01-14,68.14
mac-02,Project Nova,disk,2025-01-15,69.2975
mac-02,Project Nova,disk,2025-01-16,68.0925
mac-02,Project Nova,disk,2025-01-17,69.06916666666667
mac-02,Project Nova,disk,2025-01-18,67.72625000000001
mac-02,Project Nova,disk,2025-01-19,68.32708333333333
mac-02,Project Nova,disk,2025-01-20,68.13541666666667
mac-02,Project Nova,disk,2025-01-21,67.34916666666668
mac-02,Project Nova,disk,2025-01-22,68.99
mac-02,Project Nova,disk,2025-01-23,69.06833333333334
mac-02,Project Nova,disk,2025-01-24,69.535
mac-02,Project Nova,disk,2025-01-25,67.91083333333333
mac-02,Project Nova,disk,2025-01-26,69.04416666666667
mac-02,Project Nova,disk,2025-01-27,68.94458333333334
mac-02,Project Nova,disk,2025-01-28,69.07416666666667
mac-02,Project Nova,disk,2025-01-29,70.23125
mac-02,Project Nova,disk,2025-01-30,69.12124999999999
mac-02,Project Nova,disk,2025-01-31,69.16166666666666
mac-02,Project Nova,disk,2025-02-01,68.9875
mac-02,Project Nova,disk,2025-02-02,69.15458333333333
mac-02,Project Nova,disk,2025-02-03,68.86125
mac-02,Project Nova,disk,2025-02-04,66.72333333333333
mac-02,Project Nova,disk,2025-02-05,69.09416666666667
mac-02,Project Nova,disk,2025-02-06,68.89
mac-02,Project Nova,disk,2025-02-07,67.70541666666666
mac-02,Project Nova,disk,2025-02-08,68.25875
mac-02,Project Nova,disk,2025-02-09,69.27166666666666
mac-02,Project Nova,disk,2025-02-10,67.74125
mac-02,Project Nova,disk,2025-02-11,67.62791666666666
mac-02,Project Nova,disk,2025-02-12,69.96333333333334
mac-02,Project Nova,disk,2025-02-13,68.25625000000001
mac-02,Project Nova,disk,2025-02-14,70.34541666666667
mac-02,Project Nova,disk,2025-02-15,69.47500000000001
mac-02,Project Nova,disk,2025-02-16,68.06666666666666
mac-02,Project Nova,disk,2025-02-17,69.81833333333334
mac-02,Project Nova,disk,2025-02-18,69.77583333333334
mac-02,Project Nova,disk,2025-02-19,69.66083333333333
mac-02,Project Nova,disk,2025-02-20,68.8225
mac-02,Project Nova,disk,2025-02-21,70.26083333333334
mac-02,Project Nova,disk,2025-02-22,69.67666666666666
mac-02,Project Nova,disk,2025-02-23,68.85583333333334
mac-02,Project Nova,disk,2025-02-24,67.52416666666666
mac-02,Project Nova,disk,2025-02-25,67.35166666666667
mac-02,Project Nova,disk,2025-02-26,68.03875000000001
mac-02,Project Nova,disk,2025-02-27,70.88375
mac-02,Project Nova,disk,2025-02-28,69.3775
mac-02,Project Nova,disk,2025-03-01,70.34916666666666
mac-02,Project Nova,disk,2025-03-02,69.42
mac-02,Project Nova,disk,2025-03-03,68.05291666666666
mac-02,Project Nova,disk,2025-03-04,70.19708333333334
mac-02,Project Nova,disk,2025-03-05,69.42666666666666
mac-02,Project Nova,disk,2025-03-06,71.13791666666667
mac-02,Project Nova,disk,2025-03-07,68.99208333333333
mac-02,Project Nova,disk,2025-03-08,69.99708333333334
mac-02,Project Nova,disk,2025-03-09,69.30458333333333
mac-02,Project Nova,disk,2025-03-10,69.34708333333333
mac-02,Project Nova,disk,2025-03-11,69.74541666666666
mac-02,Project Nova,disk,2025-03-12,68.16833333333334
mac-02,Project Nova,disk,2025-03-13,68.34875
mac-02,Project Nova,disk,2025-03-14,68.00333333333333
mac-02,Project Nova,disk,2025-03-15,68.97458333333334
mac-02,Project Nova,disk,2025-03-16,68.96041666666666
mac-02,Project Nova,disk,2025-03-17,68.435
mac-02,Project Nova,disk,2025-03-18,69.49708333333334
mac-02,Project Nova,disk,2025-03-19,69.08458333333333
mac-02,Project Nova,disk,2025-03-20,68.73333333333333
mac-02,Project Nova,disk,2025-03-21,68.75875
mac-02,Project Nova,disk,2025-03-22,68.70625
mac-02,Project Nova,disk,2025-03-23,69.53833333333334
mac-02,Project Nova,disk,2025-03-24,70.65041666666667
mac-02,Project Nova,disk,2025-03-25,68.89
mac-02,Project Nova,disk,2025-03-26,68.97375
mac-02,Project Nova,disk,2025-03-27,67.94916666666667
mac-02,Project Nova,disk,2025-03-28,68.125
mac-02,Project Nova,disk,2025-03-29,70.63916666666667
mac-02,Project Nova,disk,2025-03-30,69.69500000000001
mac-02,Project Nova,disk,2025-03-31,69.43375
mac-02,Project Nova,disk,2025-04-01,68.285
mac-02,Project Nova,disk,2025-04-02,69.33041666666666
mac-02,Project Nova,disk,2025-04-03,68.73875
mac-02,Project Nova,disk,2025-04-04,69.83125
mac-02,Project Nova,disk,2025-04-05,69.28583333333333
mac-02,Project Nova,disk,2025-04-06,70.55875
mac-02,Project Nova,disk,2025-04-07,70.19875
mac-02,Project Nova,disk,2025-04-08,69.21916666666667
mac-02,Project Nova,disk,2025-04-09,69.7325
mac-02,Project Nova,disk,2025-04-10,69.51708333333333
mac-02,Project Nova,disk,2025-04-11,69.64625
mac-02,Project Nova,disk,2025-04-12,70.4325
mac-02,Project Nova,disk,2025-04-13,69.18416666666667
mac-02,Project Nova,disk,2025-04-14,70.23708333333333
mac-02,Project Nova,disk,2025-04-15,70.08624999999999
mac-02,Project Nova,disk,2025-04-16,69.15041666666666
mac-02,Project Nova,disk,2025-04-17,68.34333333333333
mac-02,Project Nova,disk,2025-04-18,69.10416666666667
mac-02,Project Nova,disk,2025-04-19,70.07541666666667
mac-02,Project Nova,disk,2025-04-20,70.11333333333333
mac-02,Project Nova,disk,2025-04-21,70.05291666666666
mac-02,Project Nova,disk,2025-04-22,70.14333333333333
mac-02,Project Nova,disk,2025-04-23,69.48833333333333
mac-02,Project Nova,disk,2025-04-24,69.93875
mac-02,Project Nova,disk,2025-04-25,69.925
mac-02,Project Nova,disk,2025-04-26,69.77458333333333
mac-02,Project Nova,disk,2025-04-27,69.72375
mac-02,Project Nova,disk,2025-04-28,70.31666666666668
mac-02,Project Nova,disk,2025-04-29,70.12375
mac-02,Project Nova,disk,2025-04-30,69.34208333333333
mac-02,Project Nova,disk,2025-05-01,69.65291666666667
mac-02,Project Nova,disk,2025-05-02,70.55
mac-02,Project Nova,disk,2025-05-03,70.46666666666667
mac-02,Project Nova,disk,2025-05-04,69.94708333333334
mac-02,Project Nova,disk,2025-05-05,69.935
mac-02,Project Nova,disk,2025-05-06,69.04458333333334
mac-02,Project Nova,disk,2025-05-07,69.48333333333333
mac-02,Project Nova,disk,2025-05-08,70.38083333333334
mac-02,Project Nova,disk,2025-05-09,69.66
mac-02,Project Nova,disk,2025-05-10,69.50833333333334
mac-02,Project Nova,disk,2025-05-11,69.37708333333333
mac-02,Project Nova,disk,2025-05-12,69.91416666666667
mac-02,Project Nova,disk,2025-05-13,69.21416666666667
mac-02,Project Nova,disk,2025-05-14,71.03958333333334
mac-02,Project Nova,disk,2025-05-15,72.14375
mac-02,Project Nova,disk,2025-05-16,68.95708333333333
mac-02,Project Nova,disk,2025-05-17,70.52958333333333
mac-02,Project Nova,disk,2025-05-18,69.52374999999999
mac-02,Project Nova,disk,2025-05-19,71.05499999999999
mac-02,Project Nova,disk,2025-05-20,69.74291666666666
mac-02,Project Nova,disk,2025-05-21,70.85125000000001
mac-02,Project Nova,disk,2025-05-22,69.44708333333334
mac-02,Project Nova,disk,2025-05-23,71.35708333333334
mac-02,Project Nova,disk,2025-05-24,71.40291666666667
mac-02,Project Nova,disk,2025-05-25,71.39375
mac-02,Project Nova,disk,2025-05-26,69.48583333333333
mac-02,Project Nova,disk,2025-05-27,70.59291666666667
mac-02,Project Nova,disk,2025-05-28,68.62375
mac-02,Project Nova,disk,2025-05-29,71.44375000000001
mac-02,Project Nova,disk,2025-05-30,69.61791666666666
mac-02,Project Nova,disk,2025-05-31,70.82583333333334
mac-02,Project Nova,disk,2025-06-01,69.58916666666666
mac-02,Project Nova,disk,2025-06-02,68.9575
mac-02,Project Nova,disk,2025-06-03,69.87458333333333
mac-02,Project Nova,disk,2025-06-04,70.06041666666667
mac-02,Project Nova,disk,2025-06-05,71.80791666666666
mac-02,Project Nova,disk,2025-06-06,70.10916666666667
mac-02,Project Nova,disk,2025-06-07,70.03750000000001
mac-02,Project Nova,disk,2025-06-08,69.83875
mac-02,Project Nova,disk,2025-06-09,69.77666666666667
mac-02,Project Nova,disk,2025-06-10,71.17041666666667
mac-02,Project Nova,disk,2025-06-11,71.22083333333333
mac-02,Project Nova,disk,2025-06-12,70.45708333333333
mac-02,Project Nova,disk,2025-06-13,70.79041666666667
mac-02,Project Nova,disk,2025-06-14,68.44625
mac-02,Project Nova,disk,2025-06-15,69.32083333333334
mac-02,Project Nova,disk,2025-06-16,71.37666666666667
mac-02,Project Nova,disk,2025-06-17,70.67333333333333
mac-02,Project Nova,disk,2025-06-18,71.10791666666667
mac-02,Project Nova,disk,2025-06-19,70.64125
mac-02,Project Nova,disk,2025-06-20,71.55083333333333
mac-02,Project Nova,disk,2025-06-21,71.95041666666667
mac-02,Project Nova,disk,2025-06-22,70.3525
mac-02,Project Nova,disk,2025-06-23,69.67999999999999
mac-02,Project Nova,disk,2025-06-24,69.81458333333333
mac-02,Project Nova,disk,2025-06-25,70.56375
mac-02,Project Nova,disk,2025-06-26,70.74
mac-02,Project Nova,disk,2025-06-27,71.035
mac-02,Project Nova,disk,2025-06-28,71.54583333333333
mac-02,Project Nova,disk,2025-06-29,69.16
mac-02,Project Nova,disk,2025-06-30,70.42833333333333
mac-02,Project Nova,disk,2025-07-01,70.56791666666666
mac-02,Project Nova,disk,2025-07-02,70.49583333333334
mac-02,Project Nova,disk,2025-07-03,70.29583333333333
mac-02,Project Nova,disk,2025-07-04,71.15041666666666
mac-02,Project Nova,disk,2025-07-05,70.6475
mac-02,Project Nova,disk,2025-07-06,71.2175
mac-02,Project Nova,disk,2025-07-07,71.24916666666667
mac-02,Project Nova,disk,2025-07-08,70.20333333333333
mac-02,Project Nova,disk,2025-07-09,71.68041666666666
mac-02,Project Nova,disk,2025-07-10,72.07458333333334
mac-02,Project Nova,disk,2025-07-11,70.49458333333332
mac-02,Project Nova,disk,2025-07-12,71.005
mac-02,Project Nova,disk,2025-07-13,71.94833333333334
mac-02,Project Nova,disk,2025-07-14,70.86541666666666
mac-02,Project Nova,disk,2025-07-15,70.44
mac-02,Project Nova,disk,2025-07-16,69.84125
mac-02,Project Nova,disk,2025-07-17,71.16041666666666
mac-02,Project Nova,disk,2025-07-18,71.47958333333334
mac-02,Project Nova,disk,2025-07-19,69.94416666666667
mac-02,Project Nova,disk,2025-07-20,69.87875
mac-02,Project Nova,disk,2025-07-21,70.895
mac-02,Project Nova,disk,2025-07-22,71.79541666666667
mac-02,Project Nova,disk,2025-07-23,70.81541666666666
mac-02,Project Nova,disk,2025-07-24,71.56625
mac-02,Project Nova,disk,2025-07-25,71.05916666666667
mac-02,Project Nova,disk,2025-07-26,71.01541666666667
mac-02,Project Nova,disk,2025-07-27,70.5425
mac-02,Project Nova,disk,2025-07-28,71.39708333333333
mac-02,Project Nova,disk,2025-07-29,72.16041666666666
mac-02,Project Nova,disk,2025-07-30,71.41
mac-02,Project Nova,disk,2025-07-31,71.655
mac-02,Project Nova,disk,2025-08-01,70.67
mac-02,Project Nova,disk,2025-08-02,71.28375
mac-02,Project Nova,disk,2025-08-03,72.8875
mac-02,Project Nova,disk,2025-08-04,70.83708333333333
mac-02,Project Nova,disk,2025-08-05,70.17208333333333
mac-02,Project Nova,disk,2025-08-06,71.55583333333333
mac-02,Project Nova,disk,2025-08-07,72.29166666666667
mac-02,Project Nova,disk,2025-08-08,71.605
mac-02,Project Nova,disk,2025-08-09,69.55708333333332
mac-02,Project Nova,disk,2025-08-10,71.11541666666666
mac-02,Project Nova,disk,2025-08-11,71.05208333333333
mac-02,Project Nova,disk,2025-08-12,71.81125
mac-02,Project Nova,disk,2025-08-13,71.29333333333334
mac-02,Project Nova,disk,2025-08-14,70.11125
mac-02,Project Nova,disk,2025-08-15,70.30416666666666
mac-02,Project Nova,disk,2025-08-16,72.865
mac-02,Project Nova,disk,2025-08-17,71.28416666666666
mac-02,Project Nova,disk,2025-08-18,71.46083333333333
mac-02,Project Nova,disk,2025-08-19,70.66375000000001
mac-02,Project Nova,disk,2025-08-20,71.85041666666667
mac-02,Project Nova,disk,2025-08-21,71.53166666666667
mac-02,Project Nova,disk,2025-08-22,70.77583333333334
mac-02,Project Nova,disk,2025-08-23,70.43958333333333
mac-02,Project Nova,disk,2025-08-24,72.68833333333333
mac-02,Project Nova,disk,2025-08-25,70.83708333333333
mac-02,Project Nova,disk,2025-08-26,72.43333333333334
mac-02,Project Nova,disk,2025-08-27,73.95125
mac-02,Project Nova,disk,2025-08-28,72.34125
mac-02,Project Nova,disk,2025-08-29,70.37708333333333
mac-02,Project Nova,disk,2025-08-30,71.49875
mac-02,Project Nova,disk,2025-08-31,70.57625
mac-02,Project Nova,disk,2025-09-01,72.89
mac-02,Project Nova,disk,2025-09-02,71.5925
mac-02,Project Nova,disk,2025-09-03,71.87708333333333
mac-02,Project Nova,disk,2025-09-04,71.7175
mac-02,Project Nova,disk,2025-09-05,71.6075
mac-02,Project Nova,disk,2025-09-06,73.40375
mac-02,Project Nova,disk,2025-09-07,70.81208333333333
mac-02,Project Nova,disk,2025-09-08,71.4275
mac-02,Project Nova,disk,2025-09-09,71.42416666666666
mac-02,Project Nova,disk,2025-09-10,70.51166666666667
mac-02,Project Nova,disk,2025-09-11,72.84916666666668
mac-02,Project Nova,disk,2025-09-12,71.32166666666667
mac-02,Project Nova,disk,2025-09-13,71.46875
mac-02,Project Nova,disk,2025-09-14,71.96916666666667
mac-02,Project Nova,disk,2025-09-15,72.7
mac-02,Project Nova,disk,2025-09-16,71.1875
mac-02,Project Nova,disk,2025-09-17,72.79583333333333
mac-02,Project Nova,disk,2025-09-18,71.85083333333334
mac-02,Project Nova,disk,2025-09-19,71.76666666666667
mac-02,Project Nova,disk,2025-09-20,71.37083333333334
mac-02,Project Nova,disk,2025-09-21,72.17875
mac-02,Project Nova,disk,2025-09-22,71.18291666666667
mac-02,Project Nova,disk,2025-09-23,71.32375
mac-02,Project Nova,disk,2025-09-24,72.14708333333333
mac-02,Project Nova,disk,2025-09-25,71.9725
mac-02,Project Nova,disk,2025-09-26,73.68375
mac-02,Project Nova,disk,2025-09-27,71.8225
mac-02,Project Nova,disk,2025-09-28,72.14
mac-02,Project Nova,disk,2025-09-29,72.72125
mac-02,Project Nova,disk,2025-09-30,71.61749999999999
mac-02,Project Nova,disk,2025-10-01,73.3025
mac-02,Project Nova,disk,2025-10-02,72.67
mac-02,Project Nova,disk,2025-10-03,72.24666666666667
mac-02,Project Nova,disk,2025-10-04,74.22708333333334
mac-02,Project Nova,disk,2025-10-05,73.78041666666667
mac-02,Project Nova,disk,2025-10-06,72.04583333333333
mac-02,Project Nova,disk,2025-10-07,71.27083333333333
mac-02,Project Nova,disk,2025-10-08,72.99583333333334
mac-02,Project Nova,disk,2025-10-09,72.78375
mac-02,Project Nova,disk,2025-10-10,72.41583333333334
mac-02,Project Nova,disk,2025-10-11,71.70916666666666
mac-02,Project Nova,disk,2025-10-12,72.07041666666667
mac-02,Project Nova,disk,2025-10-13,72.30541666666666
mac-02,Project Nova,disk,2025-10-14,74.12375
mac-02,Project Nova,disk,2025-10-15,72.36458333333333
mac-02,Project Nova,disk,2025-10-16,72.85958333333333
mac-02,Project Nova,disk,2025-10-17,72.02583333333334
mac-02,Project Nova,disk,2025-10-18,71.20875
mac-02,Project Nova,disk,2025-10-19,72.57166666666667
mac-02,Project Nova,disk,2025-10-20,71.14291666666666
mac-02,Project Nova,disk,2025-10-21,72.11666666666666
mac-02,Project Nova,disk,2025-10-22,73.16666666666667
mac-02,Project Nova,disk,2025-10-23,73.40166666666666
mac-02,Project Nova,disk,2025-10-24,72.23333333333333
mac-02,Project Nova,disk,2025-10-25,72.74166666666666
mac-02,Project Nova,disk,2025-10-26,72.51291666666667
mac-02,Project Nova,disk,2025-10-27,73.75208333333333
mac-02,Project Nova,disk,2025-10-28,72.25125
mac-02,Project Nova,disk,2025-10-29,71.60000000000001
mac-02,Project Nova,disk,2025-10-30,71.41250000000001
mac-02,Project Nova,disk,2025-10-31,72.69291666666668
mac-02,Project Nova,disk,2025-11-01,72.61625
mac-02,Project Nova,disk,2025-11-02,72.48375
mac-02,Project Nova,disk,2025-11-03,73.06958333333333
mac-02,Project Nova,disk,2025-11-04,72.56125
mac-02,Project Nova,disk,2025-11-05,73.04666666666667
mac-02,Project Nova,disk,2025-11-06,73.10291666666667
mac-02,Project Nova,disk,2025-11-07,72.37416666666667
mac-02,Project Nova,disk,2025-11-08,73.96208333333333
mac-02,Project Nova,disk,2025-11-09,74.05749999999999
mac-02,Project Nova,disk,2025-11-10,73.60041666666667
mac-02,Project Nova,disk,2025-11-11,73.52499999999999
mac-02,Project Nova,disk,2025-11-12,72.20958333333333
mac-02,Project Nova,disk,2025-11-13,72.92375
mac-02,Project Nova,disk,2025-11-14,72.49
mac-02,Project Nova,disk,2025-11-15,73.14458333333333
mac-02,Project Nova,disk,2025-11-16,74.07791666666667
mac-02,Project Nova,disk,2025-11-17,72.74416666666666
mac-02,Project Nova,disk,2025-11-18,73.08125
mac-02,Project Nova,disk,2025-11-19,72.73041666666667
mac-02,Project Nova,disk,2025-11-20,74.52458333333333
mac-02,Project Nova,disk,2025-11-21,73.25750000000001
mac-02,Project Nova,disk,2025-11-22,71.93833333333333
mac-02,Project Nova,disk,2025-11-23,72.61416666666666
mac-02,Project Nova,disk,2025-11-24,72.73416666666667
mac-02,Project Nova,disk,2025-11-25,73.88333333333334
mac-02,Project Nova,disk,2025-11-26,74.05708333333332
mac-02,Project Nova,disk,2025-11-27,73.09125
mac-02,Project Nova,disk,2025-11-28,74.23291666666667
mac-02,Project Nova,disk,2025-11-29,72.44166666666666
mac-02,Project Nova,disk,2025-11-30,71.89958333333333
mac-02,Project Nova,disk,2025-12-01,72.45708333333333
mac-02,Project Nova,disk,2025-12-02,71.89708333333333
mac-02,Project Nova,disk,2025-12-03,73.57000000000001
mac-02,Project Nova,disk,2025-12-04,73.33208333333333
mac-02,Project Nova,disk,2025-12-05,72.85958333333333
mac-02,Project Nova,disk,2025-12-06,74.20375
mac-02,Project Nova,disk,2025-12-07,74.35958333333333
mac-02,Project Nova,disk,2025-12-08,73.23083333333334
mac-02,Project Nova,disk,2025-12-09,72.86166666666666
mac-02,Project Nova,disk,2025-12-10,73.03291666666667
mac-02,Project Nova,disk,2025-12-11,72.52541666666666
mac-02,Project Nova,disk,2025-12-12,74.21583333333334
mac-02,Project Nova,disk,2025-12-13,73.86874999999999
mac-02,Project Nova,disk,2025-12-14,73.58874999999999
mac-02,Project Nova,disk,2025-12-15,73.38250000000001
mac-02,Project Nova,disk,2025-12-16,73.59666666666666
mac-02,Project Nova,disk,2025-12-17,72.80333333333333
mac-02,Project Nova,disk,2025-12-18,73.22708333333334
mac-02,Project Nova,disk,2025-12-19,73.21958333333333
mac-02,Project Nova,disk,2025-12-20,74.20333333333333
mac-02,Project Nova,disk,2025-12-21,74.37541666666667
mac-02,Project Nova,disk,2025-12-22,73.6775
mac-02,Project Nova,disk,2025-12-23,72.82041666666667
mac-02,Project Nova,disk,2025-12-24,73.645
mac-02,Project Nova,disk,2025-12-25,72.89125
mac-02,Project Nova,disk,2025-12-26,74.23
mac-02,Project Nova,disk,2025-12-27,74.74666666666667
mac-02,Project Nova,disk,2025-12-28,74.68916666666667
mac-02,Project Nova,disk,2025-12-29,74.78583333333333
mac-02,Project Nova,disk,2025-12-30,73.74
mac-02,Project Nova,disk,2025-12-31,74.31125
mac-02,Project Nova,ram,2025-01-01,61.26291666666666
mac-02,Project Nova,ram,2025-01-02,60.431666666666665
mac-02,Project Nova,ram,2025-01-03,60.517500000000005
mac-02,Project Nova,ram,2025-01-04,60.18833333333333
mac-02,Project Nova,ram,2025-01-05,60.84916666666667
mac-02,Project Nova,ram,2025-01-06,60.7925
mac-02,Project Nova,ram,2025-01-07,61.220416666666665
mac-02,Project Nova,ram,2025-01-08,60.85375
mac-02,Project Nova,ram,2025-01-09,61.23208333333333
mac-02,Project Nova,ram,2025-01-10,62.662083333333335
mac-02,Project Nova,ram,2025-01-11,62.4375
mac-02,Project Nova,ram,2025-01-12,60.884166666666665
mac-02,Project Nova,ram,2025-01-13,60.55416666666667
mac-02,Project Nova,ram,2025-01-14,59.095
mac-02,Project Nova,ram,2025-01-15,61.599583333333335
mac-02,Project Nova,ram,2025-01-16,60.89333333333334
mac-02,Project Nova,ram,2025-01-17,60.67416666666667
mac-02,Project Nova,ram,2025-01-18,63.911249999999995
mac-02,Project Nova,ram,2025-01-19,61.449999999999996
mac-02,Project Nova,ram,2025-01-20,59.48916666666667
mac-02,Project Nova,ram,2025-01-21,62.06916666666667
mac-02,Project Nova,ram,2025-01-22,61.64875
mac-02,Project Nova,ram,2025-01-23,60.685
mac-02,Project Nova,ram,2025-01-24,61.14291666666667
mac-02,Project Nova,ram,2025-01-25,62.24125
mac-02,Project Nova,ram,2025-01-26,60.49166666666667
mac-02,Project Nova,ram,2025-01-27,61.20791666666667
mac-02,Project Nova,ram,2025-01-28,61.00333333333333
mac-02,Project Nova,ram,2025-01-29,61.71083333333333
mac-02,Project Nova,ram,2025-01-30,61.39958333333333
mac-02,Project Nova,ram,2025-01-31,62.72
mac-02,Project Nova,ram,2025-02-01,62.42666666666667
mac-02,Project Nova,ram,2025-02-02,62.009166666666665
mac-02,Project Nova,ram,2025-02-03,61.79083333333333
mac-02,Project Nova,ram,2025-02-04,62.51791666666667
mac-02,Project Nova,ram,2025-02-05,61.68666666666667
mac-02,Project Nova,ram,2025-02-06,61.518750000000004
mac-02,Project Nova,ram,2025-02-07,60.95791666666667
mac-02,Project Nova,ram,2025-02-08,60.50125
mac-02,Project Nova,ram,2025-02-09,62.543749999999996
mac-02,Project Nova,ram,2025-02-10,61.00625
mac-02,Project Nova,ram,2025-02-11,61.26708333333334
mac-02,Project Nova,ram,2025-02-12,63.00791666666667
mac-02,Project Nova,ram,2025-02-13,62.2075
mac-02,Project Nova,ram,2025-02-14,61.09916666666666
mac-02,Project Nova,ram,2025-02-15,60.83958333333334
mac-02,Project Nova,ram,2025-02-16,61.965833333333336
mac-02,Project Nova,ram,2025-02-17,62.47416666666666
mac-02,Project Nova,ram,2025-02-18,62.19291666666666
mac-02,Project Nova,ram,2025-02-19,62.83583333333333
mac-02,Project Nova,ram,2025-02-20,63.892500000000005
mac-02,Project Nova,ram,2025-02-21,61.82833333333334
mac-02,Project Nova,ram,2025-02-22,62.87083333333334
mac-02,Project Nova,ram,2025-02-23,63.074999999999996
mac-02,Project Nova,ram,2025-02-24,62.32958333333334
mac-02,Project Nova,ram,2025-02-25,60.340833333333336
mac-02,Project Nova,ram,2025-02-26,63.58541666666667
mac-02,Project Nova,ram,2025-02-27,61.56791666666667
mac-02,Project Nova,ram,2025-02-28,61.59125
mac-02,Project Nova,ram,2025-03-01,62.711666666666666
mac-02,Project Nova,ram,2025-03-02,61.67625
mac-02,Project Nova,ram,2025-03-03,62.12
mac-02,Project Nova,ram,2025-03-04,61.195
mac-02,Project Nova,ram,2025-03-05,61.72
mac-02,Project Nova,ram,2025-03-06,62.78458333333333
mac-02,Project Nova,ram,2025-03-07,61.50875
mac-02,Project Nova,ram,2025-03-08,62.60041666666667
mac-02,Project Nova,ram,2025-03-09,60.72291666666666
mac-02,Project Nova,ram,2025-03-10,60.63041666666666
mac-02,Project Nova,ram,2025-03-11,62.145833333333336
mac-02,Project Nova,ram,2025-03-12,61.32458333333333
mac-02,Project Nova,ram,2025-03-13,61.665
mac-02,Project Nova,ram,2025-03-14,61.440416666666664
mac-02,Project Nova,ram,2025-03-15,62.17166666666666
mac-02,Project Nova,ram,2025-03-16,62.84916666666667
mac-02,Project Nova,ram,2025-03-17,62.54666666666666
mac-02,Project Nova,ram,2025-03-18,60.987500000000004
mac-02,Project Nova,ram,2025-03-19,60.946666666666665
mac-02,Project Nova,ram,2025-03-20,61.9925
mac-02,Project Nova,ram,2025-03-21,61.95041666666666
mac-02,Project Nova,ram,2025-03-22,62.737500000000004
mac-02,Project Nova,ram,2025-03-23,61.34916666666667
mac-02,Project Nova,ram,2025-03-24,63.14458333333334
mac-02,Project Nova,ram,2025-03-25,61.78
mac-02,Project Nova,ram,2025-03-26,62.45708333333334
mac-02,Project Nova,ram,2025-03-27,62.67958333333333
mac-02,Project Nova,ram,2025-03-28,61.99166666666667
mac-02,Project Nova,ram,2025-03-29,61.865
mac-02,Project Nova,ram,2025-03-30,62.13166666666667
mac-02,Project Nova,ram,2025-03-31,61.807500000000005
mac-02,Project Nova,ram,2025-04-01,62.92249999999999
mac-02,Project Nova,ram,2025-04-02,61.8225
mac-02,Project Nova,ram,2025-04-03,62.72708333333333
mac-02,Project Nova,ram,2025-04-04,63.35916666666666
mac-02,Project Nova,ram,2025-04-05,61.793749999999996
mac-02,Project Nova,ram,2025-04-06,61.07541666666666
mac-02,Project Nova,ram,2025-04-07,61.42166666666666
mac-02,Project Nova,ram,2025-04-08,62.93208333333333
mac-02,Project Nova,ram,2025-04-09,63.463750000000005
mac-02,Project Nova,ram,2025-04-10,62.47416666666667
mac-02,Project Nova,ram,2025-04-11,61.23
mac-02,Project Nova,ram,2025-04-12,60.7275
mac-02,Project Nova,ram,2025-04-13,64.01583333333333
mac-02,Project Nova,ram,2025-04-14,62.135
mac-02,Project Nova,ram,2025-04-15,62.44875
mac-02,Project Nova,ram,2025-04-16,63.17249999999999
mac-02,Project Nova,ram,2025-04-17,63.10999999999999
mac-02,Project Nova,ram,2025-04-18,63.95250000000001
mac-02,Project Nova,ram,2025-04-19,63.18166666666667
mac-02,Project Nova,ram,2025-04-20,60.57708333333333
mac-02,Project Nova,ram,2025-04-21,63.26166666666666
mac-02,Project Nova,ram,2025-04-22,62.72958333333333
mac-02,Project Nova,ram,2025-04-23,61.72833333333333
mac-02,Project Nova,ram,2025-04-24,64.30166666666666
mac-02,Project Nova,ram,2025-04-25,62.41
mac-02,Project Nova,ram,2025-04-26,62.80291666666667
mac-02,Project Nova,ram,2025-04-27,62.16291666666667
mac-02,Project Nova,ram,2025-04-28,62.02708333333334
mac-02,Project Nova,ram,2025-04-29,62.647083333333335
mac-02,Project Nova,ram,2025-04-30,63.19625
mac-02,Project Nova,ram,2025-05-01,62.63375
mac-02,Project Nova,ram,2025-05-02,61.326249999999995
mac-02,Project Nova,ram,2025-05-03,63.555416666666666
mac-02,Project Nova,ram,2025-05-04,62.512499999999996
mac-02,Project Nova,ram,2025-05-05,62.708333333333336
mac-02,Project Nova,ram,2025-05-06,63.3375
mac-02,Project Nova,ram,2025-05-07,61.895833333333336
mac-02,Project Nova,ram,2025-05-08,62.18666666666667
mac-02,Project Nova,ram,2025-05-09,63.78541666666666
mac-02,Project Nova,ram,2025-05-10,63.59458333333333
mac-02,Project Nova,ram,2025-05-11,62.435
mac-02,Project Nova,ram,2025-05-12,63.469166666666666
mac-02,Project Nova,ram,2025-05-13,61.643750000000004
mac-02,Project Nova,ram,2025-05-14,63.17333333333334
mac-02,Project Nova,ram,2025-05-15,64.06375
mac-02,Project Nova,ram,2025-05-16,62.94125
mac-02,Project Nova,ram,2025-05-17,60.86875
mac-02,Project Nova,ram,2025-05-18,64.41916666666667
mac-02,Project Nova,ram,2025-05-19,64.13375
mac-02,Project Nova,ram,2025-05-20,62.90416666666667
mac-02,Project Nova,ram,2025-05-21,62.300000000000004
mac-02,Project Nova,ram,2025-05-22,62.65833333333333
mac-02,Project Nova,ram,2025-05-23,63.58041666666667
mac-02,Project Nova,ram,2025-05-24,63.20333333333334
mac-02,Project Nova,ram,2025-05-25,62.78458333333333
mac-02,Project Nova,ram,2025-05-26,61.717083333333335
mac-02,Project Nova,ram,2025-05-27,63.9925
mac-02,Project Nova,ram,2025-05-28,64.42166666666667
mac-02,Project Nova,ram,2025-05-29,61.07708333333333
mac-02,Project Nova,ram,2025-05-30,63.33375
mac-02,Project Nova,ram,2025-05-31,62.4125
mac-02,Project Nova,ram,2025-06-01,63.05166666666667
mac-02,Project Nova,ram,2025-06-02,62.95375000000001
mac-02,Project Nova,ram,2025-06-03,61.562916666666666
mac-02,Project Nova,ram,2025-06-04,64.15208333333334
mac-02,Project Nova,ram,2025-06-05,63.599583333333335
mac-02,Project Nova,ram,2025-06-06,63.77375
mac-02,Project Nova,ram,2025-06-07,63.04541666666666
mac-02,Project Nova,ram,2025-06-08,63.22333333333333
mac-02,Project Nova,ram,2025-06-09,64.17458333333333
mac-02,Project Nova,ram,2025-06-10,64.06416666666667
mac-02,Project Nova,ram,2025-06-11,64.24458333333332
mac-02,Project Nova,ram,2025-06-12,63.62041666666667
mac-02,Project Nova,ram,2025-06-13,63.63666666666666
mac-02,Project Nova,ram,2025-06-14,63.4175
mac-02,Project Nova,ram,2025-06-15,63.15166666666667
mac-02,Project Nova,ram,2025-06-16,61.645
mac-02,Project Nova,ram,2025-06-17,62.16458333333333
mac-02,Project Nova,ram,2025-06-18,62.512499999999996
mac-02,Project Nova,ram,2025-06-19,62.07458333333333
mac-02,Project Nova,ram,2025-06-20,63.42083333333333
mac-02,Project Nova,ram,2025-06-21,64.22375
mac-02,Project Nova,ram,2025-06-22,63.51916666666667
mac-02,Project Nova,ram,2025-06-23,64.04958333333333
mac-02,Project Nova,ram,2025-06-24,63.8325
mac-02,Project Nova,ram,2025-06-25,63.23041666666666
mac-02,Project Nova,ram,2025-06-26,62.99875
mac-02,Project Nova,ram,2025-06-27,62.843333333333334
mac-02,Project Nova,ram,2025-06-28,64.5125
mac-02,Project Nova,ram,2025-06-29,63.623333333333335
mac-02,Project Nova,ram,2025-06-30,62.89041666666666
mac-02,Project Nova,ram,2025-07-01,65.75583333333334
mac-02,Project Nova,ram,2025-07-02,63.46791666666667
mac-02,Project Nova,ram,2025-07-03,64.25166666666667
mac-02,Project Nova,ram,2025-07-04,63.81875
mac-02,Project Nova,ram,2025-07-05,64.08208333333333
mac-02,Project Nova,ram,2025-07-06,63.47625
mac-02,Project Nova,ram,2025-07-07,62.87958333333333
mac-02,Project Nova,ram,2025-07-08,62.6325
mac-02,Project Nova,ram,2025-07-09,63.29791666666667
mac-02,Project Nova,ram,2025-07-10,64.27499999999999
mac-02,Project Nova,ram,2025-07-11,63.00541666666667
mac-02,Project Nova,ram,2025-07-12,65.58416666666666
mac-02,Project Nova,ram,2025-07-13,62.855
mac-02,Project Nova,ram,2025-07-14,62.279583333333335
mac-02,Project Nova,ram,2025-07-15,64.08958333333334
mac-02,Project Nova,ram,2025-07-16,62.91
mac-02,Project Nova,ram,2025-07-17,62.30125
mac-02,Project Nova,ram,2025-07-18,65.11
mac-02,Project Nova,ram,2025-07-19,61.98083333333333
mac-02,Project Nova,ram,2025-07-20,64.34166666666667
mac-02,Project Nova,ram,2025-07-21,64.865
mac-02,Project Nova,ram,2025-07-22,64.22958333333334
mac-02,Project Nova,ram,2025-07-23,63.27458333333333
mac-02,Project Nova,ram,2025-07-24,63.54958333333334
mac-02,Project Nova,ram,2025-07-25,63.39958333333333
mac-02,Project Nova,ram,2025-07-26,63.20041666666666
mac-02,Project Nova,ram,2025-07-27,62.260416666666664
mac-02,Project Nova,ram,2025-07-28,63.61666666666667
mac-02,Project Nova,ram,2025-07-29,63.905
mac-02,Project Nova,ram,2025-07-30,64.54666666666667
mac-02,Project Nova,ram,2025-07-31,63.58625
mac-02,Project Nova,ram,2025-08-01,64.35625
mac-02,Project Nova,ram,2025-08-02,64.73833333333333
mac-02,Project Nova,ram,2025-08-03,64.12708333333333
mac-02,Project Nova,ram,2025-08-04,65.7975
mac-02,Project Nova,ram,2025-08-05,64.79666666666667
mac-02,Project Nova,ram,2025-08-06,65.58333333333333
mac-02,Project Nova,ram,2025-08-07,64.48333333333333
mac-02,Project Nova,ram,2025-08-08,64.41166666666668
mac-02,Project Nova,ram,2025-08-09,62.77791666666667
mac-02,Project Nova,ram,2025-08-10,65.60958333333333
mac-02,Project Nova,ram,2025-08-11,64.12291666666667
mac-02,Project Nova,ram,2025-08-12,63.810833333333335
mac-02,Project Nova,ram,2025-08-13,64.19166666666666
mac-02,Project Nova,ram,2025-08-14,64.4375
mac-02,Project Nova,ram,2025-08-15,64.29625
mac-02,Project Nova,ram,2025-08-16,64.46708333333333
mac-02,Project Nova,ram,2025-08-17,64.57791666666667
mac-02,Project Nova,ram,2025-08-18,64.60416666666667
mac-02,Project Nova,ram,2025-08-19,63.645
mac-02,Project Nova,ram,2025-08-20,65.13916666666667
mac-02,Project Nova,ram,2025-08-21,64.0025
mac-02,Project Nova,ram,2025-08-22,64.65583333333333
mac-02,Project Nova,ram,2025-08-23,65.31458333333333
mac-02,Project Nova,ram,2025-08-24,64.72416666666668
mac-02,Project Nova,ram,2025-08-25,65.14166666666667
mac-02,Project Nova,ram,2025-08-26,63.770833333333336
mac-02,Project Nova,ram,2025-08-27,64.35791666666667
mac-02,Project Nova,ram,2025-08-28,66.04291666666667
mac-02,Project Nova,ram,2025-08-29,64.43916666666667
mac-02,Project Nova,ram,2025-08-30,64.96791666666667
mac-02,Project Nova,ram,2025-08-31,64.68291666666667
mac-02,Project Nova,ram,2025-09-01,65.80041666666666
mac-02,Project Nova,ram,2025-09-02,64.57541666666667
mac-02,Project Nova,ram,2025-09-03,65.75083333333333
mac-02,Project Nova,ram,2025-09-04,64.49583333333334
mac-02,Project Nova,ram,2025-09-05,64.5175
mac-02,Project Nova,ram,2025-09-06,64.15125
mac-02,Project Nova,ram,2025-09-07,65.07958333333333
mac-02,Project Nova,ram,2025-09-08,64.43333333333334
mac-02,Project Nova,ram,2025-09-09,64.59541666666667
mac-02,Project Nova,ram,2025-09-10,65.39041666666667
mac-02,Project Nova,ram,2025-09-11,63.745416666666664
mac-02,Project Nova,ram,2025-09-12,64.08041666666666
mac-02,Project Nova,ram,2025-09-13,65.45916666666666
mac-02,Project Nova,ram,2025-09-14,65.02583333333332
mac-02,Project Nova,ram,2025-09-15,64.42958333333333
mac-02,Project Nova,ram,2025-09-16,64.38791666666667
mac-02,Project Nova,ram,2025-09-17,65.41291666666667
mac-02,Project Nova,ram,2025-09-18,65.40958333333333
mac-02,Project Nova,ram,2025-09-19,64.89708333333333
mac-02,Project Nova,ram,2025-09-20,65.74541666666667
mac-02,Project Nova,ram,2025-09-21,64.72958333333334
mac-02,Project Nova,ram,2025-09-22,63.736250000000005
mac-02,Project Nova,ram,2025-09-23,64.32916666666667
mac-02,Project Nova,ram,2025-09-24,65.2525
mac-02,Project Nova,ram,2025-09-25,64.93833333333333
mac-02,Project Nova,ram,2025-09-26,64.42416666666666
mac-02,Project Nova,ram,2025-09-27,64.44458333333334
mac-02,Project Nova,ram,2025-09-28,63.415
mac-02,Project Nova,ram,2025-09-29,65.52625
mac-02,Project Nova,ram,2025-09-30,63.666666666666664
mac-02,Project Nova,ram,2025-10-01,64.50541666666668
mac-02,Project Nova,ram,2025-10-02,64.79166666666667
mac-02,Project Nova,ram,2025-10-03,64.27958333333333
mac-02,Project Nova,ram,2025-10-04,63.7925
mac-02,Project Nova,ram,2025-10-05,64.00291666666666
mac-02,Project Nova,ram,2025-10-06,66.60083333333334
mac-02,Project Nova,ram,2025-10-07,64.81625
mac-02,Project Nova,ram,2025-10-08,65.95833333333333
mac-02,Project Nova,ram,2025-10-09,65.66333333333334
mac-02,Project Nova,ram,2025-10-10,65.85833333333333
mac-02,Project Nova,ram,2025-10-11,65.39541666666666
mac-02,Project Nova,ram,2025-10-12,63.97125
mac-02,Project Nova,ram,2025-10-13,64.64291666666666
mac-02,Project Nova,ram,2025-10-14,64.19166666666666
mac-02,Project Nova,ram,2025-10-15,63.130833333333335
mac-02,Project Nova,ram,2025-10-16,65.78458333333333
mac-02,Project Nova,ram,2025-10-17,65.1725
mac-02,Project Nova,ram,2025-10-18,65.94166666666666
mac-02,Project Nova,ram,2025-10-19,65.20833333333333
mac-02,Project Nova,ram,2025-10-20,65.58708333333333
mac-02,Project Nova,ram,2025-10-21,65.03125
mac-02,Project Nova,ram,2025-10-22,64.57208333333334
mac-02,Project Nova,ram,2025-10-23,65.92999999999999
mac-02,Project Nova,ram,2025-10-24,64.55458333333333
mac-02,Project Nova,ram,2025-10-25,65.05291666666666
mac-02,Project Nova,ram,2025-10-26,65.58958333333334
mac-02,Project Nova,ram,2025-10-27,64.77374999999999
mac-02,Project Nova,ram,2025-10-28,64.845
mac-02,Project Nova,ram,2025-10-29,66.21
mac-02,Project Nova,ram,2025-10-30,64.11208333333333
mac-02,Project Nova,ram,2025-10-31,65.40458333333333
mac-02,Project Nova,ram,2025-11-01,65.005
mac-02,Project Nova,ram,2025-11-02,65.20541666666666
mac-02,Project Nova,ram,2025-11-03,65.5925
mac-02,Project Nova,ram,2025-11-04,65.09916666666666
mac-02,Project Nova,ram,2025-11-05,64.54416666666667
mac-02,Project Nova,ram,2025-11-06,65.76791666666666
mac-02,Project Nova,ram,2025-11-07,66.56791666666668
mac-02,Project Nova,ram,2025-11-08,64.91166666666668
mac-02,Project Nova,ram,2025-11-09,65.93916666666667
mac-02,Project Nova,ram,2025-11-10,65.88125000000001
mac-02,Project Nova,ram,2025-11-11,65.82458333333334
mac-02,Project Nova,ram,2025-11-12,65.96958333333333
mac-02,Project Nova,ram,2025-11-13,65.42708333333333
mac-02,Project Nova,ram,2025-11-14,65.87958333333333
mac-02,Project Nova,ram,2025-11-15,66.08458333333333
mac-02,Project Nova,ram,2025-11-16,64.74583333333334
mac-02,Project Nova,ram,2025-11-17,65.37958333333334
mac-02,Project Nova,ram,2025-11-18,65.28458333333333
mac-02,Project Nova,ram,2025-11-19,65.62416666666667
mac-02,Project Nova,ram,2025-11-20,66.05
mac-02,Project Nova,ram,2025-11-21,65.72166666666666
mac-02,Project Nova,ram,2025-11-22,66.95041666666667
mac-02,Project Nova,ram,2025-11-23,66.485
mac-02,Project Nova,ram,2025-11-24,66.4275
mac-02,Project Nova,ram,2025-11-25,66.20708333333333
mac-02,Project Nova,ram,2025-11-26,65.31625
mac-02,Project Nova,ram,2025-11-27,65.70833333333333
mac-02,Project Nova,ram,2025-11-28,67.15208333333334
mac-02,Project Nova,ram,2025-11-29,67.50208333333333
mac-02,Project Nova,ram,2025-11-30,64.8475
mac-02,Project Nova,ram,2025-12-01,65.03666666666666
mac-02,Project Nova,ram,2025-12-02,65.44833333333334
mac-02,Project Nova,ram,2025-12-03,64.83291666666666
mac-02,Project Nova,ram,2025-12-04,66.1425
mac-02,Project Nova,ram,2025-12-05,65.49541666666666
mac-02,Project Nova,ram,2025-12-06,64.68208333333332
mac-02,Project Nova,ram,2025-12-07,65.3925
mac-02,Project Nova,ram,2025-12-08,65.96124999999999
mac-02,Project Nova,ram,2025-12-09,65.12
mac-02,Project Nova,ram,2025-12-10,66.29708333333333
mac-02,Project Nova,ram,2025-12-11,66.8125
mac-02,Project Nova,ram,2025-12-12,66.30499999999999
mac-02,Project Nova,ram,2025-12-13,67.42708333333333
mac-02,Project Nova,ram,2025-12-14,66.99249999999999
mac-02,Project Nova,ram,2025-12-15,66.76375
mac-02,Project Nova,ram,2025-12-16,66.20541666666666
mac-02,Project Nova,ram,2025-12-17,66.89291666666666
mac-02,Project Nova,ram,2025-12-18,66.13041666666668
mac-02,Project Nova,ram,2025-12-19,66.95708333333333
mac-02,Project Nova,ram,2025-12-20,66.30125
mac-02,Project Nova,ram,2025-12-21,66.29041666666667
mac-02,Project Nova,ram,2025-12-22,66.83
mac-02,Project Nova,ram,2025-12-23,68.06583333333333
mac-02,Project Nova,ram,2025-12-24,66.01166666666667
mac-02,Project Nova,ram,2025-12-25,66.39458333333333
mac-02,Project Nova,ram,2025-12-26,67.68249999999999
mac-02,Project Nova,ram,2025-12-27,66.63
mac-02,Project Nova,ram,2025-12-28,65.69791666666667
mac-02,Project Nova,ram,2025-12-29,65.61416666666666
mac-02,Project Nova,ram,2025-12-30,66.9575
mac-02,Project Nova,ram,2025-12-31,67.36749999999999
mac-03,Project Orion,cpu,2025-01-01,70.79791666666667
mac-03,Project Orion,cpu,2025-01-02,72.22208333333333
mac-03,Project Orion,cpu,2025-01-03,72.82583333333334
mac-03,Project Orion,cpu,2025-01-04,71.4375
mac-03,Project Orion,cpu,2025-01-05,71.75625000000001
mac-03,Project Orion,cpu,2025-01-06,72.11416666666666
mac-03,Project Orion,cpu,2025-01-07,71.62958333333334
mac-03,Project Orion,cpu,2025-01-08,72.93041666666666
mac-03,Project Orion,cpu,2025-01-09,70.99333333333333
mac-03,Project Orion,cpu,2025-01-10,72.30541666666666
mac-03,Project Orion,cpu,2025-01-11,73.69458333333334
mac-03,Project Orion,cpu,2025-01-12,71.67666666666666
mac-03,Project Orion,cpu,2025-01-13,72.17791666666666
mac-03,Project Orion,cpu,2025-01-14,72.43708333333333
mac-03,Project Orion,cpu,2025-01-15,72.78875000000001
mac-03,Project Orion,cpu,2025-01-16,71.29166666666667
mac-03,Project Orion,cpu,2025-01-17,71.97875
mac-03,Project Orion,cpu,2025-01-18,70.66666666666667
mac-03,Project Orion,cpu,2025-01-19,71.19083333333333
mac-03,Project Orion,cpu,2025-01-20,70.73208333333334
mac-03,Project Orion,cpu,2025-01-21,73.47583333333334
mac-03,Project Orion,cpu,2025-01-22,72.05583333333333
mac-03,Project Orion,cpu,2025-01-23,71.83333333333333
mac-03,Project Orion,cpu,2025-01-24,71.715
mac-03,Project Orion,cpu,2025-01-25,71.15708333333333
mac-03,Project Orion,cpu,2025-01-26,71.765
mac-03,Project Orion,cpu,2025-01-27,72.59375
mac-03,Project Orion,cpu,2025-01-28,72.58916666666666
mac-03,Project Orion,cpu,2025-01-29,73.47916666666667
mac-03,Project Orion,cpu,2025-01-30,71.66
mac-03,Project Orion,cpu,2025-01-31,72.13083333333333
mac-03,Project Orion,cpu,2025-02-01,72.39666666666666
mac-03,Project Orion,cpu,2025-02-02,70.16958333333334
mac-03,Project Orion,cpu,2025-02-03,71.31916666666667
mac-03,Project Orion,cpu,2025-02-04,71.61083333333333
mac-03,Project Orion,cpu,2025-02-05,70.37458333333333
mac-03,Project Orion,cpu,2025-02-06,72.66333333333334
mac-03,Project Orion,cpu,2025-02-07,71.45541666666666
mac-03,Project Orion,cpu,2025-02-08,70.92791666666666
mac-03,Project Orion,cpu,2025-02-09,71.7225
mac-03,Project Orion,cpu,2025-02-10,73.01333333333334
mac-03,Project Orion,cpu,2025-02-11,71.78083333333333
mac-03,Project Orion,cpu,2025-02-12,72.63250000000001
mac-03,Project Orion,cpu,2025-02-13,72.29791666666667
mac-03,Project Orion,cpu,2025-02-14,71.28833333333334
mac-03,Project Orion,cpu,2025-02-15,72.26291666666667
mac-03,Project Orion,cpu,2025-02-16,71.44041666666666
mac-03,Project Orion,cpu,2025-02-17,72.43124999999999
mac-03,Project Orion,cpu,2025-02-18,73.76041666666667
mac-03,Project Orion,cpu,2025-02-19,72.45458333333333
mac-03,Project Orion,cpu,2025-02-20,72.02083333333333
mac-03,Project Orion,cpu,2025-02-21,72.965
mac-03,Project Orion,cpu,2025-02-22,70.78791666666667
mac-03,Project Orion,cpu,2025-02-23,71.75375
mac-03,Project Orion,cpu,2025-02-24,72.28125
mac-03,Project Orion,cpu,2025-02-25,70.34416666666667
mac-03,Project Orion,cpu,2025-02-26,71.10000000000001
mac-03,Project Orion,cpu,2025-02-27,72.20083333333334
mac-03,Project Orion,cpu,2025-02-28,72.79166666666667
mac-03,Project Orion,cpu,2025-03-01,71.41333333333334
mac-03,Project Orion,cpu,2025-03-02,72.08291666666666
mac-03,Project Orion,cpu,2025-03-03,71.10083333333334
mac-03,Project Orion,cpu,2025-03-04,71.92041666666667
mac-03,Project Orion,cpu,2025-03-05,72.39958333333333
mac-03,Project Orion,cpu,2025-03-06,72.86208333333333
mac-03,Project Orion,cpu,2025-03-07,71.70833333333333
mac-03,Project Orion,cpu,2025-03-08,72.58333333333333
mac-03,Project Orion,cpu,2025-03-09,72.23291666666667
mac-03,Project Orion,cpu,2025-03-10,71.45541666666666
mac-03,Project Orion,cpu,2025-03-11,72.39916666666666
mac-03,Project Orion,cpu,2025-03-12,71.65583333333333
mac-03,Project Orion,cpu,2025-03-13,70.81208333333333
mac-03,Project Orion,cpu,2025-03-14,71.96916666666667
mac-03,Project Orion,cpu,2025-03-15,71.63958333333333
mac-03,Project Orion,cpu,2025-03-16,73.13458333333334
mac-03,Project Orion,cpu,2025-03-17,73.61083333333333
mac-03,Project Orion,cpu,2025-03-18,72.40208333333334
mac-03,Project Orion,cpu,2025-03-19,72.34041666666667
mac-03,Project Orion,cpu,2025-03-20,71.97541666666667
mac-03,Project Orion,cpu,2025-03-21,72.26416666666667
mac-03,Project Orion,cpu,2025-03-22,72.16666666666667
mac-03,Project Orion,cpu,2025-03-23,71.81958333333334
mac-03,Project Orion,cpu,2025-03-24,74.44416666666667
mac-03,Project Orion,cpu,2025-03-25,71.6075
mac-03,Project Orion,cpu,2025-03-26,72.11083333333333
mac-03,Project Orion,cpu,2025-03-27,71.28875000000001
mac-03,Project Orion,cpu,2025-03-28,73.27791666666667
mac-03,Project Orion,cpu,2025-03-29,71.08458333333333
mac-03,Project Orion,cpu,2025-03-30,71.51666666666667
mac-03,Project Orion,cpu,2025-03-31,71.09791666666666
mac-03,Project Orion,cpu,2025-04-01,72.07625
mac-03,Project Orion,cpu,2025-04-02,73.79541666666667
mac-03,Project Orion,cpu,2025-04-03,72.82708333333333
mac-03,Project Orion,cpu,2025-04-04,72.21833333333333
mac-03,Project Orion,cpu,2025-04-05,72.93124999999999
mac-03,Project Orion,cpu,2025-04-06,71.93791666666667
mac-03,Project Orion,cpu,2025-04-07,72.62041666666666
mac-03,Project Orion,cpu,2025-04-08,72.84708333333333
mac-03,Project Orion,cpu,2025-04-09,72.0625
mac-03,Project Orion,cpu,2025-04-10,72.01791666666666
mac-03,Project Orion,cpu,2025-04-11,72.21625
mac-03,Project Orion,cpu,2025-04-12,72.32000000000001
mac-03,Project Orion,cpu,2025-04-13,72.27708333333334
mac-03,Project Orion,cpu,2025-04-14,71.62625
mac-03,Project Orion,cpu,2025-04-15,72.15958333333333
mac-03,Project Orion,cpu,2025-04-16,73.10041666666667
mac-03,Project Orion,cpu,2025-04-17,72.66583333333334
mac-03,Project Orion,cpu,2025-04-18,71.5
mac-03,Project Orion,cpu,2025-04-19,73.70083333333334
mac-03,Project Orion,cpu,2025-04-20,72.90333333333334
mac-03,Project Orion,cpu,2025-04-21,73.29833333333333
mac-03,Project Orion,cpu,2025-04-22,72.52041666666666
mac-03,Project Orion,cpu,2025-04-23,72.7325
mac-03,Project Orion,cpu,2025-04-24,72.95875
mac-03,Project Orion,cpu,2025-04-25,71.44458333333334
mac-03,Project Orion,cpu,2025-04-26,73.94833333333334
mac-03,Project Orion,cpu,2025-04-27,73.02458333333333
mac-03,Project Orion,cpu,2025-04-28,72.67333333333333
mac-03,Project Orion,cpu,2025-04-29,73.32958333333333
mac-03,Project Orion,cpu,2025-04-30,73.08291666666666
mac-03,Project Orion,cpu,2025-05-01,72.88208333333334
mac-03,Project Orion,cpu,2025-05-02,72.67999999999999
mac-03,Project Orion,cpu,2025-05-03,73.99958333333333
mac-03,Project Orion,cpu,2025-05-04,74.86458333333333
mac-03,Project Orion,cpu,2025-05-05,74.41291666666667
mac-03,Project Orion,cpu,2025-05-06,73.80916666666667
mac-03,Project Orion,cpu,2025-05-07,73.00583333333333
mac-03,Project Orion,cpu,2025-05-08,72.14874999999999
mac-03,Project Orion,cpu,2025-05-09,72.81
mac-03,Project Orion,cpu,2025-05-10,71.36833333333333
mac-03,Project Orion,cpu,2025-05-11,74.15416666666667
mac-03,Project Orion,cpu,2025-05-12,72.88875
mac-03,Project Orion,cpu,2025-05-13,72.98291666666667
mac-03,Project Orion,cpu,2025-05-14,73.76041666666667
mac-03,Project Orion,cpu,2025-05-15,73.82291666666667
mac-03,Project Orion,cpu,2025-05-16,71.65625
mac-03,Project Orion,cpu,2025-05-17,72.44041666666666
mac-03,Project Orion,cpu,2025-05-18,73.48
mac-03,Project Orion,cpu,2025-05-19,72.99708333333334
mac-03,Project Orion,cpu,2025-05-20,72.91291666666667
mac-03,Project Orion,cpu,2025-05-21,72.22916666666667
mac-03,Project Orion,cpu,2025-05-22,71.42583333333333
mac-03,Project Orion,cpu,2025-05-23,73.23875
mac-03,Project Orion,cpu,2025-05-24,72.83
mac-03,Project Orion,cpu,2025-05-25,72.5175
mac-03,Project Orion,cpu,2025-05-26,72.36791666666666
mac-03,Project Orion,cpu,2025-05-27,72.70458333333333
mac-03,Project Orion,cpu,2025-05-28,72.86375
mac-03,Project Orion,cpu,2025-05-29,72.385
mac-03,Project Orion,cpu,2025-05-30,73.27458333333333
mac-03,Project Orion,cpu,2025-05-31,72.54791666666667
mac-03,Project Orion,cpu,2025-06-01,72.90166666666666
mac-03,Project Orion,cpu,2025-06-02,71.44208333333334
mac-03,Project Orion,cpu,2025-06-03,73.70125
mac-03,Project Orion,cpu,2025-06-04,73.10791666666667
mac-03,Project Orion,cpu,2025-06-05,71.96833333333333
mac-03,Project Orion,cpu,2025-06-06,73.48291666666667
mac-03,Project Orion,cpu,2025-06-07,73.135
mac-03,Project Orion,cpu,2025-06-08,72.50666666666667
mac-03,Project Orion,cpu,2025-06-09,71.01375
mac-03,Project Orion,cpu,2025-06-10,73.48333333333333
mac-03,Project Orion,cpu,2025-06-11,73.05624999999999
mac-03,Project Orion,cpu,2025-06-12,73.48666666666666
mac-03,Project Orion,cpu,2025-06-13,73.20833333333333
mac-03,Project Orion,cpu,2025-06-14,73.61833333333333
mac-03,Project Orion,cpu,2025-06-15,71.16333333333334
mac-03,Project Orion,cpu,2025-06-16,73.16666666666667
mac-03,Project Orion,cpu,2025-06-17,74.85083333333334
mac-03,Project Orion,cpu,2025-06-18,72.75750000000001
mac-03,Project Orion,cpu,2025-06-19,73.86458333333333
mac-03,Project Orion,cpu,2025-06-20,74.95833333333333
mac-03,Project Orion,cpu,2025-06-21,72.80125
mac-03,Project Orion,cpu,2025-06-22,72.44041666666666
mac-03,Project Orion,cpu,2025-06-23,73.76708333333333
mac-03,Project Orion,cpu,2025-06-24,74.58583333333333
mac-03,Project Orion,cpu,2025-06-25,72.05541666666666
mac-03,Project Orion,cpu,2025-06-26,74.33583333333333
mac-03,Project Orion,cpu,2025-06-27,73.61416666666666
mac-03,Project Orion,cpu,2025-06-28,73.31916666666667
mac-03,Project Orion,cpu,2025-06-29,72.34708333333333
mac-03,Project Orion,cpu,2025-06-30,72.19416666666667
mac-03,Project Orion,cpu,2025-07-01,73.74208333333333
mac-03,Project Orion,cpu,2025-07-02,73.18375
mac-03,Project Orion,cpu,2025-07-03,74.13916666666667
mac-03,Project Orion,cpu,2025-07-04,73.66666666666667
mac-03,Project Orion,cpu,2025-07-05,73.955
mac-03,Project Orion,cpu,2025-07-06,73.67083333333333
mac-03,Project Orion,cpu,2025-07-07,74.25333333333333
mac-03,Project Orion,cpu,2025-07-08,72.93041666666666
mac-03,Project Orion,cpu,2025-07-09,71.565
mac-03,Project Orion,cpu,2025-07-10,75.21875
mac-03,Project Orion,cpu,2025-07-11,75.11749999999999
mac-03,Project Orion,cpu,2025-07-12,73.08291666666666
mac-03,Project Orion,cpu,2025-07-13,74.50416666666666
mac-03,Project Orion,cpu,2025-07-14,72.97541666666667
mac-03,Project Orion,cpu,2025-07-15,73.4025
mac-03,Project Orion,cpu,2025-07-16,72.60708333333334
mac-03,Project Orion,cpu,2025-07-17,73.74333333333333
mac-03,Project Orion,cpu,2025-07-18,73.12166666666667
mac-03,Project Orion,cpu,2025-07-19,73.79083333333334
mac-03,Project Orion,cpu,2025-07-20,72.53458333333333
mac-03,Project Orion,cpu,2025-07-21,74.09
mac-03,Project Orion,cpu,2025-07-22,74.05624999999999
mac-03,Project Orion,cpu,2025-07-23,73.43791666666667
mac-03,Project Orion,cpu,2025-07-24,75.06625
mac-03,Project Orion,cpu,2025-07-25,73.17666666666666
mac-03,Project Orion,cpu,2025-07-26,72.58624999999999
mac-03,Project Orion,cpu,2025-07-27,72.3775
mac-03,Project Orion,cpu,2025-07-28,72.73625
mac-03,Project Orion,cpu,2025-07-29,72.42666666666666
mac-03,Project Orion,cpu,2025-07-30,73.43375
mac-03,Project Orion,cpu,2025-07-31,73.92416666666666
mac-03,Project Orion,cpu,2025-08-01,72.60375
mac-03,Project Orion,cpu,2025-08-02,73.57625
mac-03,Project Orion,cpu,2025-08-03,73.21124999999999
mac-03,Project Orion,cpu,2025-08-04,73.14458333333333
mac-03,Project Orion,cpu,2025-08-05,73.34458333333333
mac-03,Project Orion,cpu,2025-08-06,73.80958333333334
mac-03,Project Orion,cpu,2025-08-07,75.36125
mac-03,Project Orion,cpu,2025-08-08,74.07291666666667
mac-03,Project Orion,cpu,2025-08-09,74.76875
mac-03,Project Orion,cpu,2025-08-10,73.58624999999999
mac-03,Project Orion,cpu,2025-08-11,73.06208333333333
mac-03,Project Orion,cpu,2025-08-12,74.13250000000001
mac-03,Project Orion,cpu,2025-08-13,74.07958333333333
mac-03,Project Orion,cpu,2025-08-14,73.25541666666666
mac-03,Project Orion,cpu,2025-08-15,72.98916666666666
mac-03,Project Orion,cpu,2025-08-16,73.53125
mac-03,Project Orion,cpu,2025-08-17,74.61166666666666
mac-03,Project Orion,cpu,2025-08-18,72.84416666666667
mac-03,Project Orion,cpu,2025-08-19,72.1975
mac-03,Project Orion,cpu,2025-08-20,73.63250000000001
mac-03,Project Orion,cpu,2025-08-21,73.22500000000001
mac-03,Project Orion,cpu,2025-08-22,73.62458333333333
mac-03,Project Orion,cpu,2025-08-23,73.42125
mac-03,Project Orion,cpu,2025-08-24,74.94375000000001
mac-03,Project Orion,cpu,2025-08-25,74.03833333333334
mac-03,Project Orion,cpu,2025-08-26,72.63625
mac-03,Project Orion,cpu,2025-08-27,74.50375
mac-03,Project Orion,cpu,2025-08-28,74.06291666666667
mac-03,Project Orion,cpu,2025-08-29,74.39625
mac-03,Project Orion,cpu,2025-08-30,74.33375
mac-03,Project Orion,cpu,2025-08-31,74.09333333333333
mac-03,Project Orion,cpu,2025-09-01,72.74666666666667
mac-03,Project Orion,cpu,2025-09-02,74.76083333333334
mac-03,Project Orion,cpu,2025-09-03,74.04875
mac-03,Project Orion,cpu,2025-09-04,74.43041666666666
mac-03,Project Orion,cpu,2025-09-05,73.87541666666667
mac-03,Project Orion,cpu,2025-09-06,72.49291666666666
mac-03,Project Orion,cpu,2025-09-07,73.85083333333334
mac-03,Project Orion,cpu,2025-09-08,74.00083333333333
mac-03,Project Orion,cpu,2025-09-09,75.57333333333334
mac-03,Project Orion,cpu,2025-09-10,73.10041666666667
mac-03,Project Orion,cpu,2025-09-11,74.99708333333334
mac-03,Project Orion,cpu,2025-09-12,74.01375
mac-03,Project Orion,cpu,2025-09-13,74.3575
mac-03,Project Orion,cpu,2025-09-14,73.64333333333333
mac-03,Project Orion,cpu,2025-09-15,73.14208333333333
mac-03,Project Orion,cpu,2025-09-16,74.54958333333333
mac-03,Project Orion,cpu,2025-09-17,72.96541666666667
mac-03,Project Orion,cpu,2025-09-18,73.7325
mac-03,Project Orion,cpu,2025-09-19,74.22208333333333
mac-03,Project Orion,cpu,2025-09-20,74.38541666666667
mac-03,Project Orion,cpu,2025-09-21,73.79208333333334
mac-03,Project Orion,cpu,2025-09-22,73.18375
mac-03,Project Orion,cpu,2025-09-23,74.03541666666666
mac-03,Project Orion,cpu,2025-09-24,73.21541666666667
mac-03,Project Orion,cpu,2025-09-25,74.07541666666667
mac-03,Project Orion,cpu,2025-09-26,73.34833333333334
mac-03,Project Orion,cpu,2025-09-27,73.78375
mac-03,Project Orion,cpu,2025-09-28,74.455
mac-03,Project Orion,cpu,2025-09-29,74.58291666666666
mac-03,Project Orion,cpu,2025-09-30,74.66125000000001
mac-03,Project Orion,cpu,2025-10-01,73.9375
mac-03,Project Orion,cpu,2025-10-02,74.59083333333334
mac-03,Project Orion,cpu,2025-10-03,74.50041666666667
mac-03,Project Orion,cpu,2025-10-04,73.84708333333333
mac-03,Project Orion,cpu,2025-10-05,73.455
mac-03,Project Orion,cpu,2025-10-06,74.48916666666666
mac-03,Project Orion,cpu,2025-10-07,74.02833333333334
mac-03,Project Orion,cpu,2025-10-08,73.84375
mac-03,Project Orion,cpu,2025-10-09,75.30875
mac-03,Project Orion,cpu,2025-10-10,73.64
mac-03,Project Orion,cpu,2025-10-11,74.56541666666666
mac-03,Project Orion,cpu,2025-10-12,74.84375
mac-03,Project Orion,cpu,2025-10-13,74.54791666666667
mac-03,Project Orion,cpu,2025-10-14,74.70916666666666
mac-03,Project Orion,cpu,2025-10-15,73.72583333333334
mac-03,Project Orion,cpu,2025-10-16,74.52416666666666
mac-03,Project Orion,cpu,2025-10-17,74.90958333333333
mac-03,Project Orion,cpu,2025-10-18,74.78750000000001
mac-03,Project Orion,cpu,2025-10-19,73.49374999999999
mac-03,Project Orion,cpu,2025-10-20,74.02708333333334
mac-03,Project Orion,cpu,2025-10-21,72.84416666666667
mac-03,Project Orion,cpu,2025-10-22,74.67041666666667
mac-03,Project Orion,cpu,2025-10-23,73.97916666666667
mac-03,Project Orion,cpu,2025-10-24,73.16666666666667
mac-03,Project Orion,cpu,2025-10-25,73.73916666666666
mac-03,Project Orion,cpu,2025-10-26,74.97166666666666
mac-03,Project Orion,cpu,2025-10-27,74.59666666666666
mac-03,Project Orion,cpu,2025-10-28,73.46833333333333
mac-03,Project Orion,cpu,2025-10-29,74.2675
mac-03,Project Orion,cpu,2025-10-30,74.37166666666667
mac-03,Project Orion,cpu,2025-10-31,76.31333333333333
mac-03,Project Orion,cpu,2025-11-01,73.77458333333333
mac-03,Project Orion,cpu,2025-11-02,73.32625
mac-03,Project Orion,cpu,2025-11-03,73.50666666666667
mac-03,Project Orion,cpu,2025-11-04,74.60291666666667
mac-03,Project Orion,cpu,2025-11-05,73.76875
mac-03,Project Orion,cpu,2025-11-06,74.66583333333334
mac-03,Project Orion,cpu,2025-11-07,74.04208333333334
mac-03,Project Orion,cpu,2025-11-08,74.76041666666667
mac-03,Project Orion,cpu,2025-11-09,75.16666666666667
mac-03,Project Orion,cpu,2025-11-10,74.81583333333333
mac-03,Project Orion,cpu,2025-11-11,73.80541666666666
mac-03,Project Orion,cpu,2025-11-12,75.7525
mac-03,Project Orion,cpu,2025-11-13,74.15625
mac-03,Project Orion,cpu,2025-11-14,74.67333333333333
mac-03,Project Orion,cpu,2025-11-15,73.96583333333334
mac-03,Project Orion,cpu,2025-11-16,75.04083333333334
mac-03,Project Orion,cpu,2025-11-17,74.33708333333333
mac-03,Project Orion,cpu,2025-11-18,72.52125
mac-03,Project Orion,cpu,2025-11-19,73.1225
mac-03,Project Orion,cpu,2025-11-20,73.96124999999999
mac-03,Project Orion,cpu,2025-11-21,75.12916666666666
mac-03,Project Orion,cpu,2025-11-22,73.02833333333334
mac-03,Project Orion,cpu,2025-11-23,73.75291666666666
mac-03,Project Orion,cpu,2025-11-24,74.92
mac-03,Project Orion,cpu,2025-11-25,75.08333333333333
mac-03,Project Orion,cpu,2025-11-26,74.2225
mac-03,Project Orion,cpu,2025-11-27,74.94458333333334
mac-03,Project Orion,cpu,2025-11-28,74.25666666666667
mac-03,Project Orion,cpu,2025-11-29,74.35791666666667
mac-03,Project Orion,cpu,2025-11-30,73.83583333333333
mac-03,Project Orion,cpu,2025-12-01,74.31291666666667
mac-03,Project Orion,cpu,2025-12-02,75.01041666666667
mac-03,Project Orion,cpu,2025-12-03,74.22375000000001
mac-03,Project Orion,cpu,2025-12-04,74.54958333333333
mac-03,Project Orion,cpu,2025-12-05,75.7225
mac-03,Project Orion,cpu,2025-12-06,74.1075
mac-03,Project Orion,cpu,2025-12-07,76.35125000000001
mac-03,Project Orion,cpu,2025-12-08,74.98291666666667
mac-03,Project Orion,cpu,2025-12-09,74.62208333333334
mac-03,Project Orion,cpu,2025-12-10,74.24666666666667
mac-03,Project Orion,cpu,2025-12-11,72.71458333333334
mac-03,Project Orion,cpu,2025-12-12,74.35791666666667
mac-03,Project Orion,cpu,2025-12-13,76.67375
mac-03,Project Orion,cpu,2025-12-14,73.75375
mac-03,Project Orion,cpu,2025-12-15,73.67
mac-03,Project Orion,cpu,2025-12-16,74.89833333333333
mac-03,Project Orion,cpu,2025-12-17,75.4175
mac-03,Project Orion,cpu,2025-12-18,74.68124999999999
mac-03,Project Orion,cpu,2025-12-19,74.60416666666667
mac-03,Project Orion,cpu,2025-12-20,75.2325
mac-03,Project Orion,cpu,2025-12-21,74.19125
mac-03,Project Orion,cpu,2025-12-22,73.72541666666667
mac-03,Project Orion,cpu,2025-12-23,74.06208333333333
mac-03,Project Orion,cpu,2025-12-24,74.76416666666667
mac-03,Project Orion,cpu,2025-12-25,75.85666666666667
mac-03,Project Orion,cpu,2025-12-26,74.00083333333333
mac-03,Project Orion,cpu,2025-12-27,74.34375
mac-03,Project Orion,cpu,2025-12-28,75.04416666666667
mac-03,Project Orion,cpu,2025-12-29,75.69875
mac-03,Project Orion,cpu,2025-12-30,73.87083333333334
mac-03,Project Orion,cpu,2025-12-31,74.12041666666666
mac-03,Project Orion,disk,2025-01-01,70.44500000000001
mac-03,Project Orion,disk,2025-01-02,70.5575
mac-03,Project Orion,disk,2025-01-03,71.65416666666667
mac-03,Project Orion,disk,2025-01-04,70.35333333333334
mac-03,Project Orion,disk,2025-01-05,70.50041666666667
mac-03,Project Orion,disk,2025-01-06,69.68166666666667
mac-03,Project Orion,disk,2025-01-07,69.81541666666666
mac-03,Project Orion,disk,2025-01-08,71.03958333333334
mac-03,Project Orion,disk,2025-01-09,69.95166666666667
mac-03,Project Orion,disk,2025-01-10,70.04916666666666
mac-03,Project Orion,disk,2025-01-11,70.13541666666667
mac-03,Project Orion,disk,2025-01-12,69.48041666666667
mac-03,Project Orion,disk,2025-01-13,72.01166666666667
mac-03,Project Orion,disk,2025-01-14,69.91833333333334
mac-03,Project Orion,disk,2025-01-15,71.04666666666667
mac-03,Project Orion,disk,2025-01-16,69.37875
mac-03,Project Orion,disk,2025-01-17,68.11749999999999
mac-03,Project Orion,disk,2025-01-18,70.64125
mac-03,Project Orion,disk,2025-01-19,69.52541666666667
mac-03,Project Orion,disk,2025-01-20,69.94333333333333
mac-03,Project Orion,disk,2025-01-21,69.66208333333334
mac-03,Project Orion,disk,2025-01-22,70.63041666666668
mac-03,Project Orion,disk,2025-01-23,71.13833333333334
mac-03,Project Orion,disk,2025-01-24,70.79708333333333
mac-03,Project Orion,disk,2025-01-25,70.29333333333334
mac-03,Project Orion,disk,2025-01-26,70.835
mac-03,Project Orion,disk,2025-01-27,69.73291666666667
mac-03,Project Orion,disk,2025-01-28,70.93958333333333
mac-03,Project Orion,disk,2025-01-29,69.5025
mac-03,Project Orion,disk,2025-01-30,69.00333333333333
mac-03,Project Orion,disk,2025-01-31,69.66666666666667
mac-03,Project Orion,disk,2025-02-01,70.795
mac-03,Project Orion,disk,2025-02-02,69.52666666666666
mac-03,Project Orion,disk,2025-02-03,70.43041666666666
mac-03,Project Orion,disk,2025-02-04,69.66916666666667
mac-03,Project Orion,disk,2025-02-05,70.50083333333333
mac-03,Project Orion,disk,2025-02-06,70.65583333333333
mac-03,Project Orion,disk,2025-02-07,69.50375
mac-03,Project Orion,disk,2025-02-08,70.06791666666668
mac-03,Project Orion,disk,2025-02-09,69.97541666666667
mac-03,Project Orion,disk,2025-02-10,71.35833333333333
mac-03,Project Orion,disk,2025-02-11,71.74125
mac-03,Project Orion,disk,2025-02-12,70.67125
mac-03,Project Orion,disk,2025-02-13,70.37083333333332
mac-03,Project Orion,disk,2025-02-14,70.81208333333333
mac-03,Project Orion,disk,2025-02-15,70.74791666666667
mac-03,Project Orion,disk,2025-02-16,70.74083333333333
mac-03,Project Orion,disk,2025-02-17,72.06666666666666
mac-03,Project Orion,disk,2025-02-18,69.57083333333334
mac-03,Project Orion,disk,2025-02-19,70.78958333333334
mac-03,Project Orion,disk,2025-02-20,68.915
mac-03,Project Orion,disk,2025-02-21,71.62083333333334
mac-03,Project Orion,disk,2025-02-22,69.7825
mac-03,Project Orion,disk,2025-02-23,70.92708333333333
mac-03,Project Orion,disk,2025-02-24,69.84625
mac-03,Project Orion,disk,2025-02-25,71.51833333333333
mac-03,Project Orion,disk,2025-02-26,68.9175
mac-03,Project Orion,disk,2025-02-27,70.55791666666667
mac-03,Project Orion,disk,2025-02-28,69.87583333333333
mac-03,Project Orion,disk,2025-03-01,70.90083333333332
mac-03,Project Orion,disk,2025-03-02,72.17999999999999
mac-03,Project Orion,disk,2025-03-03,70.76291666666667
mac-03,Project Orion,disk,2025-03-04,71.0775
mac-03,Project Orion,disk,2025-03-05,69.59666666666666
mac-03,Project Orion,disk,2025-03-06,71.21166666666666
mac-03,Project Orion,disk,2025-03-07,69.38666666666667
mac-03,Project Orion,disk,2025-03-08,69.79416666666667
mac-03,Project Orion,disk,2025-03-09,71.50458333333334
mac-03,Project Orion,disk,2025-03-10,70.59291666666667
mac-03,Project Orion,disk,2025-03-11,70.82833333333333
mac-03,Project Orion,disk,2025-03-12,71.63416666666667
mac-03,Project Orion,disk,2025-03-13,71.26291666666667
mac-03,Project Orion,disk,2025-03-14,71.39625
mac-03,Project Orion,disk,2025-03-15,70.36458333333333
mac-03,Project Orion,disk,2025-03-16,71.29208333333334
mac-03,Project Orion,disk,2025-03-17,71.34041666666667
mac-03,Project Orion,disk,2025-03-18,72.19375000000001
mac-03,Project Orion,disk,2025-03-19,69.74083333333333
mac-03,Project Orion,disk,2025-03-20,70.145
mac-03,Project Orion,disk,2025-03-21,72.06875000000001
mac-03,Project Orion,disk,2025-03-22,70.20875
mac-03,Project Orion,disk,2025-03-23,69.72416666666668
mac-03,Project Orion,disk,2025-03-24,69.59291666666667
mac-03,Project Orion,disk,2025-03-25,69.34083333333334
mac-03,Project Orion,disk,2025-03-26,72.21458333333334
mac-03,Project Orion,disk,2025-03-27,70.7625
mac-03,Project Orion,disk,2025-03-28,72.115
mac-03,Project Orion,disk,2025-03-29,70.13250000000001
mac-03,Project Orion,disk,2025-03-30,68.98875
mac-03,Project Orion,disk,2025-03-31,71.74208333333333
mac-03,Project Orion,disk,2025-04-01,69.92791666666666
mac-03,Project Orion,disk,2025-04-02,70.88166666666667
mac-03,Project Orion,disk,2025-04-03,71.32416666666667
mac-03,Project Orion,disk,2025-04-04,70.4075
mac-03,Project Orion,disk,2025-04-05,71.88833333333334
mac-03,Project Orion,disk,2025-04-06,70.15666666666667
mac-03,Project Orion,disk,2025-04-07,71.28083333333333
mac-03,Project Orion,disk,2025-04-08,70.85041666666667
mac-03,Project Orion,disk,2025-04-09,69.98833333333333
mac-03,Project Orion,disk,2025-04-10,72.98958333333333
mac-03,Project Orion,disk,2025-04-11,70.1025
mac-03,Project Orion,disk,2025-04-12,70.83958333333334
mac-03,Project Orion,disk,2025-04-13,70.74916666666667
mac-03,Project Orion,disk,2025-04-14,71.78
mac-03,Project Orion,disk,2025-04-15,71.46958333333333
mac-03,Project Orion,disk,2025-04-16,70.29125
mac-03,Project Orion,disk,2025-04-17,71.86416666666666
mac-03,Project Orion,disk,2025-04-18,71.68666666666667
mac-03,Project Orion,disk,2025-04-19,70.8625
mac-03,Project Orion,disk,2025-04-20,70.52374999999999
mac-03,Project Orion,disk,2025-04-21,72.26125
mac-03,Project Orion,disk,2025-04-22,70.72041666666667
mac-03,Project Orion,disk,2025-04-23,69.75500000000001
mac-03,Project Orion,disk,2025-04-24,70.6425
mac-03,Project Orion,disk,2025-04-25,71.11416666666666
mac-03,Project Orion,disk,2025-04-26,71.07208333333334
mac-03,Project Orion,disk,2025-04-27,71.72166666666666
mac-03,Project Orion,disk,2025-04-28,71.58583333333333
mac-03,Project Orion,disk,2025-04-29,70.03916666666667
mac-03,Project Orion,disk,2025-04-30,71.92666666666666
mac-03,Project Orion,disk,2025-05-01,69.63041666666668
mac-03,Project Orion,disk,2025-05-02,70.70583333333333
mac-03,Project Orion,disk,2025-05-03,70.82958333333333
mac-03,Project Orion,disk,2025-05-04,70.49791666666667
mac-03,Project Orion,disk,2025-05-05,71.56666666666666
mac-03,Project Orion,disk,2025-05-06,70.27708333333334
mac-03,Project Orion,disk,2025-05-07,71.37083333333334
mac-03,Project Orion,disk,2025-05-08,70.64625
mac-03,Project Orion,disk,2025-05-09,71.00375
mac-03,Project Orion,disk,2025-05-10,71.78666666666666
mac-03,Project Orion,disk,2025-05-11,70.73875
mac-03,Project Orion,disk,2025-05-12,71.36083333333333
mac-03,Project Orion,disk,2025-05-13,71.165
mac-03,Project Orion,disk,2025-05-14,72.13791666666667
mac-03,Project Orion,disk,2025-05-15,71.55875
mac-03,Project Orion,disk,2025-05-16,71.08875
mac-03,Project Orion,disk,2025-05-17,71.58541666666666
mac-03,Project Orion,disk,2025-05-18,69.77625
mac-03,Project Orion,disk,2025-05-19,71.06916666666667
mac-03,Project Orion,disk,2025-05-20,71.85541666666667
mac-03,Project Orion,disk,2025-05-21,72.40583333333333
mac-03,Project Orion,disk,2025-05-22,72.70916666666666
mac-03,Project Orion,disk,2025-05-23,71.53125
mac-03,Project Orion,disk,2025-05-24,71.39208333333333
mac-03,Project Orion,disk,2025-05-25,70.41958333333334
mac-03,Project Orion,disk,2025-05-26,71.13708333333334
mac-03,Project Orion,disk,2025-05-27,70.8225
mac-03,Project Orion,disk,2025-05-28,71.62791666666666
mac-03,Project Orion,disk,2025-05-29,72.60333333333334
mac-03,Project Orion,disk,2025-05-30,71.01666666666667
mac-03,Project Orion,disk,2025-05-31,70.84625
mac-03,Project Orion,disk,2025-06-01,72.55333333333333
mac-03,Project Orion,disk,2025-06-02,70.95333333333333
mac-03,Project Orion,disk,2025-06-03,70.88458333333334
mac-03,Project Orion,disk,2025-06-04,71.00583333333334
mac-03,Project Orion,disk,2025-06-05,71.43708333333333
mac-03,Project Orion,disk,2025-06-06,70.79125
mac-03,Project Orion,disk,2025-06-07,71.35708333333334
mac-03,Project Orion,disk,2025-06-08,71.90833333333333
mac-03,Project Orion,disk,2025-06-09,71.17333333333333
mac-03,Project Orion,disk,2025-06-10,71.705
mac-03,Project Orion,disk,2025-06-11,71.61
mac-03,Project Orion,disk,2025-06-12,71.21875
mac-03,Project Orion,disk,2025-06-13,73.0025
mac-03,Project Orion,disk,2025-06-14,72.05375
mac-03,Project Orion,disk,2025-06-15,72.235
mac-03,Project Orion,disk,2025-06-16,71.8125
mac-03,Project Orion,disk,2025-06-17,72.55666666666666
mac-03,Project Orion,disk,2025-06-18,71.24833333333333
mac-03,Project Orion,disk,2025-06-19,71.62666666666667
mac-03,Project Orion,disk,2025-06-20,72.59875000000001
mac-03,Project Orion,disk,2025-06-21,70.34791666666666
mac-03,Project Orion,disk,2025-06-22,70.99374999999999
mac-03,Project Orion,disk,2025-06-23,71.40541666666667
mac-03,Project Orion,disk,2025-06-24,72.42875
mac-03,Project Orion,disk,2025-06-25,72.41333333333334
mac-03,Project Orion,disk,2025-06-26,71.12125
mac-03,Project Orion,disk,2025-06-27,71.48875
mac-03,Project Orion,disk,2025-06-28,71.78708333333334
mac-03,Project Orion,disk,2025-06-29,71.9225
mac-03,Project Orion,disk,2025-06-30,69.66291666666666
mac-03,Project Orion,disk,2025-07-01,72.81333333333333
mac-03,Project Orion,disk,2025-07-02,71.46458333333334
mac-03,Project Orion,disk,2025-07-03,71.27291666666666
mac-03,Project Orion,disk,2025-07-04,71.5175
mac-03,Project Orion,disk,2025-07-05,71.44958333333334
mac-03,Project Orion,disk,2025-07-06,73.66958333333334
mac-03,Project Orion,disk,2025-07-07,71.90625
mac-03,Project Orion,disk,2025-07-08,71.59166666666667
mac-03,Project Orion,disk,2025-07-09,71.78666666666666
mac-03,Project Orion,disk,2025-07-10,71.135
mac-03,Project Orion,disk,2025-07-11,73.44208333333333
mac-03,Project Orion,disk,2025-07-12,70.84375
mac-03,Project Orion,disk,2025-07-13,72.85708333333334
mac-03,Project Orion,disk,2025-07-14,72.62083333333334
mac-03,Project Orion,disk,2025-07-15,71.47583333333334
mac-03,Project Orion,disk,2025-07-16,71.42833333333333
mac-03,Project Orion,disk,2025-07-17,72.00958333333334
mac-03,Project Orion,disk,2025-07-18,71.895
mac-03,Project Orion,disk,2025-07-19,71.78958333333334
mac-03,Project Orion,disk,2025-07-20,73.38208333333334
mac-03,Project Orion,disk,2025-07-21,71.9475
mac-03,Project Orion,disk,2025-07-22,72.72833333333334
mac-03,Project Orion,disk,2025-07-23,71.89999999999999
mac-03,Project Orion,disk,2025-07-24,71.90458333333333
mac-03,Project Orion,disk,2025-07-25,72.10958333333333
mac-03,Project Orion,disk,2025-07-26,71.0925
mac-03,Project Orion,disk,2025-07-27,71.81375
mac-03,Project Orion,disk,2025-07-28,72.29208333333334
mac-03,Project Orion,disk,2025-07-29,72.51375
mac-03,Project Orion,disk,2025-07-30,72.29041666666667
mac-03,Project Orion,disk,2025-07-31,71.78583333333333
mac-03,Project Orion,disk,2025-08-01,72.75041666666667
mac-03,Project Orion,disk,2025-08-02,71.68583333333333
mac-03,Project Orion,disk,2025-08-03,73.49583333333334
mac-03,Project Orion,disk,2025-08-04,71.69875
mac-03,Project Orion,disk,2025-08-05,73.48916666666666
mac-03,Project Orion,disk,2025-08-06,72.24249999999999
mac-03,Project Orion,disk,2025-08-07,73.24333333333333
mac-03,Project Orion,disk,2025-08-08,74.60791666666667
mac-03,Project Orion,disk,2025-08-09,72.12291666666667
mac-03,Project Orion,disk,2025-08-10,72.29125
mac-03,Project Orion,disk,2025-08-11,71.38583333333334
mac-03,Project Orion,disk,2025-08-12,71.84375
mac-03,Project Orion,disk,2025-08-13,72.625
mac-03,Project Orion,disk,2025-08-14,72.38625
mac-03,Project Orion,disk,2025-08-15,72.79166666666667
mac-03,Project Orion,disk,2025-08-16,71.56916666666667
mac-03,Project Orion,disk,2025-08-17,72.235
mac-03,Project Orion,disk,2025-08-18,71.79583333333333
mac-03,Project Orion,disk,2025-08-19,72.235
mac-03,Project Orion,disk,2025-08-20,72.26625
mac-03,Project Orion,disk,2025-08-21,71.26958333333333
mac-03,Project Orion,disk,2025-08-22,72.69125
mac-03,Project Orion,disk,2025-08-23,71.40333333333334
mac-03,Project Orion,disk,2025-08-24,70.53958333333334
mac-03,Project Orion,disk,2025-08-25,71.53583333333333
mac-03,Project Orion,disk,2025-08-26,71.94333333333334
mac-03,Project Orion,disk,2025-08-27,71.665
mac-03,Project Orion,disk,2025-08-28,72.95208333333333
mac-03,Project Orion,disk,2025-08-29,70.90291666666667
mac-03,Project Orion,disk,2025-08-30,72.07166666666667
mac-03,Project Orion,disk,2025-08-31,71.90083333333332
mac-03,Project Orion,disk,2025-09-01,73.72875
mac-03,Project Orion,disk,2025-09-02,72.31
mac-03,Project Orion,disk,2025-09-03,73.66416666666667
mac-03,Project Orion,disk,2025-09-04,72.48458333333333
mac-03,Project Orion,disk,2025-09-05,71.51208333333334
mac-03,Project Orion,disk,2025-09-06,71.50666666666667
mac-03,Project Orion,disk,2025-09-07,71.41791666666667
mac-03,Project Orion,disk,2025-09-08,73.39333333333333
mac-03,Project Orion,disk,2025-09-09,72.86749999999999
mac-03,Project Orion,disk,2025-09-10,72.92541666666666
mac-03,Project Orion,disk,2025-09-11,71.41083333333334
mac-03,Project Orion,disk,2025-09-12,73.53666666666668
mac-03,Project Orion,disk,2025-09-13,72.07625
mac-03,Project Orion,disk,2025-09-14,73.34583333333333
mac-03,Project Orion,disk,2025-09-15,73.31
mac-03,Project Orion,disk,2025-09-16,71.73166666666667
mac-03,Project Orion,disk,2025-09-17,70.89874999999999
mac-03,Project Orion,disk,2025-09-18,72.3025
mac-03,Project Orion,disk,2025-09-19,71.6625
mac-03,Project Orion,disk,2025-09-20,73.59
mac-03,Project Orion,disk,2025-09-21,71.955
mac-03,Project Orion,disk,2025-09-22,71.65875
mac-03,Project Orion,disk,2025-09-23,72.16625
mac-03,Project Orion,disk,2025-09-24,73.09
mac-03,Project Orion,disk,2025-09-25,72.83291666666666
mac-03,Project Orion,disk,2025-09-26,72.50791666666667
mac-03,Project Orion,disk,2025-09-27,72.99249999999999
mac-03,Project Orion,disk,2025-09-28,72.65083333333334
mac-03,Project Orion,disk,2025-09-29,73.4075
mac-03,Project Orion,disk,2025-09-30,72.43875
mac-03,Project Orion,disk,2025-10-01,71.59708333333333
mac-03,Project Orion,disk,2025-10-02,71.21875
mac-03,Project Orion,disk,2025-10-03,72.94541666666667
mac-03,Project Orion,disk,2025-10-04,72.78458333333333
mac-03,Project Orion,disk,2025-10-05,72.57166666666667
mac-03,Project Orion,disk,2025-10-06,73.7175
mac-03,Project Orion,disk,2025-10-07,71.48125
mac-03,Project Orion,disk,2025-10-08,72.77916666666667
mac-03,Project Orion,disk,2025-10-09,72.28416666666666
mac-03,Project Orion,disk,2025-10-10,71.48333333333333
mac-03,Project Orion,disk,2025-10-11,72.31291666666667
mac-03,Project Orion,disk,2025-10-12,71.84041666666667
mac-03,Project Orion,disk,2025-10-13,73.125
mac-03,Project Orion,disk,2025-10-14,71.86874999999999
mac-03,Project Orion,disk,2025-10-15,72.78458333333333
mac-03,Project Orion,disk,2025-10-16,73.8725
mac-03,Project Orion,disk,2025-10-17,73.735
mac-03,Project Orion,disk,2025-10-18,72.81083333333333
mac-03,Project Orion,disk,2025-10-19,71.54541666666667
mac-03,Project Orion,disk,2025-10-20,73.32333333333334
mac-03,Project Orion,disk,2025-10-21,72.93291666666666
mac-03,Project Orion,disk,2025-10-22,73.35291666666667
mac-03,Project Orion,disk,2025-10-23,74.01041666666667
mac-03,Project Orion,disk,2025-10-24,74.11208333333333
mac-03,Project Orion,disk,2025-10-25,73.50333333333333
mac-03,Project Orion,disk,2025-10-26,72.45875
mac-03,Project Orion,disk,2025-10-27,72.64708333333333
mac-03,Project Orion,disk,2025-10-28,73.67833333333333
mac-03,Project Orion,disk,2025-10-29,71.79
mac-03,Project Orion,disk,2025-10-30,71.73541666666667
mac-03,Project Orion,disk,2025-10-31,72.43875
mac-03,Project Orion,disk,2025-11-01,73.88333333333334
mac-03,Project Orion,disk,2025-11-02,73.13125000000001
mac-03,Project Orion,disk,2025-11-03,73.58208333333333
mac-03,Project Orion,disk,2025-11-04,73.39625
mac-03,Project Orion,disk,2025-11-05,73.37375
mac-03,Project Orion,disk,2025-11-06,72.97208333333333
mac-03,Project Orion,disk,2025-11-07,71.40458333333333
mac-03,Project Orion,disk,2025-11-08,72.36333333333333
mac-03,Project Orion,disk,2025-11-09,73.77041666666666
mac-03,Project Orion,disk,2025-11-10,74.01083333333334
mac-03,Project Orion,disk,2025-11-11,72.90166666666667
mac-03,Project Orion,disk,2025-11-12,70.49666666666667
mac-03,Project Orion,disk,2025-11-13,74.00166666666667
mac-03,Project Orion,disk,2025-11-14,72.16333333333334
mac-03,Project Orion,disk,2025-11-15,72.62416666666667
mac-03,Project Orion,disk,2025-11-16,72.87125
mac-03,Project Orion,disk,2025-11-17,72.4725
mac-03,Project Orion,disk,2025-11-18,72.64541666666666
mac-03,Project Orion,disk,2025-11-19,72.43708333333333
mac-03,Project Orion,disk,2025-11-20,74.1025
mac-03,Project Orion,disk,2025-11-21,72.2075
mac-03,Project Orion,disk,2025-11-22,71.71166666666666
mac-03,Project Orion,disk,2025-11-23,71.605
mac-03,Project Orion,disk,2025-11-24,73.25583333333334
mac-03,Project Orion,disk,2025-11-25,71.995
mac-03,Project Orion,disk,2025-11-26,72.76041666666667
mac-03,Project Orion,disk,2025-11-27,72.64708333333333
mac-03,Project Orion,disk,2025-11-28,72.10958333333333
mac-03,Project Orion,disk,2025-11-29,72.26083333333334
mac-03,Project Orion,disk,2025-11-30,73.26583333333333
mac-03,Project Orion,disk,2025-12-01,72.17458333333333
mac-03,Project Orion,disk,2025-12-02,73.75583333333334
mac-03,Project Orion,disk,2025-12-03,73.595
mac-03,Project Orion,disk,2025-12-04,73.38
mac-03,Project Orion,disk,2025-12-05,72.12458333333333
mac-03,Project Orion,disk,2025-12-06,72.05333333333333
mac-03,Project Orion,disk,2025-12-07,72.68416666666667
mac-03,Project Orion,disk,2025-12-08,71.72916666666667
mac-03,Project Orion,disk,2025-12-09,72.91833333333334
mac-03,Project Orion,disk,2025-12-10,71.98208333333334
mac-03,Project Orion,disk,2025-12-11,73.30375
mac-03,Project Orion,disk,2025-12-12,72.39625
mac-03,Project Orion,disk,2025-12-13,73.38125000000001
mac-03,Project Orion,disk,2025-12-14,73.42416666666666
mac-03,Project Orion,disk,2025-12-15,72.11916666666667
mac-03,Project Orion,disk,2025-12-16,73.35208333333334
mac-03,Project Orion,disk,2025-12-17,72.67916666666666
mac-03,Project Orion,disk,2025-12-18,73.88875
mac-03,Project Orion,disk,2025-12-19,72.97708333333334
mac-03,Project Orion,disk,2025-12-20,73.565
mac-03,Project Orion,disk,2025-12-21,73.11333333333333
mac-03,Project Orion,disk,2025-12-22,72.42791666666666
mac-03,Project Orion,disk,2025-12-23,72.03166666666667
mac-03,Project Orion,disk,2025-12-24,72.78333333333333
mac-03,Project Orion,disk,2025-12-25,72.96583333333334
mac-03,Project Orion,disk,2025-12-26,73.44833333333334
mac-03,Project Orion,disk,2025-12-27,72.11625
mac-03,Project Orion,disk,2025-12-28,73.42916666666666
mac-03,Project Orion,disk,2025-12-29,73.42958333333333
mac-03,Project Orion,disk,2025-12-30,71.79625
mac-03,Project Orion,disk,2025-12-31,72.04708333333333
mac-03,Project Orion,ram,2025-01-01,60.92666666666667
mac-03,Project Orion,ram,2025-01-02,61.416666666666664
mac-03,Project Orion,ram,2025-01-03,61.9025
mac-03,Project Orion,ram,2025-01-04,61.732499999999995
mac-03,Project Orion,ram,2025-01-05,60.62083333333334
mac-03,Project Orion,ram,2025-01-06,61.1675
mac-03,Project Orion,ram,2025-01-07,60.33958333333334
mac-03,Project Orion,ram,2025-01-08,61.09833333333333
mac-03,Project Orion,ram,2025-01-09,60.83375
mac-03,Project Orion,ram,2025-01-10,60.82666666666666
mac-03,Project Orion,ram,2025-01-11,61.376666666666665
mac-03,Project Orion,ram,2025-01-12,61.193333333333335
mac-03,Project Orion,ram,2025-01-13,62.1575
mac-03,Project Orion,ram,2025-01-14,62.12041666666667
mac-03,Project Orion,ram,2025-01-15,61.54458333333333
mac-03,Project Orion,ram,2025-01-16,62.831250000000004
mac-03,Project Orion,ram,2025-01-17,63.35583333333333
mac-03,Project Orion,ram,2025-01-18,61.2225
mac-03,Project Orion,ram,2025-01-19,61.81166666666667
mac-03,Project Orion,ram,2025-01-20,62.44708333333333
mac-03,Project Orion,ram,2025-01-21,62.69083333333333
mac-03,Project Orion,ram,2025-01-22,60.88291666666667
mac-03,Project Orion,ram,2025-01-23,63.30875
mac-03,Project Orion,ram,2025-01-24,61.193333333333335
mac-03,Project Orion,ram,2025-01-25,60.29666666666666
mac-03,Project Orion,ram,2025-01-26,61.03041666666667
mac-03,Project Orion,ram,2025-01-27,60.54416666666666
mac-03,Project Orion,ram,2025-01-28,62.09125
mac-03,Project Orion,ram,2025-01-29,62.53541666666666
mac-03,Project Orion,ram,2025-01-30,61.88625
mac-03,Project Orion,ram,2025-01-31,60.826249999999995
mac-03,Project Orion,ram,2025-02-01,61.2825
mac-03,Project Orion,ram,2025-02-02,60.34791666666666
mac-03,Project Orion,ram,2025-02-03,60.380833333333335
mac-03,Project Orion,ram,2025-02-04,60.989583333333336
mac-03,Project Orion,ram,2025-02-05,60.979166666666664
mac-03,Project Orion,ram,2025-02-06,60.49625
mac-03,Project Orion,ram,2025-02-07,61.59125
mac-03,Project Orion,ram,2025-02-08,61.95416666666667
mac-03,Project Orion,ram,2025-02-09,62.08291666666667
mac-03,Project Orion,ram,2025-02-10,60.61958333333333
mac-03,Project Orion,ram,2025-02-11,61.52875
mac-03,Project Orion,ram,2025-02-12,61.177083333333336
mac-03,Project Orion,ram,2025-02-13,61.9575
mac-03,Project Orion,ram,2025-02-14,61.248333333333335
mac-03,Project Orion,ram,2025-02-15,62.586666666666666
mac-03,Project Orion,ram,2025-02-16,61.635
mac-03,Project Orion,ram,2025-02-17,61.030833333333334
mac-03,Project Orion,ram,2025-02-18,61.97125
mac-03,Project Orion,ram,2025-02-19,61.0425
mac-03,Project Orion,ram,2025-02-20,60.661249999999995
mac-03,Project Orion,ram,2025-02-21,62.18291666666667
mac-03,Project Orion,ram,2025-02-22,60.249583333333334
mac-03,Project Orion,ram,2025-02-23,62.251666666666665
mac-03,Project Orion,ram,2025-02-24,60.75625
mac-03,Project Orion,ram,2025-02-25,60.7275
mac-03,Project Orion,ram,2025-02-26,61.91416666666667
mac-03,Project Orion,ram,2025-02-27,63.218333333333334
mac-03,Project Orion,ram,2025-02-28,61.13291666666667
mac-03,Project Orion,ram,2025-03-01,62.20375000000001
mac-03,Project Orion,ram,2025-03-02,61.86083333333334
mac-03,Project Orion,ram,2025-03-03,63.62875
mac-03,Project Orion,ram,2025-03-04,63.63125
mac-03,Project Orion,ram,2025-03-05,61.540416666666665
mac-03,Project Orion,ram,2025-03-06,63.09458333333333
mac-03,Project Orion,ram,2025-03-07,62.12958333333333
mac-03,Project Orion,ram,2025-03-08,62.05625
mac-03,Project Orion,ram,2025-03-09,63.0075
mac-03,Project Orion,ram,2025-03-10,62.642500000000005
mac-03,Project Orion,ram,2025-03-11,62.555
mac-03,Project Orion,ram,2025-03-12,61.94
mac-03,Project Orion,ram,2025-03-13,60.7875
mac-03,Project Orion,ram,2025-03-14,62.21
mac-03,Project Orion,ram,2025-03-15,61.00791666666667
mac-03,Project Orion,ram,2025-03-16,61.18125
mac-03,Project Orion,ram,2025-03-17,61.85791666666666
mac-03,Project Orion,ram,2025-03-18,62.40416666666667
mac-03,Project Orion,ram,2025-03-19,60.58541666666667
mac-03,Project Orion,ram,2025-03-20,63.07583333333333
mac-03,Project Orion,ram,2025-03-21,62.38999999999999
mac-03,Project Orion,ram,2025-03-22,63.655
mac-03,Project Orion,ram,2025-03-23,61.70249999999999
mac-03,Project Orion,ram,2025-03-24,63.35666666666666
mac-03,Project Orion,ram,2025-03-25,61.93666666666667
mac-03,Project Orion,ram,2025-03-26,62.01208333333333
mac-03,Project Orion,ram,2025-03-27,62.595
mac-03,Project Orion,ram,2025-03-28,61.778333333333336
mac-03,Project Orion,ram,2025-03-29,62.75625
mac-03,Project Orion,ram,2025-03-30,60.99583333333334
mac-03,Project Orion,ram,2025-03-31,62.4025
mac-03,Project Orion,ram,2025-04-01,62.32208333333333
mac-03,Project Orion,ram,2025-04-02,62.062916666666666
mac-03,Project Orion,ram,2025-04-03,62.117916666666666
mac-03,Project Orion,ram,2025-04-04,62.166666666666664
mac-03,Project Orion,ram,2025-04-05,61.97208333333333
mac-03,Project Orion,ram,2025-04-06,63.42083333333333
mac-03,Project Orion,ram,2025-04-07,61.67166666666666
mac-03,Project Orion,ram,2025-04-08,61.48458333333334
mac-03,Project Orion,ram,2025-04-09,61.41166666666667
mac-03,Project Orion,ram,2025-04-10,61.12708333333333
mac-03,Project Orion,ram,2025-04-11,61.975833333333334
mac-03,Project Orion,ram,2025-04-12,63.507083333333334
mac-03,Project Orion,ram,2025-04-13,63.09375
mac-03,Project Orion,ram,2025-04-14,62.85791666666666
mac-03,Project Orion,ram,2025-04-15,62.92666666666667
mac-03,Project Orion,ram,2025-04-16,62.19375
mac-03,Project Orion,ram,2025-04-17,62.178333333333335
mac-03,Project Orion,ram,2025-04-18,61.89833333333333
mac-03,Project Orion,ram,2025-04-19,60.86833333333333
mac-03,Project Orion,ram,2025-04-20,62.26958333333334
mac-03,Project Orion,ram,2025-04-21,62.19958333333333
mac-03,Project Orion,ram,2025-04-22,60.96541666666667
mac-03,Project Orion,ram,2025-04-23,60.535
mac-03,Project Orion,ram,2025-04-24,60.76708333333334
mac-03,Project Orion,ram,2025-04-25,63.89333333333334
mac-03,Project Orion,ram,2025-04-26,62.83583333333333
mac-03,Project Orion,ram,2025-04-27,61.29333333333333
mac-03,Project Orion,ram,2025-04-28,61.78583333333333
mac-03,Project Orion,ram,2025-04-29,61.95083333333333
mac-03,Project Orion,ram,2025-04-30,61.54541666666666
mac-03,Project Orion,ram,2025-05-01,61.999583333333334
mac-03,Project Orion,ram,2025-05-02,61.384166666666665
mac-03,Project Orion,ram,2025-05-03,61.26458333333333
mac-03,Project Orion,ram,2025-05-04,63.24208333333333
mac-03,Project Orion,ram,2025-05-05,62.85708333333333
mac-03,Project Orion,ram,2025-05-06,63.135416666666664
mac-03,Project Orion,ram,2025-05-07,63.505
mac-03,Project Orion,ram,2025-05-08,62.68625
mac-03,Project Orion,ram,2025-05-09,63.18958333333333
mac-03,Project Orion,ram,2025-05-10,62.07416666666666
mac-03,Project Orion,ram,2025-05-11,62.64958333333333
mac-03,Project Orion,ram,2025-05-12,62.29708333333334
mac-03,Project Orion,ram,2025-05-13,62.068333333333335
mac-03,Project Orion,ram,2025-05-14,62.83375
mac-03,Project Orion,ram,2025-05-15,61.83416666666667
mac-03,Project Orion,ram,2025-05-16,63.01
mac-03,Project Orion,ram,2025-05-17,62.39875
mac-03,Project Orion,ram,2025-05-18,62.9075
mac-03,Project Orion,ram,2025-05-19,61.947916666666664
mac-03,Project Orion,ram,2025-05-20,62.17250000000001
mac-03,Project Orion,ram,2025-05-21,62.26833333333334
mac-03,Project Orion,ram,2025-05-22,62.46125
mac-03,Project Orion,ram,2025-05-23,61.236250000000005
mac-03,Project Orion,ram,2025-05-24,63.388749999999995
mac-03,Project Orion,ram,2025-05-25,61.321666666666665
mac-03,Project Orion,ram,2025-05-26,63.54
mac-03,Project Orion,ram,2025-05-27,62.25541666666667
mac-03,Project Orion,ram,2025-05-28,62.21625
mac-03,Project Orion,ram,2025-05-29,61.22541666666667
mac-03,Project Orion,ram,2025-05-30,62.58375
mac-03,Project Orion,ram,2025-05-31,62.534166666666664
mac-03,Project Orion,ram,2025-06-01,62.1625
mac-03,Project Orion,ram,2025-06-02,62.36291666666667
mac-03,Project Orion,ram,2025-06-03,62.26416666666666
mac-03,Project Orion,ram,2025-06-04,61.7175
mac-03,Project Orion,ram,2025-06-05,61.903333333333336
mac-03,Project Orion,ram,2025-06-06,63.240833333333335
mac-03,Project Orion,ram,2025-06-07,63.44083333333333
mac-03,Project Orion,ram,2025-06-08,59.49458333333333
mac-03,Project Orion,ram,2025-06-09,62.52875
mac-03,Project Orion,ram,2025-06-10,61.1025
mac-03,Project Orion,ram,2025-06-11,62.159166666666664
mac-03,Project Orion,ram,2025-06-12,62.15625
mac-03,Project Orion,ram,2025-06-13,63.97541666666667
mac-03,Project Orion,ram,2025-06-14,63.071666666666665
mac-03,Project Orion,ram,2025-06-15,63.117916666666666
mac-03,Project Orion,ram,2025-06-16,62.278333333333336
mac-03,Project Orion,ram,2025-06-17,62.07749999999999
mac-03,Project Orion,ram,2025-06-18,61.365833333333335
mac-03,Project Orion,ram,2025-06-19,62.982499999999995
mac-03,Project Orion,ram,2025-06-20,63.96875
mac-03,Project Orion,ram,2025-06-21,62.72083333333333
mac-03,Project Orion,ram,2025-06-22,61.213750000000005
mac-03,Project Orion,ram,2025-06-23,62.64458333333334
mac-03,Project Orion,ram,2025-06-24,63.75875
mac-03,Project Orion,ram,2025-06-25,61.862500000000004
mac-03,Project Orion,ram,2025-06-26,64.33916666666667
mac-03,Project Orion,ram,2025-06-27,62.04583333333333
mac-03,Project Orion,ram,2025-06-28,62.981249999999996
mac-03,Project Orion,ram,2025-06-29,63.09458333333333
mac-03,Project Orion,ram,2025-06-30,62.21625
mac-03,Project Orion,ram,2025-07-01,61.94416666666667
mac-03,Project Orion,ram,2025-07-02,63.4275
mac-03,Project Orion,ram,2025-07-03,62.794999999999995
mac-03,Project Orion,ram,2025-07-04,63.362500000000004
mac-03,Project Orion,ram,2025-07-05,63.2075
mac-03,Project Orion,ram,2025-07-06,62.169999999999995
mac-03,Project Orion,ram,2025-07-07,62.82125
mac-03,Project Orion,ram,2025-07-08,63.22208333333333
mac-03,Project Orion,ram,2025-07-09,62.52875
mac-03,Project Orion,ram,2025-07-10,64.28916666666667
mac-03,Project Orion,ram,2025-07-11,63.961666666666666
mac-03,Project Orion,ram,2025-07-12,62.59625
mac-03,Project Orion,ram,2025-07-13,62.54416666666666
mac-03,Project Orion,ram,2025-07-14,61.463750000000005
mac-03,Project Orion,ram,2025-07-15,62.73708333333334
mac-03,Project Orion,ram,2025-07-16,64.38666666666667
mac-03,Project Orion,ram,2025-07-17,62.517500000000005
mac-03,Project Orion,ram,2025-07-18,63.553333333333335
mac-03,Project Orion,ram,2025-07-19,63.630833333333335
mac-03,Project Orion,ram,2025-07-20,62.659166666666664
mac-03,Project Orion,ram,2025-07-21,63.04458333333333
mac-03,Project Orion,ram,2025-07-22,62.99
mac-03,Project Orion,ram,2025-07-23,62.71
mac-03,Project Orion,ram,2025-07-24,63.364583333333336
mac-03,Project Orion,ram,2025-07-25,63.205000000000005
mac-03,Project Orion,ram,2025-07-26,62.93666666666667
mac-03,Project Orion,ram,2025-07-27,63.77791666666667
mac-03,Project Orion,ram,2025-07-28,61.81166666666667
mac-03,Project Orion,ram,2025-07-29,60.94
mac-03,Project Orion,ram,2025-07-30,63.974583333333335
mac-03,Project Orion,ram,2025-07-31,62.94958333333333
mac-03,Project Orion,ram,2025-08-01,62.37291666666667
mac-03,Project Orion,ram,2025-08-02,63.95083333333333
mac-03,Project Orion,ram,2025-08-03,63.99
mac-03,Project Orion,ram,2025-08-04,63.83583333333333
mac-03,Project Orion,ram,2025-08-05,63.63458333333333
mac-03,Project Orion,ram,2025-08-06,63.0975
mac-03,Project Orion,ram,2025-08-07,64.01541666666667
mac-03,Project Orion,ram,2025-08-08,62.4025
mac-03,Project Orion,ram,2025-08-09,63.75875
mac-03,Project Orion,ram,2025-08-10,61.50458333333333
mac-03,Project Orion,ram,2025-08-11,64.12291666666667
mac-03,Project Orion,ram,2025-08-12,63.41583333333333
mac-03,Project Orion,ram,2025-08-13,64.47833333333334
mac-03,Project Orion,ram,2025-08-14,62.377916666666664
mac-03,Project Orion,ram,2025-08-15,64.07375
mac-03,Project Orion,ram,2025-08-16,63.38083333333333
mac-03,Project Orion,ram,2025-08-17,62.892500000000005
mac-03,Project Orion,ram,2025-08-18,63.41625
mac-03,Project Orion,ram,2025-08-19,64.14333333333333
mac-03,Project Orion,ram,2025-08-20,64.46541666666667
mac-03,Project Orion,ram,2025-08-21,62.84625
mac-03,Project Orion,ram,2025-08-22,63.94083333333333
mac-03,Project Orion,ram,2025-08-23,63.52375
mac-03,Project Orion,ram,2025-08-24,63.43
mac-03,Project Orion,ram,2025-08-25,63.76333333333333
mac-03,Project Orion,ram,2025-08-26,63.594166666666666
mac-03,Project Orion,ram,2025-08-27,63.418749999999996
mac-03,Project Orion,ram,2025-08-28,63.41791666666666
mac-03,Project Orion,ram,2025-08-29,61.34166666666667
mac-03,Project Orion,ram,2025-08-30,62.53958333333333
mac-03,Project Orion,ram,2025-08-31,63.410833333333336
mac-03,Project Orion,ram,2025-09-01,62.899166666666666
mac-03,Project Orion,ram,2025-09-02,63.96666666666667
mac-03,Project Orion,ram,2025-09-03,63.27125
mac-03,Project Orion,ram,2025-09-04,64.33458333333333
mac-03,Project Orion,ram,2025-09-05,62.588750000000005
mac-03,Project Orion,ram,2025-09-06,63.45875
mac-03,Project Orion,ram,2025-09-07,63.965
mac-03,Project Orion,ram,2025-09-08,64.11208333333333
mac-03,Project Orion,ram,2025-09-09,63.21666666666667
mac-03,Project Orion,ram,2025-09-10,63.03125
mac-03,Project Orion,ram,2025-09-11,62.935
mac-03,Project Orion,ram,2025-09-12,63.39791666666667
mac-03,Project Orion,ram,2025-09-13,63.08208333333334
mac-03,Project Orion,ram,2025-09-14,63.1275
mac-03,Project Orion,ram,2025-09-15,63.507083333333334
mac-03,Project Orion,ram,2025-09-16,63.757083333333334
mac-03,Project Orion,ram,2025-09-17,63.48041666666666
mac-03,Project Orion,ram,2025-09-18,62.79208333333333
mac-03,Project Orion,ram,2025-09-19,63.84291666666667
mac-03,Project Orion,ram,2025-09-20,63.15
mac-03,Project Orion,ram,2025-09-21,63.24916666666667
mac-03,Project Orion,ram,2025-09-22,63.56041666666667
mac-03,Project Orion,ram,2025-09-23,64.08416666666666
mac-03,Project Orion,ram,2025-09-24,65.115
mac-03,Project Orion,ram,2025-09-25,64.54291666666667
mac-03,Project Orion,ram,2025-09-26,63.8825
mac-03,Project Orion,ram,2025-09-27,64.67583333333333
mac-03,Project Orion,ram,2025-09-28,64.69
mac-03,Project Orion,ram,2025-09-29,64.53208333333333
mac-03,Project Orion,ram,2025-09-30,63.47625
mac-03,Project Orion,ram,2025-10-01,64.02208333333333
mac-03,Project Orion,ram,2025-10-02,63.60458333333333
mac-03,Project Orion,ram,2025-10-03,63.74166666666667
mac-03,Project Orion,ram,2025-10-04,64.00208333333333
mac-03,Project Orion,ram,2025-10-05,63.873333333333335
mac-03,Project Orion,ram,2025-10-06,66.26625
mac-03,Project Orion,ram,2025-10-07,64.16250000000001
mac-03,Project Orion,ram,2025-10-08,62.905
mac-03,Project Orion,ram,2025-10-09,63.675000000000004
mac-03,Project Orion,ram,2025-10-10,63.2775
mac-03,Project Orion,ram,2025-10-11,62.784166666666664
mac-03,Project Orion,ram,2025-10-12,62.5975
mac-03,Project Orion,ram,2025-10-13,62.932500000000005
mac-03,Project Orion,ram,2025-10-14,64.50208333333333
mac-03,Project Orion,ram,2025-10-15,63.53333333333333
mac-03,Project Orion,ram,2025-10-16,63.91916666666666
mac-03,Project Orion,ram,2025-10-17,63.60125
mac-03,Project Orion,ram,2025-10-18,64.14041666666667
mac-03,Project Orion,ram,2025-10-19,65.22375
mac-03,Project Orion,ram,2025-10-20,63.82125
mac-03,Project Orion,ram,2025-10-21,63.30125
mac-03,Project Orion,ram,2025-10-22,63.33041666666667
mac-03,Project Orion,ram,2025-10-23,62.459583333333335
mac-03,Project Orion,ram,2025-10-24,63.09833333333333
mac-03,Project Orion,ram,2025-10-25,62.6225
mac-03,Project Orion,ram,2025-10-26,62.92083333333333
mac-03,Project Orion,ram,2025-10-27,65.40666666666667
mac-03,Project Orion,ram,2025-10-28,63.56125
mac-03,Project Orion,ram,2025-10-29,65.4675
mac-03,Project Orion,ram,2025-10-30,64.13708333333334
mac-03,Project Orion,ram,2025-10-31,63.75333333333333
mac-03,Project Orion,ram,2025-11-01,62.35333333333333
mac-03,Project Orion,ram,2025-11-02,64.8975
mac-03,Project Orion,ram,2025-11-03,64.25416666666666
mac-03,Project Orion,ram,2025-11-04,63.82333333333333
mac-03,Project Orion,ram,2025-11-05,63.82458333333333
mac-03,Project Orion,ram,2025-11-06,62.8225
mac-03,Project Orion,ram,2025-11-07,63.72958333333333
mac-03,Project Orion,ram,2025-11-08,64.10875
mac-03,Project Orion,ram,2025-11-09,63.92249999999999
mac-03,Project Orion,ram,2025-11-10,62.844166666666666
mac-03,Project Orion,ram,2025-11-11,64.24083333333333
mac-03,Project Orion,ram,2025-11-12,65.10458333333334
mac-03,Project Orion,ram,2025-11-13,63.61041666666667
mac-03,Project Orion,ram,2025-11-14,63.305
mac-03,Project Orion,ram,2025-11-15,64.75333333333333
mac-03,Project Orion,ram,2025-11-16,64.04708333333333
mac-03,Project Orion,ram,2025-11-17,63.901250000000005
mac-03,Project Orion,ram,2025-11-18,64.38250000000001
mac-03,Project Orion,ram,2025-11-19,62.568333333333335
mac-03,Project Orion,ram,2025-11-20,63.315416666666664
mac-03,Project Orion,ram,2025-11-21,62.57708333333333
mac-03,Project Orion,ram,2025-11-22,63.90708333333333
mac-03,Project Orion,ram,2025-11-23,63.95791666666667
mac-03,Project Orion,ram,2025-11-24,63.874583333333334
mac-03,Project Orion,ram,2025-11-25,64.04666666666667
mac-03,Project Orion,ram,2025-11-26,63.822916666666664
mac-03,Project Orion,ram,2025-11-27,63.66625
mac-03,Project Orion,ram,2025-11-28,62.91791666666666
mac-03,Project Orion,ram,2025-11-29,64.96875
mac-03,Project Orion,ram,2025-11-30,64.6975
mac-03,Project Orion,ram,2025-12-01,63.517500000000005
mac-03,Project Orion,ram,2025-12-02,64.35000000000001
mac-03,Project Orion,ram,2025-12-03,64.26833333333333
mac-03,Project Orion,ram,2025-12-04,63.35125
mac-03,Project Orion,ram,2025-12-05,64.16875
mac-03,Project Orion,ram,2025-12-06,64.08875
mac-03,Project Orion,ram,2025-12-07,64.42916666666666
mac-03,Project Orion,ram,2025-12-08,63.88708333333333
mac-03,Project Orion,ram,2025-12-09,64.61625
mac-03,Project Orion,ram,2025-12-10,62.97875
mac-03,Project Orion,ram,2025-12-11,63.46666666666667
mac-03,Project Orion,ram,2025-12-12,65.04416666666667
mac-03,Project Orion,ram,2025-12-13,61.647083333333335
mac-03,Project Orion,ram,2025-12-14,64.95666666666666
mac-03,Project Orion,ram,2025-12-15,65.17375
mac-03,Project Orion,ram,2025-12-16,63.98875
mac-03,Project Orion,ram,2025-12-17,64.42916666666666
mac-03,Project Orion,ram,2025-12-18,64.14583333333333
mac-03,Project Orion,ram,2025-12-19,64.56166666666667
mac-03,Project Orion,ram,2025-12-20,64.72708333333334
mac-03,Project Orion,ram,2025-12-21,65.00541666666666
mac-03,Project Orion,ram,2025-12-22,63.01083333333333
mac-03,Project Orion,ram,2025-12-23,64.00125
mac-03,Project Orion,ram,2025-12-24,64.93833333333333
mac-03,Project Orion,ram,2025-12-25,63.105
mac-03,Project Orion,ram,2025-12-26,65.22291666666666
mac-03,Project Orion,ram,2025-12-27,65.03666666666666
mac-03,Project Orion,ram,2025-12-28,63.430416666666666
mac-03,Project Orion,ram,2025-12-29,64.57375
mac-03,Project Orion,ram,2025-12-30,64.2825
mac-03,Project Orion,ram,2025-12-31,64.96958333333333
mac-04,Project Zephyr,cpu,2025-01-01,14.818333333333333
mac-04,Project Zephyr,cpu,2025-01-02,14.9325
mac-04,Project Zephyr,cpu,2025-01-03,14.344166666666666
mac-04,Project Zephyr,cpu,2025-01-04,15.870416666666666
mac-04,Project Zephyr,cpu,2025-01-05,14.214166666666666
mac-04,Project Zephyr,cpu,2025-01-06,13.84875
mac-04,Project Zephyr,cpu,2025-01-07,14.110416666666666
mac-04,Project Zephyr,cpu,2025-01-08,12.5575
mac-04,Project Zephyr,cpu,2025-01-09,14.615
mac-04,Project Zephyr,cpu,2025-01-10,15.0575
mac-04,Project Zephyr,cpu,2025-01-11,13.427083333333334
mac-04,Project Zephyr,cpu,2025-01-12,14.989166666666668
mac-04,Project Zephyr,cpu,2025-01-13,14.041666666666666
mac-04,Project Zephyr,cpu,2025-01-14,14.0625
mac-04,Project Zephyr,cpu,2025-01-15,13.306666666666667
mac-04,Project Zephyr,cpu,2025-01-16,14.707916666666668
mac-04,Project Zephyr,cpu,2025-01-17,12.187916666666666
mac-04,Project Zephyr,cpu,2025-01-18,14.745
mac-04,Project Zephyr,cpu,2025-01-19,14.34875
mac-04,Project Zephyr,cpu,2025-01-20,14.467916666666667
mac-04,Project Zephyr,cpu,2025-01-21,13.958333333333334
mac-04,Project Zephyr,cpu,2025-01-22,16.0525
mac-04,Project Zephyr,cpu,2025-01-23,14.13
mac-04,Project Zephyr,cpu,2025-01-24,13.870416666666666
mac-04,Project Zephyr,cpu,2025-01-25,13.973333333333334
mac-04,Project Zephyr,cpu,2025-01-26,13.582916666666668
mac-04,Project Zephyr,cpu,2025-01-27,13.582500000000001
mac-04,Project Zephyr,cpu,2025-01-28,13.47875
mac-04,Project Zephyr,cpu,2025-01-29,13.629166666666668
mac-04,Project Zephyr,cpu,2025-01-30,14.01
mac-04,Project Zephyr,cpu,2025-01-31,14.693333333333333
mac-04,Project Zephyr,cpu,2025-02-01,13.844583333333333
mac-04,Project Zephyr,cpu,2025-02-02,14.16125
mac-04,Project Zephyr,cpu,2025-02-03,13.275833333333333
mac-04,Project Zephyr,cpu,2025-02-04,14.874583333333334
mac-04,Project Zephyr,cpu,2025-02-05,16.145416666666666
mac-04,Project Zephyr,cpu,2025-02-06,15.110416666666666
mac-04,Project Zephyr,cpu,2025-02-07,13.333333333333334
mac-04,Project Zephyr,cpu,2025-02-08,14.562916666666666
mac-04,Project Zephyr,cpu,2025-02-09,13.527083333333332
mac-04,Project Zephyr,cpu,2025-02-10,15.0675
mac-04,Project Zephyr,cpu,2025-02-11,14.494166666666667
mac-04,Project Zephyr,cpu,2025-02-12,16.375
mac-04,Project Zephyr,cpu,2025-02-13,15.416666666666666
mac-04,Project Zephyr,cpu,2025-02-14,14.45875
mac-04,Project Zephyr,cpu,2025-02-15,12.76625
mac-04,Project Zephyr,cpu,2025-02-16,13.21875
mac-04,Project Zephyr,cpu,2025-02-17,15.536666666666667
mac-04,Project Zephyr,cpu,2025-02-18,15.082916666666668
mac-04,Project Zephyr,cpu,2025-02-19,14.52625
mac-04,Project Zephyr,cpu,2025-02-20,14.17125
mac-04,Project Zephyr,cpu,2025-02-21,13.795833333333334
mac-04,Project Zephyr,cpu,2025-02-22,14.437916666666666
mac-04,Project Zephyr,cpu,2025-02-23,15.078333333333333
mac-04,Project Zephyr,cpu,2025-02-24,13.66125
mac-04,Project Zephyr,cpu,2025-02-25,16.2025
mac-04,Project Zephyr,cpu,2025-02-26,13.9475
mac-04,Project Zephyr,cpu,2025-02-27,15.724583333333333
mac-04,Project Zephyr,cpu,2025-02-28,15.08375
mac-04,Project Zephyr,cpu,2025-03-01,15.073333333333332
mac-04,Project Zephyr,cpu,2025-03-02,13.588333333333333
mac-04,Project Zephyr,cpu,2025-03-03,13.181666666666667
mac-04,Project Zephyr,cpu,2025-03-04,13.8125
mac-04,Project Zephyr,cpu,2025-03-05,14.911666666666667
mac-04,Project Zephyr,cpu,2025-03-06,14.072916666666666
mac-04,Project Zephyr,cpu,2025-03-07,14.51375
mac-04,Project Zephyr,cpu,2025-03-08,14.370416666666666
mac-04,Project Zephyr,cpu,2025-03-09,13.29125
mac-04,Project Zephyr,cpu,2025-03-10,14.864166666666668
mac-04,Project Zephyr,cpu,2025-03-11,14.3225
mac-04,Project Zephyr,cpu,2025-03-12,14.261666666666668
mac-04,Project Zephyr,cpu,2025-03-13,13.754166666666668
mac-04,Project Zephyr,cpu,2025-03-14,13.994166666666667
mac-04,Project Zephyr,cpu,2025-03-15,14.125416666666666
mac-04,Project Zephyr,cpu,2025-03-16,14.052083333333334
mac-04,Project Zephyr,cpu,2025-03-17,14.750416666666666
mac-04,Project Zephyr,cpu,2025-03-18,14.775833333333333
mac-04,Project Zephyr,cpu,2025-03-19,12.9375
mac-04,Project Zephyr,cpu,2025-03-20,14.775833333333333
mac-04,Project Zephyr,cpu,2025-03-21,13.457083333333335
mac-04,Project Zephyr,cpu,2025-03-22,13.8175
mac-04,Project Zephyr,cpu,2025-03-23,14.582500000000001
mac-04,Project Zephyr,cpu,2025-03-24,17.249583333333334
mac-04,Project Zephyr,cpu,2025-03-25,14.144583333333335
mac-04,Project Zephyr,cpu,2025-03-26,13.265
mac-04,Project Zephyr,cpu,2025-03-27,13.801250000000001
mac-04,Project Zephyr,cpu,2025-03-28,14.59375
mac-04,Project Zephyr,cpu,2025-03-29,14.39
mac-04,Project Zephyr,cpu,2025-03-30,14.750416666666666
mac-04,Project Zephyr,cpu,2025-03-31,13.89625
mac-04,Project Zephyr,cpu,2025-04-01,15.71375
mac-04,Project Zephyr,cpu,2025-04-02,14.09875
mac-04,Project Zephyr,cpu,2025-04-03,14.5775
mac-04,Project Zephyr,cpu,2025-04-04,14.661666666666667
mac-04,Project Zephyr,cpu,2025-04-05,14.224166666666667
mac-04,Project Zephyr,cpu,2025-04-06,14.4375
mac-04,Project Zephyr,cpu,2025-04-07,13.353333333333333
mac-04,Project Zephyr,cpu,2025-04-08,13.22875
mac-04,Project Zephyr,cpu,2025-04-09,14.98375
mac-04,Project Zephyr,cpu,2025-04-10,13.698333333333332
mac-04,Project Zephyr,cpu,2025-04-11,14.63
mac-04,Project Zephyr,cpu,2025-04-12,15.426250000000001
mac-04,Project Zephyr,cpu,2025-04-13,13.005416666666667
mac-04,Project Zephyr,cpu,2025-04-14,14.837916666666667
mac-04,Project Zephyr,cpu,2025-04-15,14.004166666666668
mac-04,Project Zephyr,cpu,2025-04-16,14.823333333333332
mac-04,Project Zephyr,cpu,2025-04-17,12.818333333333333
mac-04,Project Zephyr,cpu,2025-04-18,12.292083333333332
mac-04,Project Zephyr,cpu,2025-04-19,13.010416666666666
mac-04,Project Zephyr,cpu,2025-04-20,14.557916666666666
mac-04,Project Zephyr,cpu,2025-04-21,14.073749999999999
mac-04,Project Zephyr,cpu,2025-04-22,15.0525
mac-04,Project Zephyr,cpu,2025-04-23,15.551250000000001
mac-04,Project Zephyr,cpu,2025-04-24,13.360833333333334
mac-04,Project Zephyr,cpu,2025-04-25,14.511249999999999
mac-04,Project Zephyr,cpu,2025-04-26,15.609166666666667
mac-04,Project Zephyr,cpu,2025-04-27,13.7975
mac-04,Project Zephyr,cpu,2025-04-28,14.754583333333334
mac-04,Project Zephyr,cpu,2025-04-29,14.629583333333334
mac-04,Project Zephyr,cpu,2025-04-30,14.4375
mac-04,Project Zephyr,cpu,2025-05-01,15.043750000000001
mac-04,Project Zephyr,cpu,2025-05-02,14.786666666666667
mac-04,Project Zephyr,cpu,2025-05-03,15.599166666666667
mac-04,Project Zephyr,cpu,2025-05-04,14.270000000000001
mac-04,Project Zephyr,cpu,2025-05-05,14.400416666666667
mac-04,Project Zephyr,cpu,2025-05-06,13.864583333333334
mac-04,Project Zephyr,cpu,2025-05-07,15.224166666666667
mac-04,Project Zephyr,cpu,2025-05-08,14.584166666666667
mac-04,Project Zephyr,cpu,2025-05-09,13.713333333333333
mac-04,Project Zephyr,cpu,2025-05-10,14.015416666666667
mac-04,Project Zephyr,cpu,2025-05-11,13.895833333333334
mac-04,Project Zephyr,cpu,2025-05-12,14.760833333333332
mac-04,Project Zephyr,cpu,2025-05-13,14.6
mac-04,Project Zephyr,cpu,2025-05-14,13.4325
mac-04,Project Zephyr,cpu,2025-05-15,12.5
mac-04,Project Zephyr,cpu,2025-05-16,15.655416666666667
mac-04,Project Zephyr,cpu,2025-05-17,14.003749999999998
mac-04,Project Zephyr,cpu,2025-05-18,14.546666666666667
mac-04,Project Zephyr,cpu,2025-05-19,16.547083333333333
mac-04,Project Zephyr,cpu,2025-05-20,13.08375
mac-04,Project Zephyr,cpu,2025-05-21,14.120416666666666
mac-04,Project Zephyr,cpu,2025-05-22,15.911666666666667
mac-04,Project Zephyr,cpu,2025-05-23,15.411666666666667
mac-04,Project Zephyr,cpu,2025-05-24,14.697083333333333
mac-04,Project Zephyr,cpu,2025-05-25,13.640416666666667
mac-04,Project Zephyr,cpu,2025-05-26,13.890833333333333
mac-04,Project Zephyr,cpu,2025-05-27,13.7425
mac-04,Project Zephyr,cpu,2025-05-28,14.145416666666668
mac-04,Project Zephyr,cpu,2025-05-29,14.54125
mac-04,Project Zephyr,cpu,2025-05-30,14.556666666666667
mac-04,Project Zephyr,cpu,2025-05-31,14.593333333333334
mac-04,Project Zephyr,cpu,2025-06-01,14.59375
mac-04,Project Zephyr,cpu,2025-06-02,13.750416666666666
mac-04,Project Zephyr,cpu,2025-06-03,14.686666666666667
mac-04,Project Zephyr,cpu,2025-06-04,14.025833333333333
mac-04,Project Zephyr,cpu,2025-06-05,13.436666666666667
mac-04,Project Zephyr,cpu,2025-06-06,12.811666666666667
mac-04,Project Zephyr,cpu,2025-06-07,14.5675
mac-04,Project Zephyr,cpu,2025-06-08,13.863750000000001
mac-04,Project Zephyr,cpu,2025-06-09,14.1
mac-04,Project Zephyr,cpu,2025-06-10,13.019583333333332
mac-04,Project Zephyr,cpu,2025-06-11,15.204583333333334
mac-04,Project Zephyr,cpu,2025-06-12,14.900416666666667
mac-04,Project Zephyr,cpu,2025-06-13,13.729166666666666
mac-04,Project Zephyr,cpu,2025-06-14,14.386249999999999
mac-04,Project Zephyr,cpu,2025-06-15,12.344166666666666
mac-04,Project Zephyr,cpu,2025-06-16,12.9325
mac-04,Project Zephyr,cpu,2025-06-17,12.724583333333333
mac-04,Project Zephyr,cpu,2025-06-18,12.764583333333334
mac-04,Project Zephyr,cpu,2025-06-19,15.619583333333333
mac-04,Project Zephyr,cpu,2025-06-20,15.214583333333332
mac-04,Project Zephyr,cpu,2025-06-21,14.765416666666667
mac-04,Project Zephyr,cpu,2025-06-22,14.191249999999998
mac-04,Project Zephyr,cpu,2025-06-23,13.522083333333333
mac-04,Project Zephyr,cpu,2025-06-24,14.3275
mac-04,Project Zephyr,cpu,2025-06-25,13.604166666666666
mac-04,Project Zephyr,cpu,2025-06-26,15.978333333333333
mac-04,Project Zephyr,cpu,2025-06-27,13.770833333333334
mac-04,Project Zephyr,cpu,2025-06-28,15.573749999999999
mac-04,Project Zephyr,cpu,2025-06-29,14.245416666666666
mac-04,Project Zephyr,cpu,2025-06-30,13.084166666666667
mac-04,Project Zephyr,cpu,2025-07-01,14.541666666666666
mac-04,Project Zephyr,cpu,2025-07-02,15.582916666666668
mac-04,Project Zephyr,cpu,2025-07-03,14.3125
mac-04,Project Zephyr,cpu,2025-07-04,13.874166666666667
mac-04,Project Zephyr,cpu,2025-07-05,14.811250000000001
mac-04,Project Zephyr,cpu,2025-07-06,16.104166666666668
mac-04,Project Zephyr,cpu,2025-07-07,13.061666666666667
mac-04,Project Zephyr,cpu,2025-07-08,14.338333333333333
mac-04,Project Zephyr,cpu,2025-07-09,14.71375
mac-04,Project Zephyr,cpu,2025-07-10,13.697916666666666
mac-04,Project Zephyr,cpu,2025-07-11,15.400416666666667
mac-04,Project Zephyr,cpu,2025-07-12,14.635
mac-04,Project Zephyr,cpu,2025-07-13,13.989166666666668
mac-04,Project Zephyr,cpu,2025-07-14,15.005833333333333
mac-04,Project Zephyr,cpu,2025-07-15,15.274166666666666
mac-04,Project Zephyr,cpu,2025-07-16,14.698333333333332
mac-04,Project Zephyr,cpu,2025-07-17,14.036666666666667
mac-04,Project Zephyr,cpu,2025-07-18,14.479166666666666
mac-04,Project Zephyr,cpu,2025-07-19,14.282083333333333
mac-04,Project Zephyr,cpu,2025-07-20,12.933749999999998
mac-04,Project Zephyr,cpu,2025-07-21,14.275833333333333
mac-04,Project Zephyr,cpu,2025-07-22,14.823749999999999
mac-04,Project Zephyr,cpu,2025-07-23,15.51625
mac-04,Project Zephyr,cpu,2025-07-24,14.208333333333334
mac-04,Project Zephyr,cpu,2025-07-25,14.998333333333333
mac-04,Project Zephyr,cpu,2025-07-26,14.865
mac-04,Project Zephyr,cpu,2025-07-27,13.604583333333332
mac-04,Project Zephyr,cpu,2025-07-28,14.635416666666666
mac-04,Project Zephyr,cpu,2025-07-29,12.567916666666667
mac-04,Project Zephyr,cpu,2025-07-30,14.412083333333333
mac-04,Project Zephyr,cpu,2025-07-31,15.20875
mac-04,Project Zephyr,cpu,2025-08-01,13.900833333333333
mac-04,Project Zephyr,cpu,2025-08-02,12.922083333333333
mac-04,Project Zephyr,cpu,2025-08-03,14.989166666666668
mac-04,Project Zephyr,cpu,2025-08-04,13.910833333333334
mac-04,Project Zephyr,cpu,2025-08-05,14.275833333333333
mac-04,Project Zephyr,cpu,2025-08-06,13.04125
mac-04,Project Zephyr,cpu,2025-08-07,14.54625
mac-04,Project Zephyr,cpu,2025-08-08,15.04125
mac-04,Project Zephyr,cpu,2025-08-09,13.889583333333334
mac-04,Project Zephyr,cpu,2025-08-10,13.692916666666667
mac-04,Project Zephyr,cpu,2025-08-11,13.703333333333333
mac-04,Project Zephyr,cpu,2025-08-12,15.103333333333333
mac-04,Project Zephyr,cpu,2025-08-13,14.39125
mac-04,Project Zephyr,cpu,2025-08-14,14.239583333333334
mac-04,Project Zephyr,cpu,2025-08-15,12.63875
mac-04,Project Zephyr,cpu,2025-08-16,14.084583333333333
mac-04,Project Zephyr,cpu,2025-08-17,15.922083333333333
mac-04,Project Zephyr,cpu,2025-08-18,13.947916666666666
mac-04,Project Zephyr,cpu,2025-08-19,15.145000000000001
mac-04,Project Zephyr,cpu,2025-08-20,14.58375
mac-04,Project Zephyr,cpu,2025-08-21,13.54625
mac-04,Project Zephyr,cpu,2025-08-22,14.39625
mac-04,Project Zephyr,cpu,2025-08-23,15.677083333333334
mac-04,Project Zephyr,cpu,2025-08-24,16.015833333333333
mac-04,Project Zephyr,cpu,2025-08-25,14.104583333333332
mac-04,Project Zephyr,cpu,2025-08-26,13.240416666666667
mac-04,Project Zephyr,cpu,2025-08-27,14.449583333333335
mac-04,Project Zephyr,cpu,2025-08-28,15.209583333333335
mac-04,Project Zephyr,cpu,2025-08-29,14.541666666666666
mac-04,Project Zephyr,cpu,2025-08-30,14.121666666666668
mac-04,Project Zephyr,cpu,2025-08-31,14.41625
mac-04,Project Zephyr,cpu,2025-09-01,15.219166666666666
mac-04,Project Zephyr,cpu,2025-09-02,14.604583333333332
mac-04,Project Zephyr,cpu,2025-09-03,13.526666666666666
mac-04,Project Zephyr,cpu,2025-09-04,13.07875
mac-04,Project Zephyr,cpu,2025-09-05,13.864166666666668
mac-04,Project Zephyr,cpu,2025-09-06,12.949166666666665
mac-04,Project Zephyr,cpu,2025-09-07,15.3225
mac-04,Project Zephyr,cpu,2025-09-08,14.494583333333333
mac-04,Project Zephyr,cpu,2025-09-09,14.406666666666666
mac-04,Project Zephyr,cpu,2025-09-10,14.660416666666668
mac-04,Project Zephyr,cpu,2025-09-11,14.167499999999999
mac-04,Project Zephyr,cpu,2025-09-12,13.915833333333333
mac-04,Project Zephyr,cpu,2025-09-13,13.787083333333333
mac-04,Project Zephyr,cpu,2025-09-14,12.506666666666668
mac-04,Project Zephyr,cpu,2025-09-15,14.37
mac-04,Project Zephyr,cpu,2025-09-16,13.895833333333334
mac-04,Project Zephyr,cpu,2025-09-17,14.583333333333334
mac-04,Project Zephyr,cpu,2025-09-18,13.937083333333334
mac-04,Project Zephyr,cpu,2025-09-19,13.958333333333334
mac-04,Project Zephyr,cpu,2025-09-20,14.32875
mac-04,Project Zephyr,cpu,2025-09-21,14.47875
mac-04,Project Zephyr,cpu,2025-09-22,14.051666666666668
mac-04,Project Zephyr,cpu,2025-09-23,15.245
mac-04,Project Zephyr,cpu,2025-09-24,15.37
mac-04,Project Zephyr,cpu,2025-09-25,14.651666666666666
mac-04,Project Zephyr,cpu,2025-09-26,14.25625
mac-04,Project Zephyr,cpu,2025-09-27,13.292916666666665
mac-04,Project Zephyr,cpu,2025-09-28,13.291666666666666
mac-04,Project Zephyr,cpu,2025-09-29,13.634166666666665
mac-04,Project Zephyr,cpu,2025-09-30,14.801250000000001
mac-04,Project Zephyr,cpu,2025-10-01,13.52625
mac-04,Project Zephyr,cpu,2025-10-02,13.974166666666667
mac-04,Project Zephyr,cpu,2025-10-03,15.604166666666666
mac-04,Project Zephyr,cpu,2025-10-04,14.547083333333333
mac-04,Project Zephyr,cpu,2025-10-05,13.6
mac-04,Project Zephyr,cpu,2025-10-06,12.240833333333335
mac-04,Project Zephyr,cpu,2025-10-07,14.29125
mac-04,Project Zephyr,cpu,2025-10-08,13.849583333333333
mac-04,Project Zephyr,cpu,2025-10-09,14.66125
mac-04,Project Zephyr,cpu,2025-10-10,13.124583333333334
mac-04,Project Zephyr,cpu,2025-10-11,13.917083333333332
mac-04,Project Zephyr,cpu,2025-10-12,13.905416666666667
mac-04,Project Zephyr,cpu,2025-10-13,14.327916666666667
mac-04,Project Zephyr,cpu,2025-10-14,14.511249999999999
mac-04,Project Zephyr,cpu,2025-10-15,14.204166666666666
mac-04,Project Zephyr,cpu,2025-10-16,16.105
mac-04,Project Zephyr,cpu,2025-10-17,13.864166666666668
mac-04,Project Zephyr,cpu,2025-10-18,14.840000000000002
mac-04,Project Zephyr,cpu,2025-10-19,14.22875
mac-04,Project Zephyr,cpu,2025-10-20,13.098333333333334
mac-04,Project Zephyr,cpu,2025-10-21,14.832083333333335
mac-04,Project Zephyr,cpu,2025-10-22,13.869583333333333
mac-04,Project Zephyr,cpu,2025-10-23,13.827916666666667
mac-04,Project Zephyr,cpu,2025-10-24,13.926666666666668
mac-04,Project Zephyr,cpu,2025-10-25,14.885416666666666
mac-04,Project Zephyr,cpu,2025-10-26,13.969166666666666
mac-04,Project Zephyr,cpu,2025-10-27,15.734166666666667
mac-04,Project Zephyr,cpu,2025-10-28,13.715000000000002
mac-04,Project Zephyr,cpu,2025-10-29,15.150833333333333
mac-04,Project Zephyr,cpu,2025-10-30,14.920833333333334
mac-04,Project Zephyr,cpu,2025-10-31,13.0775
mac-04,Project Zephyr,cpu,2025-11-01,14.973333333333334
mac-04,Project Zephyr,cpu,2025-11-02,14.150416666666667
mac-04,Project Zephyr,cpu,2025-11-03,14.214166666666666
mac-04,Project Zephyr,cpu,2025-11-04,14.614583333333334
mac-04,Project Zephyr,cpu,2025-11-05,14.165833333333333
mac-04,Project Zephyr,cpu,2025-11-06,14.42
mac-04,Project Zephyr,cpu,2025-11-07,14.511249999999999
mac-04,Project Zephyr,cpu,2025-11-08,12.979999999999999
mac-04,Project Zephyr,cpu,2025-11-09,14.150833333333333
mac-04,Project Zephyr,cpu,2025-11-10,14.45875
mac-04,Project Zephyr,cpu,2025-11-11,15.15625
mac-04,Project Zephyr,cpu,2025-11-12,14.3125
mac-04,Project Zephyr,cpu,2025-11-13,13.61875
mac-04,Project Zephyr,cpu,2025-11-14,13.957916666666668
mac-04,Project Zephyr,cpu,2025-11-15,14.652083333333332
mac-04,Project Zephyr,cpu,2025-11-16,14.182083333333333
mac-04,Project Zephyr,cpu,2025-11-17,15.723333333333334
mac-04,Project Zephyr,cpu,2025-11-18,14.344583333333333
mac-04,Project Zephyr,cpu,2025-11-19,14.500833333333333
mac-04,Project Zephyr,cpu,2025-11-20,14.760833333333332
mac-04,Project Zephyr,cpu,2025-11-21,14.172916666666666
mac-04,Project Zephyr,cpu,2025-11-22,12.999166666666667
mac-04,Project Zephyr,cpu,2025-11-23,14.490416666666667
mac-04,Project Zephyr,cpu,2025-11-24,13.500416666666666
mac-04,Project Zephyr,cpu,2025-11-25,14.400833333333333
mac-04,Project Zephyr,cpu,2025-11-26,15.51
mac-04,Project Zephyr,cpu,2025-11-27,13.874583333333334
mac-04,Project Zephyr,cpu,2025-11-28,14.041666666666666
mac-04,Project Zephyr,cpu,2025-11-29,14.385416666666666
mac-04,Project Zephyr,cpu,2025-11-30,14.432083333333333
mac-04,Project Zephyr,cpu,2025-12-01,15.365833333333333
mac-04,Project Zephyr,cpu,2025-12-02,14.49125
mac-04,Project Zephyr,cpu,2025-12-03,14.677083333333334
mac-04,Project Zephyr,cpu,2025-12-04,14.604166666666666
mac-04,Project Zephyr,cpu,2025-12-05,14.359166666666667
mac-04,Project Zephyr,cpu,2025-12-06,14.673333333333334
mac-04,Project Zephyr,cpu,2025-12-07,14.41125
mac-04,Project Zephyr,cpu,2025-12-08,13.831666666666665
mac-04,Project Zephyr,cpu,2025-12-09,14.374583333333334
mac-04,Project Zephyr,cpu,2025-12-10,14.1825
mac-04,Project Zephyr,cpu,2025-12-11,13.255
mac-04,Project Zephyr,cpu,2025-12-12,14.358333333333334
mac-04,Project Zephyr,cpu,2025-12-13,15.160416666666668
mac-04,Project Zephyr,cpu,2025-12-14,14.474583333333333
mac-04,Project Zephyr,cpu,2025-12-15,13.635833333333332
mac-04,Project Zephyr,cpu,2025-12-16,13.353333333333333
mac-04,Project Zephyr,cpu,2025-12-17,13.744166666666667
mac-04,Project Zephyr,cpu,2025-12-18,13.676250000000001
mac-04,Project Zephyr,cpu,2025-12-19,15.27625
mac-04,Project Zephyr,cpu,2025-12-20,14.125833333333333
mac-04,Project Zephyr,cpu,2025-12-21,15.275416666666667
mac-04,Project Zephyr,cpu,2025-12-22,14.583333333333334
mac-04,Project Zephyr,cpu,2025-12-23,14.301666666666668
mac-04,Project Zephyr,cpu,2025-12-24,14.40625
mac-04,Project Zephyr,cpu,2025-12-25,14.552916666666667
mac-04,Project Zephyr,cpu,2025-12-26,15.313333333333333
mac-04,Project Zephyr,cpu,2025-12-27,12.380833333333333
mac-04,Project Zephyr,cpu,2025-12-28,14.577916666666667
mac-04,Project Zephyr,cpu,2025-12-29,14.650833333333333
mac-04,Project Zephyr,cpu,2025-12-30,15.45875
mac-04,Project Zephyr,cpu,2025-12-31,15.302083333333334
mac-04,Project Zephyr,disk,2025-01-01,17.765
mac-04,Project Zephyr,disk,2025-01-02,17.844166666666666
mac-04,Project Zephyr,disk,2025-01-03,18.724999999999998
mac-04,Project Zephyr,disk,2025-01-04,17.62125
mac-04,Project Zephyr,disk,2025-01-05,17.93916666666667
mac-04,Project Zephyr,disk,2025-01-06,18.483333333333334
mac-04,Project Zephyr,disk,2025-01-07,18.550416666666667
mac-04,Project Zephyr,disk,2025-01-08,17.30333333333333
mac-04,Project Zephyr,disk,2025-01-09,17.82166666666667
mac-04,Project Zephyr,disk,2025-01-10,17.95958333333333
mac-04,Project Zephyr,disk,2025-01-11,17.782083333333333
mac-04,Project Zephyr,disk,2025-01-12,18.162499999999998
mac-04,Project Zephyr,disk,2025-01-13,19.28708333333333
mac-04,Project Zephyr,disk,2025-01-14,18.34875
mac-04,Project Zephyr,disk,2025-01-15,16.54041666666667
mac-04,Project Zephyr,disk,2025-01-16,16.8275
mac-04,Project Zephyr,disk,2025-01-17,18.585416666666667
mac-04,Project Zephyr,disk,2025-01-18,18.830000000000002
mac-04,Project Zephyr,disk,2025-01-19,18.31416666666667
mac-04,Project Zephyr,disk,2025-01-20,18.882916666666667
mac-04,Project Zephyr,disk,2025-01-21,18.565833333333334
mac-04,Project Zephyr,disk,2025-01-22,17.202916666666667
mac-04,Project Zephyr,disk,2025-01-23,18.999166666666667
mac-04,Project Zephyr,disk,2025-01-24,17.068749999999998
mac-04,Project Zephyr,disk,2025-01-25,17.806250000000002
mac-04,Project Zephyr,disk,2025-01-26,19.004166666666666
mac-04,Project Zephyr,disk,2025-01-27,18.994583333333335
mac-04,Project Zephyr,disk,2025-01-28,18.02
mac-04,Project Zephyr,disk,2025-01-29,17.077916666666667
mac-04,Project Zephyr,disk,2025-01-30,18.74125
mac-04,Project Zephyr,disk,2025-01-31,17.06625
mac-04,Project Zephyr,disk,2025-02-01,18.254166666666666
mac-04,Project Zephyr,disk,2025-02-02,17.26
mac-04,Project Zephyr,disk,2025-02-03,18.062083333333334
mac-04,Project Zephyr,disk,2025-02-04,17.218333333333334
mac-04,Project Zephyr,disk,2025-02-05,17.309166666666666
mac-04,Project Zephyr,disk,2025-02-06,18.151666666666667
mac-04,Project Zephyr,disk,2025-02-07,18.675416666666667
mac-04,Project Zephyr,disk,2025-02-08,16.25166666666667
mac-04,Project Zephyr,disk,2025-02-09,17.477083333333333
mac-04,Project Zephyr,disk,2025-02-10,17.577083333333334
mac-04,Project Zephyr,disk,2025-02-11,18.5025
mac-04,Project Zephyr,disk,2025-02-12,17.980833333333333
mac-04,Project Zephyr,disk,2025-02-13,17.797916666666666
mac-04,Project Zephyr,disk,2025-02-14,17.711666666666666
mac-04,Project Zephyr,disk,2025-02-15,17.46375
mac-04,Project Zephyr,disk,2025-02-16,17.64125
mac-04,Project Zephyr,disk,2025-02-17,18.258333333333333
mac-04,Project Zephyr,disk,2025-02-18,16.409583333333334
mac-04,Project Zephyr,disk,2025-02-19,17.772916666666667
mac-04,Project Zephyr,disk,2025-02-20,18.19875
mac-04,Project Zephyr,disk,2025-02-21,18.745416666666667
mac-04,Project Zephyr,disk,2025-02-22,18.2525
mac-04,Project Zephyr,disk,2025-02-23,17.842916666666667
mac-04,Project Zephyr,disk,2025-02-24,17.800833333333333
mac-04,Project Zephyr,disk,2025-02-25,17.607916666666668
mac-04,Project Zephyr,disk,2025-02-26,18.277083333333334
mac-04,Project Zephyr,disk,2025-02-27,16.886666666666667
mac-04,Project Zephyr,disk,2025-02-28,17.262083333333333
mac-04,Project Zephyr,disk,2025-03-01,17.537499999999998
mac-04,Project Zephyr,disk,2025-03-02,17.430416666666666
mac-04,Project Zephyr,disk,2025-03-03,18.752916666666668
mac-04,Project Zephyr,disk,2025-03-04,17.992916666666666
mac-04,Project Zephyr,disk,2025-03-05,19.728333333333335
mac-04,Project Zephyr,disk,2025-03-06,18.476666666666667
mac-04,Project Zephyr,disk,2025-03-07,19.20375
mac-04,Project Zephyr,disk,2025-03-08,17.579583333333336
mac-04,Project Zephyr,disk,2025-03-09,18.837500000000002
mac-04,Project Zephyr,disk,2025-03-10,18.8
mac-04,Project Zephyr,disk,2025-03-11,17.137916666666666
mac-04,Project Zephyr,disk,2025-03-12,17.94875
mac-04,Project Zephyr,disk,2025-03-13,17.513333333333332
mac-04,Project Zephyr,disk,2025-03-14,17.627916666666668
mac-04,Project Zephyr,disk,2025-03-15,17.950416666666666
mac-04,Project Zephyr,disk,2025-03-16,17.704583333333332
mac-04,Project Zephyr,disk,2025-03-17,18.5675
mac-04,Project Zephyr,disk,2025-03-18,18.320416666666667
mac-04,Project Zephyr,disk,2025-03-19,18.679583333333333
mac-04,Project Zephyr,disk,2025-03-20,17.95958333333333
mac-04,Project Zephyr,disk,2025-03-21,17.21708333333333
mac-04,Project Zephyr,disk,2025-03-22,18.732499999999998
mac-04,Project Zephyr,disk,2025-03-23,16.505
mac-04,Project Zephyr,disk,2025-03-24,17.905416666666667
mac-04,Project Zephyr,disk,2025-03-25,19.578333333333333
mac-04,Project Zephyr,disk,2025-03-26,18.194166666666668
mac-04,Project Zephyr,disk,2025-03-27,19.51
mac-04,Project Zephyr,disk,2025-03-28,18.825833333333332
mac-04,Project Zephyr,disk,2025-03-29,19.392916666666668
mac-04,Project Zephyr,disk,2025-03-30,17.739583333333332
mac-04,Project Zephyr,disk,2025-03-31,17.409583333333334
mac-04,Project Zephyr,disk,2025-04-01,16.652916666666666
mac-04,Project Zephyr,disk,2025-04-02,17.284583333333334
mac-04,Project Zephyr,disk,2025-04-03,17.419166666666666
mac-04,Project Zephyr,disk,2025-04-04,16.885416666666668
mac-04,Project Zephyr,disk,2025-04-05,17.78375
mac-04,Project Zephyr,disk,2025-04-06,18.923333333333332
mac-04,Project Zephyr,disk,2025-04-07,18.212083333333332
mac-04,Project Zephyr,disk,2025-04-08,18.341666666666665
mac-04,Project Zephyr,disk,2025-04-09,17.298750000000002
mac-04,Project Zephyr,disk,2025-04-10,17.99416666666667
mac-04,Project Zephyr,disk,2025-04-11,18.002916666666668
mac-04,Project Zephyr,disk,2025-04-12,18.682916666666667
mac-04,Project Zephyr,disk,2025-04-13,16.6775
mac-04,Project Zephyr,disk,2025-04-14,17.521666666666665
mac-04,Project Zephyr,disk,2025-04-15,18.02208333333333
mac-04,Project Zephyr,disk,2025-04-16,17.944166666666668
mac-04,Project Zephyr,disk,2025-04-17,18.015
mac-04,Project Zephyr,disk,2025-04-18,16.68583333333333
mac-04,Project Zephyr,disk,2025-04-19,18.611666666666668
mac-04,Project Zephyr,disk,2025-04-20,18.91208333333333
mac-04,Project Zephyr,disk,2025-04-21,17.425
mac-04,Project Zephyr,disk,2025-04-22,18.8075
mac-04,Project Zephyr,disk,2025-04-23,17.619583333333335
mac-04,Project Zephyr,disk,2025-04-24,18.264583333333334
mac-04,Project Zephyr,disk,2025-04-25,18.095833333333335
mac-04,Project Zephyr,disk,2025-04-26,18.214583333333334
mac-04,Project Zephyr,disk,2025-04-27,17.137083333333333
mac-04,Project Zephyr,disk,2025-04-28,17.46
mac-04,Project Zephyr,disk,2025-04-29,17.225833333333334
mac-04,Project Zephyr,disk,2025-04-30,17.614166666666666
mac-04,Project Zephyr,disk,2025-05-01,19.462083333333336
mac-04,Project Zephyr,disk,2025-05-02,17.850833333333334
mac-04,Project Zephyr,disk,2025-05-03,19.630416666666665
mac-04,Project Zephyr,disk,2025-05-04,17.84625
mac-04,Project Zephyr,disk,2025-05-05,18.921666666666667
mac-04,Project Zephyr,disk,2025-05-06,19.014583333333334
mac-04,Project Zephyr,disk,2025-05-07,18.109166666666667
mac-04,Project Zephyr,disk,2025-05-08,17.242916666666666
mac-04,Project Zephyr,disk,2025-05-09,16.681250000000002
mac-04,Project Zephyr,disk,2025-05-10,19.543333333333333
mac-04,Project Zephyr,disk,2025-05-11,17.714583333333334
mac-04,Project Zephyr,disk,2025-05-12,17.754583333333333
mac-04,Project Zephyr,disk,2025-05-13,17.126666666666665
mac-04,Project Zephyr,disk,2025-05-14,17.47125
mac-04,Project Zephyr,disk,2025-05-15,17.4225
mac-04,Project Zephyr,disk,2025-05-16,17.925833333333333
mac-04,Project Zephyr,disk,2025-05-17,19.060416666666665
mac-04,Project Zephyr,disk,2025-05-18,18.439583333333335
mac-04,Project Zephyr,disk,2025-05-19,17.97458333333333
mac-04,Project Zephyr,disk,2025-05-20,17.08375
mac-04,Project Zephyr,disk,2025-05-21,18.81125
mac-04,Project Zephyr,disk,2025-05-22,17.024166666666666
mac-04,Project Zephyr,disk,2025-05-23,17.48125
mac-04,Project Zephyr,disk,2025-05-24,16.407500000000002
mac-04,Project Zephyr,disk,2025-05-25,17.384583333333335
mac-04,Project Zephyr,disk,2025-05-26,18.615833333333335
mac-04,Project Zephyr,disk,2025-05-27,16.835833333333333
mac-04,Project Zephyr,disk,2025-05-28,18.26666666666667
mac-04,Project Zephyr,disk,2025-05-29,18.738333333333333
mac-04,Project Zephyr,disk,2025-05-30,19.170833333333334
mac-04,Project Zephyr,disk,2025-05-31,17.9925
mac-04,Project Zephyr,disk,2025-06-01,18.058333333333334
mac-04,Project Zephyr,disk,2025-06-02,17.859166666666667
mac-04,Project Zephyr,disk,2025-06-03,17.259166666666665
mac-04,Project Zephyr,disk,2025-06-04,17.5575
mac-04,Project Zephyr,disk,2025-06-05,18.462083333333332
mac-04,Project Zephyr,disk,2025-06-06,18.7475
mac-04,Project Zephyr,disk,2025-06-07,18.737916666666667
mac-04,Project Zephyr,disk,2025-06-08,17.769583333333333
mac-04,Project Zephyr,disk,2025-06-09,16.490833333333335
mac-04,Project Zephyr,disk,2025-06-10,17.25166666666667
mac-04,Project Zephyr,disk,2025-06-11,18.974166666666665
mac-04,Project Zephyr,disk,2025-06-12,18.735
mac-04,Project Zephyr,disk,2025-06-13,18.6275
mac-04,Project Zephyr,disk,2025-06-14,17.837083333333336
mac-04,Project Zephyr,disk,2025-06-15,17.121666666666666
mac-04,Project Zephyr,disk,2025-06-16,18.602916666666665
mac-04,Project Zephyr,disk,2025-06-17,18.825416666666666
mac-04,Project Zephyr,disk,2025-06-18,18.79041666666667
mac-04,Project Zephyr,disk,2025-06-19,18.636666666666667
mac-04,Project Zephyr,disk,2025-06-20,17.389166666666664
mac-04,Project Zephyr,disk,2025-06-21,18.048750000000002
mac-04,Project Zephyr,disk,2025-06-22,18.959166666666665
mac-04,Project Zephyr,disk,2025-06-23,18.375
mac-04,Project Zephyr,disk,2025-06-24,19.559166666666666
mac-04,Project Zephyr,disk,2025-06-25,16.625
mac-04,Project Zephyr,disk,2025-06-26,17.684166666666666
mac-04,Project Zephyr,disk,2025-06-27,18.307083333333335
mac-04,Project Zephyr,disk,2025-06-28,18.042916666666667
mac-04,Project Zephyr,disk,2025-06-29,17.724999999999998
mac-04,Project Zephyr,disk,2025-06-30,17.435
mac-04,Project Zephyr,disk,2025-07-01,18.384166666666665
mac-04,Project Zephyr,disk,2025-07-02,18.03291666666667
mac-04,Project Zephyr,disk,2025-07-03,17.15791666666667
mac-04,Project Zephyr,disk,2025-07-04,17.71375
mac-04,Project Zephyr,disk,2025-07-05,18.106666666666666
mac-04,Project Zephyr,disk,2025-07-06,19.732499999999998
mac-04,Project Zephyr,disk,2025-07-07,17.08875
mac-04,Project Zephyr,disk,2025-07-08,16.74625
mac-04,Project Zephyr,disk,2025-07-09,17.33375
mac-04,Project Zephyr,disk,2025-07-10,18.4425
mac-04,Project Zephyr,disk,2025-07-11,19.22041666666667
mac-04,Project Zephyr,disk,2025-07-12,17.47375
mac-04,Project Zephyr,disk,2025-07-13,19.197916666666668
mac-04,Project Zephyr,disk,2025-07-14,18.483333333333334
mac-04,Project Zephyr,disk,2025-07-15,18.935416666666665
mac-04,Project Zephyr,disk,2025-07-16,18.859583333333333
mac-04,Project Zephyr,disk,2025-07-17,17.507083333333334
mac-04,Project Zephyr,disk,2025-07-18,19.199166666666667
mac-04,Project Zephyr,disk,2025-07-19,19.72375
mac-04,Project Zephyr,disk,2025-07-20,17.52375
mac-04,Project Zephyr,disk,2025-07-21,17.60125
mac-04,Project Zephyr,disk,2025-07-22,17.592916666666667
mac-04,Project Zephyr,disk,2025-07-23,17.295833333333334
mac-04,Project Zephyr,disk,2025-07-24,17.652916666666666
mac-04,Project Zephyr,disk,2025-07-25,17.558333333333334
mac-04,Project Zephyr,disk,2025-07-26,16.740833333333335
mac-04,Project Zephyr,disk,2025-07-27,18.861666666666668
mac-04,Project Zephyr,disk,2025-07-28,18.82166666666667
mac-04,Project Zephyr,disk,2025-07-29,18.798750000000002
mac-04,Project Zephyr,disk,2025-07-30,17.936249999999998
mac-04,Project Zephyr,disk,2025-07-31,17.149166666666666
mac-04,Project Zephyr,disk,2025-08-01,18.376250000000002
mac-04,Project Zephyr,disk,2025-08-02,17.5625
mac-04,Project Zephyr,disk,2025-08-03,17.375
mac-04,Project Zephyr,disk,2025-08-04,18.019583333333333
mac-04,Project Zephyr,disk,2025-08-05,17.382083333333334
mac-04,Project Zephyr,disk,2025-08-06,18.152916666666666
mac-04,Project Zephyr,disk,2025-08-07,17.68875
mac-04,Project Zephyr,disk,2025-08-08,18.516666666666666
mac-04,Project Zephyr,disk,2025-08-09,16.335
mac-04,Project Zephyr,disk,2025-08-10,16.316666666666666
mac-04,Project Zephyr,disk,2025-08-11,17.560416666666665
mac-04,Project Zephyr,disk,2025-08-12,16.85375
mac-04,Project Zephyr,disk,2025-08-13,18.216666666666665
mac-04,Project Zephyr,disk,2025-08-14,16.300833333333333
mac-04,Project Zephyr,disk,2025-08-15,20.18375
mac-04,Project Zephyr,disk,2025-08-16,17.597916666666666
mac-04,Project Zephyr,disk,2025-08-17,18.437916666666666
mac-04,Project Zephyr,disk,2025-08-18,19.148333333333333
mac-04,Project Zephyr,disk,2025-08-19,16.297916666666666
mac-04,Project Zephyr,disk,2025-08-20,17.315833333333334
mac-04,Project Zephyr,disk,2025-08-21,18.135416666666668
mac-04,Project Zephyr,disk,2025-08-22,18.651666666666667
mac-04,Project Zephyr,disk,2025-08-23,18.099999999999998
mac-04,Project Zephyr,disk,2025-08-24,17.570833333333333
mac-04,Project Zephyr,disk,2025-08-25,17.8175
mac-04,Project Zephyr,disk,2025-08-26,17.85125
mac-04,Project Zephyr,disk,2025-08-27,18.140416666666667
mac-04,Project Zephyr,disk,2025-08-28,20.1875
mac-04,Project Zephyr,disk,2025-08-29,17.903333333333332
mac-04,Project Zephyr,disk,2025-08-30,17.53625
mac-04,Project Zephyr,disk,2025-08-31,18.16625
mac-04,Project Zephyr,disk,2025-09-01,18.861250000000002
mac-04,Project Zephyr,disk,2025-09-02,17.31625
mac-04,Project Zephyr,disk,2025-09-03,17.265416666666667
mac-04,Project Zephyr,disk,2025-09-04,17.917916666666667
mac-04,Project Zephyr,disk,2025-09-05,18.770833333333332
mac-04,Project Zephyr,disk,2025-09-06,17.27625
mac-04,Project Zephyr,disk,2025-09-07,17.78
mac-04,Project Zephyr,disk,2025-09-08,18.9425
mac-04,Project Zephyr,disk,2025-09-09,16.6975
mac-04,Project Zephyr,disk,2025-09-10,18.790833333333335
mac-04,Project Zephyr,disk,2025-09-11,17.257916666666667
mac-04,Project Zephyr,disk,2025-09-12,17.62625
mac-04,Project Zephyr,disk,2025-09-13,19.211666666666666
mac-04,Project Zephyr,disk,2025-09-14,17.10875
mac-04,Project Zephyr,disk,2025-09-15,18.593333333333334
mac-04,Project Zephyr,disk,2025-09-16,17.990416666666665
mac-04,Project Zephyr,disk,2025-09-17,17.472083333333334
mac-04,Project Zephyr,disk,2025-09-18,17.112083333333334
mac-04,Project Zephyr,disk,2025-09-19,17.490416666666665
mac-04,Project Zephyr,disk,2025-09-20,18.830000000000002
mac-04,Project Zephyr,disk,2025-09-21,17.785833333333333
mac-04,Project Zephyr,disk,2025-09-22,18.76
mac-04,Project Zephyr,disk,2025-09-23,16.93625
mac-04,Project Zephyr,disk,2025-09-24,18.02125
mac-04,Project Zephyr,disk,2025-09-25,19.51875
mac-04,Project Zephyr,disk,2025-09-26,17.85875
mac-04,Project Zephyr,disk,2025-09-27,17.019583333333333
mac-04,Project Zephyr,disk,2025-09-28,17.51125
mac-04,Project Zephyr,disk,2025-09-29,17.701249999999998
mac-04,Project Zephyr,disk,2025-09-30,17.133333333333333
mac-04,Project Zephyr,disk,2025-10-01,19.114166666666666
mac-04,Project Zephyr,disk,2025-10-02,17.97791666666667
mac-04,Project Zephyr,disk,2025-10-03,17.641666666666666
mac-04,Project Zephyr,disk,2025-10-04,18.113333333333333
mac-04,Project Zephyr,disk,2025-10-05,17.12875
mac-04,Project Zephyr,disk,2025-10-06,17.049583333333334
mac-04,Project Zephyr,disk,2025-10-07,18.31125
mac-04,Project Zephyr,disk,2025-10-08,18.14625
mac-04,Project Zephyr,disk,2025-10-09,18.066666666666666
mac-04,Project Zephyr,disk,2025-10-10,17.315833333333334
mac-04,Project Zephyr,disk,2025-10-11,17.841666666666665
mac-04,Project Zephyr,disk,2025-10-12,19.610416666666666
mac-04,Project Zephyr,disk,2025-10-13,17.528333333333332
mac-04,Project Zephyr,disk,2025-10-14,16.770416666666666
mac-04,Project Zephyr,disk,2025-10-15,17.298333333333336
mac-04,Project Zephyr,disk,2025-10-16,17.819166666666668
mac-04,Project Zephyr,disk,2025-10-17,18.34625
mac-04,Project Zephyr,disk,2025-10-18,18.14625
mac-04,Project Zephyr,disk,2025-10-19,18.15125
mac-04,Project Zephyr,disk,2025-10-20,18.658333333333335
mac-04,Project Zephyr,disk,2025-10-21,16.425416666666667
mac-04,Project Zephyr,disk,2025-10-22,18.670416666666664
mac-04,Project Zephyr,disk,2025-10-23,18.861250000000002
mac-04,Project Zephyr,disk,2025-10-24,18.223333333333333
mac-04,Project Zephyr,disk,2025-10-25,19.442916666666665
mac-04,Project Zephyr,disk,2025-10-26,18.373749999999998
mac-04,Project Zephyr,disk,2025-10-27,18.55125
mac-04,Project Zephyr,disk,2025-10-28,16.53625
mac-04,Project Zephyr,disk,2025-10-29,18.569166666666668
mac-04,Project Zephyr,disk,2025-10-30,18.994583333333335
mac-04,Project Zephyr,disk,2025-10-31,17.183333333333334
mac-04,Project Zephyr,disk,2025-11-01,17.267083333333332
mac-04,Project Zephyr,disk,2025-11-02,17.49
mac-04,Project Zephyr,disk,2025-11-03,17.109583333333333
mac-04,Project Zephyr,disk,2025-11-04,19.23875
mac-04,Project Zephyr,disk,2025-11-05,16.875416666666666
mac-04,Project Zephyr,disk,2025-11-06,18.600416666666668
mac-04,Project Zephyr,disk,2025-11-07,17.615416666666665
mac-04,Project Zephyr,disk,2025-11-08,17.44875
mac-04,Project Zephyr,disk,2025-11-09,17.121666666666666
mac-04,Project Zephyr,disk,2025-11-10,19.715
mac-04,Project Zephyr,disk,2025-11-11,19.732916666666668
mac-04,Project Zephyr,disk,2025-11-12,18.261666666666667
mac-04,Project Zephyr,disk,2025-11-13,17.57125
mac-04,Project Zephyr,disk,2025-11-14,16.443749999999998
mac-04,Project Zephyr,disk,2025-11-15,18.250416666666666
mac-04,Project Zephyr,disk,2025-11-16,16.667916666666667
mac-04,Project Zephyr,disk,2025-11-17,18.59625
mac-04,Project Zephyr,disk,2025-11-18,18.90041666666667
mac-04,Project Zephyr,disk,2025-11-19,17.12333333333333
mac-04,Project Zephyr,disk,2025-11-20,17.793333333333333
mac-04,Project Zephyr,disk,2025-11-21,17.56083333333333
mac-04,Project Zephyr,disk,2025-11-22,19.04125
mac-04,Project Zephyr,disk,2025-11-23,19.15125
mac-04,Project Zephyr,disk,2025-11-24,17.641666666666666
mac-04,Project Zephyr,disk,2025-11-25,18.633333333333333
mac-04,Project Zephyr,disk,2025-11-26,17.335416666666667
mac-04,Project Zephyr,disk,2025-11-27,19.850416666666668
mac-04,Project Zephyr,disk,2025-11-28,19.156666666666666
mac-04,Project Zephyr,disk,2025-11-29,17.181250000000002
mac-04,Project Zephyr,disk,2025-11-30,17.612083333333334
mac-04,Project Zephyr,disk,2025-12-01,17.9725
mac-04,Project Zephyr,disk,2025-12-02,17.370416666666667
mac-04,Project Zephyr,disk,2025-12-03,17.725833333333334
mac-04,Project Zephyr,disk,2025-12-04,18.37
mac-04,Project Zephyr,disk,2025-12-05,18.301666666666666
mac-04,Project Zephyr,disk,2025-12-06,17.390416666666667
mac-04,Project Zephyr,disk,2025-12-07,18.58125
mac-04,Project Zephyr,disk,2025-12-08,16.675416666666667
mac-04,Project Zephyr,disk,2025-12-09,18.23125
mac-04,Project Zephyr,disk,2025-12-10,18.401666666666667
mac-04,Project Zephyr,disk,2025-12-11,18.179166666666667
mac-04,Project Zephyr,disk,2025-12-12,18.594166666666666
mac-04,Project Zephyr,disk,2025-12-13,16.946666666666665
mac-04,Project Zephyr,disk,2025-12-14,18.660416666666666
mac-04,Project Zephyr,disk,2025-12-15,18.938333333333333
mac-04,Project Zephyr,disk,2025-12-16,18.22041666666667
mac-04,Project Zephyr,disk,2025-12-17,17.4775
mac-04,Project Zephyr,disk,2025-12-18,18.77125
mac-04,Project Zephyr,disk,2025-12-19,18.305
mac-04,Project Zephyr,disk,2025-12-20,18.287916666666668
mac-04,Project Zephyr,disk,2025-12-21,16.403333333333332
mac-04,Project Zephyr,disk,2025-12-22,18.777916666666666
mac-04,Project Zephyr,disk,2025-12-23,18.812083333333334
mac-04,Project Zephyr,disk,2025-12-24,16.513749999999998
mac-04,Project Zephyr,disk,2025-12-25,18.664166666666667
mac-04,Project Zephyr,disk,2025-12-26,17.639166666666668
mac-04,Project Zephyr,disk,2025-12-27,18.277083333333334
mac-04,Project Zephyr,disk,2025-12-28,16.692916666666665
mac-04,Project Zephyr,disk,2025-12-29,19.624583333333334
mac-04,Project Zephyr,disk,2025-12-30,19.648333333333333
mac-04,Project Zephyr,disk,2025-12-31,17.632916666666667
mac-04,Project Zephyr,ram,2025-01-01,14.360833333333334
mac-04,Project Zephyr,ram,2025-01-02,14.26625
mac-04,Project Zephyr,ram,2025-01-03,14.345833333333333
mac-04,Project Zephyr,ram,2025-01-04,15.034583333333332
mac-04,Project Zephyr,ram,2025-01-05,16.71291666666667
mac-04,Project Zephyr,ram,2025-01-06,13.168750000000001
mac-04,Project Zephyr,ram,2025-01-07,14.855833333333335
mac-04,Project Zephyr,ram,2025-01-08,14.637916666666667
mac-04,Project Zephyr,ram,2025-01-09,15.4375
mac-04,Project Zephyr,ram,2025-01-10,13.679166666666667
mac-04,Project Zephyr,ram,2025-01-11,13.544166666666667
mac-04,Project Zephyr,ram,2025-01-12,13.84375
mac-04,Project Zephyr,ram,2025-01-13,14.869583333333333
mac-04,Project Zephyr,ram,2025-01-14,16.100833333333334
mac-04,Project Zephyr,ram,2025-01-15,15.643749999999999
mac-04,Project Zephyr,ram,2025-01-16,15.445416666666667
mac-04,Project Zephyr,ram,2025-01-17,13.023333333333333
mac-04,Project Zephyr,ram,2025-01-18,14.849583333333333
mac-04,Project Zephyr,ram,2025-01-19,14.23625
mac-04,Project Zephyr,ram,2025-01-20,13.650416666666667
mac-04,Project Zephyr,ram,2025-01-21,15.64625
mac-04,Project Zephyr,ram,2025-01-22,13.965416666666668
mac-04,Project Zephyr,ram,2025-01-23,15.763333333333334
mac-04,Project Zephyr,ram,2025-01-24,15.143333333333333
mac-04,Project Zephyr,ram,2025-01-25,13.445
mac-04,Project Zephyr,ram,2025-01-26,15.184583333333334
mac-04,Project Zephyr,ram,2025-01-27,14.904583333333333
mac-04,Project Zephyr,ram,2025-01-28,14.47375
mac-04,Project Zephyr,ram,2025-01-29,14.233333333333334
mac-04,Project Zephyr,ram,2025-01-30,13.695833333333333
mac-04,Project Zephyr,ram,2025-01-31,13.763333333333334
mac-04,Project Zephyr,ram,2025-02-01,16.556250000000002
mac-04,Project Zephyr,ram,2025-02-02,15.922083333333333
mac-04,Project Zephyr,ram,2025-02-03,13.987499999999999
mac-04,Project Zephyr,ram,2025-02-04,15.604999999999999
mac-04,Project Zephyr,ram,2025-02-05,15.784166666666666
mac-04,Project Zephyr,ram,2025-02-06,15.1725
mac-04,Project Zephyr,ram,2025-02-07,15.093333333333334
mac-04,Project Zephyr,ram,2025-02-08,14.830416666666666
mac-04,Project Zephyr,ram,2025-02-09,15.09375
mac-04,Project Zephyr,ram,2025-02-10,15.869583333333333
mac-04,Project Zephyr,ram,2025-02-11,14.32625
mac-04,Project Zephyr,ram,2025-02-12,15.977083333333333
mac-04,Project Zephyr,ram,2025-02-13,14.224583333333333
mac-04,Project Zephyr,ram,2025-02-14,15.24
mac-04,Project Zephyr,ram,2025-02-15,13.919166666666667
mac-04,Project Zephyr,ram,2025-02-16,14.763333333333334
mac-04,Project Zephyr,ram,2025-02-17,16.455000000000002
mac-04,Project Zephyr,ram,2025-02-18,15.693333333333333
mac-04,Project Zephyr,ram,2025-02-19,15.41375
mac-04,Project Zephyr,ram,2025-02-20,13.521666666666667
mac-04,Project Zephyr,ram,2025-02-21,15.39
mac-04,Project Zephyr,ram,2025-02-22,14.58625
mac-04,Project Zephyr,ram,2025-02-23,15.90625
mac-04,Project Zephyr,ram,2025-02-24,14.377916666666666
mac-04,Project Zephyr,ram,2025-02-25,15.969583333333333
mac-04,Project Zephyr,ram,2025-02-26,15.175833333333335
mac-04,Project Zephyr,ram,2025-02-27,15.457500000000001
mac-04,Project Zephyr,ram,2025-02-28,16.864166666666666
mac-04,Project Zephyr,ram,2025-03-01,15.062083333333334
mac-04,Project Zephyr,ram,2025-03-02,14.70375
mac-04,Project Zephyr,ram,2025-03-03,13.986666666666666
mac-04,Project Zephyr,ram,2025-03-04,14.906666666666666
mac-04,Project Zephyr,ram,2025-03-05,15.83
mac-04,Project Zephyr,ram,2025-03-06,14.22125
mac-04,Project Zephyr,ram,2025-03-07,15.570416666666667
mac-04,Project Zephyr,ram,2025-03-08,14.07875
mac-04,Project Zephyr,ram,2025-03-09,16.424583333333334
mac-04,Project Zephyr,ram,2025-03-10,14.614166666666668
mac-04,Project Zephyr,ram,2025-03-11,15.825416666666667
mac-04,Project Zephyr,ram,2025-03-12,14.346666666666666
mac-04,Project Zephyr,ram,2025-03-13,14.93
mac-04,Project Zephyr,ram,2025-03-14,14.459166666666667
mac-04,Project Zephyr,ram,2025-03-15,15.39
mac-04,Project Zephyr,ram,2025-03-16,15.02375
mac-04,Project Zephyr,ram,2025-03-17,15.182083333333333
mac-04,Project Zephyr,ram,2025-03-18,16.0675
mac-04,Project Zephyr,ram,2025-03-19,15.180416666666666
mac-04,Project Zephyr,ram,2025-03-20,14.845833333333333
mac-04,Project Zephyr,ram,2025-03-21,15.328333333333333
mac-04,Project Zephyr,ram,2025-03-22,14.585833333333333
mac-04,Project Zephyr,ram,2025-03-23,14.1775
mac-04,Project Zephyr,ram,2025-03-24,15.170833333333334
mac-04,Project Zephyr,ram,2025-03-25,13.731250000000001
mac-04,Project Zephyr,ram,2025-03-26,15.216666666666667
mac-04,Project Zephyr,ram,2025-03-27,14.354583333333332
mac-04,Project Zephyr,ram,2025-03-28,15.415000000000001
mac-04,Project Zephyr,ram,2025-03-29,15.366666666666667
mac-04,Project Zephyr,ram,2025-03-30,15.632916666666667
mac-04,Project Zephyr,ram,2025-03-31,15.780000000000001
mac-04,Project Zephyr,ram,2025-04-01,14.067083333333334
mac-04,Project Zephyr,ram,2025-04-02,15.674166666666666
mac-04,Project Zephyr,ram,2025-04-03,14.53875
mac-04,Project Zephyr,ram,2025-04-04,14.357083333333334
mac-04,Project Zephyr,ram,2025-04-05,14.919166666666667
mac-04,Project Zephyr,ram,2025-04-06,16.286666666666665
mac-04,Project Zephyr,ram,2025-04-07,14.589166666666666
mac-04,Project Zephyr,ram,2025-04-08,14.515
mac-04,Project Zephyr,ram,2025-04-09,15.456249999999999
mac-04,Project Zephyr,ram,2025-04-10,15.445416666666667
mac-04,Project Zephyr,ram,2025-04-11,14.149166666666666
mac-04,Project Zephyr,ram,2025-04-12,15.17
mac-04,Project Zephyr,ram,2025-04-13,14.066666666666668
mac-04,Project Zephyr,ram,2025-04-14,14.542499999999999
mac-04,Project Zephyr,ram,2025-04-15,14.294583333333334
mac-04,Project Zephyr,ram,2025-04-16,14.429166666666667
mac-04,Project Zephyr,ram,2025-04-17,16.067916666666665
mac-04,Project Zephyr,ram,2025-04-18,14.921666666666667
mac-04,Project Zephyr,ram,2025-04-19,15.202083333333334
mac-04,Project Zephyr,ram,2025-04-20,14.1725
mac-04,Project Zephyr,ram,2025-04-21,15.42125
mac-04,Project Zephyr,ram,2025-04-22,14.789583333333333
mac-04,Project Zephyr,ram,2025-04-23,14.590000000000002
mac-04,Project Zephyr,ram,2025-04-24,14.100833333333334
mac-04,Project Zephyr,ram,2025-04-25,15.304583333333333
mac-04,Project Zephyr,ram,2025-04-26,14.862499999999999
mac-04,Project Zephyr,ram,2025-04-27,15.06
mac-04,Project Zephyr,ram,2025-04-28,14.724166666666667
mac-04,Project Zephyr,ram,2025-04-29,15.050833333333335
mac-04,Project Zephyr,ram,2025-04-30,15.991666666666667
mac-04,Project Zephyr,ram,2025-05-01,14.150833333333333
mac-04,Project Zephyr,ram,2025-05-02,13.418750000000001
mac-04,Project Zephyr,ram,2025-05-03,14.810416666666667
mac-04,Project Zephyr,ram,2025-05-04,15.4275
mac-04,Project Zephyr,ram,2025-05-05,15.476666666666667
mac-04,Project Zephyr,ram,2025-05-06,12.950416666666667
mac-04,Project Zephyr,ram,2025-05-07,14.28875
mac-04,Project Zephyr,ram,2025-05-08,15.046666666666667
mac-04,Project Zephyr,ram,2025-05-09,13.356666666666667
mac-04,Project Zephyr,ram,2025-05-10,15.505
mac-04,Project Zephyr,ram,2025-05-11,15.1325
mac-04,Project Zephyr,ram,2025-05-12,14.405416666666667
mac-04,Project Zephyr,ram,2025-05-13,14.015416666666667
mac-04,Project Zephyr,ram,2025-05-14,13.40625
mac-04,Project Zephyr,ram,2025-05-15,15.061666666666667
mac-04,Project Zephyr,ram,2025-05-16,15.717916666666667
mac-04,Project Zephyr,ram,2025-05-17,14.6225
mac-04,Project Zephyr,ram,2025-05-18,14.295416666666668
mac-04,Project Zephyr,ram,2025-05-19,16.798333333333336
mac-04,Project Zephyr,ram,2025-05-20,15.518333333333333
mac-04,Project Zephyr,ram,2025-05-21,15.322916666666666
mac-04,Project Zephyr,ram,2025-05-22,14.101666666666667
mac-04,Project Zephyr,ram,2025-05-23,13.914166666666667
mac-04,Project Zephyr,ram,2025-05-24,14.757916666666667
mac-04,Project Zephyr,ram,2025-05-25,13.683750000000002
mac-04,Project Zephyr,ram,2025-05-26,14.049166666666666
mac-04,Project Zephyr,ram,2025-05-27,14.840416666666668
mac-04,Project Zephyr,ram,2025-05-28,14.109166666666667
mac-04,Project Zephyr,ram,2025-05-29,14.770833333333334
mac-04,Project Zephyr,ram,2025-05-30,13.761666666666665
mac-04,Project Zephyr,ram,2025-05-31,13.565416666666666
mac-04,Project Zephyr,ram,2025-06-01,14.994583333333333
mac-04,Project Zephyr,ram,2025-06-02,15.704583333333334
mac-04,Project Zephyr,ram,2025-06-03,13.632083333333334
mac-04,Project Zephyr,ram,2025-06-04,15.085416666666667
mac-04,Project Zephyr,ram,2025-06-05,14.885416666666666
mac-04,Project Zephyr,ram,2025-06-06,13.875
mac-04,Project Zephyr,ram,2025-06-07,14.087916666666667
mac-04,Project Zephyr,ram,2025-06-08,15.825833333333334
mac-04,Project Zephyr,ram,2025-06-09,13.97125
mac-04,Project Zephyr,ram,2025-06-10,13.99125
mac-04,Project Zephyr,ram,2025-06-11,14.051250000000001
mac-04,Project Zephyr,ram,2025-06-12,14.84125
mac-04,Project Zephyr,ram,2025-06-13,15.445416666666667
mac-04,Project Zephyr,ram,2025-06-14,15.208333333333334
mac-04,Project Zephyr,ram,2025-06-15,15.168750000000001
mac-04,Project Zephyr,ram,2025-06-16,14.8575
mac-04,Project Zephyr,ram,2025-06-17,14.469999999999999
mac-04,Project Zephyr,ram,2025-06-18,15.325416666666667
mac-04,Project Zephyr,ram,2025-06-19,15.690416666666666
mac-04,Project Zephyr,ram,2025-06-20,15.711666666666666
mac-04,Project Zephyr,ram,2025-06-21,16.265416666666667
mac-04,Project Zephyr,ram,2025-06-22,14.35375
mac-04,Project Zephyr,ram,2025-06-23,16.874583333333334
mac-04,Project Zephyr,ram,2025-06-24,16.070416666666667
mac-04,Project Zephyr,ram,2025-06-25,15.27375
mac-04,Project Zephyr,ram,2025-06-26,15.106666666666667
mac-04,Project Zephyr,ram,2025-06-27,13.976666666666667
mac-04,Project Zephyr,ram,2025-06-28,13.621666666666668
mac-04,Project Zephyr,ram,2025-06-29,16.192083333333333
mac-04,Project Zephyr,ram,2025-06-30,16.245
mac-04,Project Zephyr,ram,2025-07-01,15.803333333333333
mac-04,Project Zephyr,ram,2025-07-02,14.680416666666666
mac-04,Project Zephyr,ram,2025-07-03,13.955416666666666
mac-04,Project Zephyr,ram,2025-07-04,15.356250000000001
mac-04,Project Zephyr,ram,2025-07-05,15.231250000000001
mac-04,Project Zephyr,ram,2025-07-06,14.456249999999999
mac-04,Project Zephyr,ram,2025-07-07,13.865416666666667
mac-04,Project Zephyr,ram,2025-07-08,14.497083333333334
mac-04,Project Zephyr,ram,2025-07-09,14.260833333333332
mac-04,Project Zephyr,ram,2025-07-10,16.0
mac-04,Project Zephyr,ram,2025-07-11,15.174583333333333
mac-04,Project Zephyr,ram,2025-07-12,16.349166666666665
mac-04,Project Zephyr,ram,2025-07-13,14.985
mac-04,Project Zephyr,ram,2025-07-14,14.045
mac-04,Project Zephyr,ram,2025-07-15,15.4925
mac-04,Project Zephyr,ram,2025-07-16,15.03125
mac-04,Project Zephyr,ram,2025-07-17,15.245833333333332
mac-04,Project Zephyr,ram,2025-07-18,15.674999999999999
mac-04,Project Zephyr,ram,2025-07-19,14.28625
mac-04,Project Zephyr,ram,2025-07-20,14.473333333333334
mac-04,Project Zephyr,ram,2025-07-21,15.230416666666665
mac-04,Project Zephyr,ram,2025-07-22,15.112083333333333
mac-04,Project Zephyr,ram,2025-07-23,15.119166666666667
mac-04,Project Zephyr,ram,2025-07-24,15.807083333333333
mac-04,Project Zephyr,ram,2025-07-25,15.09875
mac-04,Project Zephyr,ram,2025-07-26,15.221666666666666
mac-04,Project Zephyr,ram,2025-07-27,13.767916666666666
mac-04,Project Zephyr,ram,2025-07-28,13.999583333333334
mac-04,Project Zephyr,ram,2025-07-29,13.945
mac-04,Project Zephyr,ram,2025-07-30,15.957083333333332
mac-04,Project Zephyr,ram,2025-07-31,15.135416666666666
mac-04,Project Zephyr,ram,2025-08-01,14.275416666666667
mac-04,Project Zephyr,ram,2025-08-02,15.046666666666667
mac-04,Project Zephyr,ram,2025-08-03,12.919166666666667
mac-04,Project Zephyr,ram,2025-08-04,15.095416666666667
mac-04,Project Zephyr,ram,2025-08-05,15.352083333333333
mac-04,Project Zephyr,ram,2025-08-06,14.533333333333333
mac-04,Project Zephyr,ram,2025-08-07,13.282083333333333
mac-04,Project Zephyr,ram,2025-08-08,15.315833333333332
mac-04,Project Zephyr,ram,2025-08-09,16.378333333333334
mac-04,Project Zephyr,ram,2025-08-10,14.871666666666668
mac-04,Project Zephyr,ram,2025-08-11,15.999583333333334
mac-04,Project Zephyr,ram,2025-08-12,14.107083333333334
mac-04,Project Zephyr,ram,2025-08-13,14.429166666666667
mac-04,Project Zephyr,ram,2025-08-14,14.237083333333333
mac-04,Project Zephyr,ram,2025-08-15,14.304583333333333
mac-04,Project Zephyr,ram,2025-08-16,14.215000000000002
mac-04,Project Zephyr,ram,2025-08-17,13.796666666666667
mac-04,Project Zephyr,ram,2025-08-18,15.618333333333334
mac-04,Project Zephyr,ram,2025-08-19,15.722083333333332
mac-04,Project Zephyr,ram,2025-08-20,15.74
mac-04,Project Zephyr,ram,2025-08-21,13.706666666666665
mac-04,Project Zephyr,ram,2025-08-22,14.613750000000001
mac-04,Project Zephyr,ram,2025-08-23,13.699166666666668
mac-04,Project Zephyr,ram,2025-08-24,15.205833333333333
mac-04,Project Zephyr,ram,2025-08-25,15.643749999999999
mac-04,Project Zephyr,ram,2025-08-26,14.53875
mac-04,Project Zephyr,ram,2025-08-27,15.488750000000001
mac-04,Project Zephyr,ram,2025-08-28,15.282916666666667
mac-04,Project Zephyr,ram,2025-08-29,12.8725
mac-04,Project Zephyr,ram,2025-08-30,15.520833333333334
mac-04,Project Zephyr,ram,2025-08-31,16.367083333333333
mac-04,Project Zephyr,ram,2025-09-01,14.632083333333334
mac-04,Project Zephyr,ram,2025-09-02,15.900416666666667
mac-04,Project Zephyr,ram,2025-09-03,14.83375
mac-04,Project Zephyr,ram,2025-09-04,13.981666666666667
mac-04,Project Zephyr,ram,2025-09-05,14.727083333333333
mac-04,Project Zephyr,ram,2025-09-06,14.8125
mac-04,Project Zephyr,ram,2025-09-07,15.90125
mac-04,Project Zephyr,ram,2025-09-08,16.548750000000002
mac-04,Project Zephyr,ram,2025-09-09,15.34125
mac-04,Project Zephyr,ram,2025-09-10,13.062916666666666
mac-04,Project Zephyr,ram,2025-09-11,14.601666666666667
mac-04,Project Zephyr,ram,2025-09-12,14.409583333333332
mac-04,Project Zephyr,ram,2025-09-13,15.507083333333334
mac-04,Project Zephyr,ram,2025-09-14,15.669166666666667
mac-04,Project Zephyr,ram,2025-09-15,14.520833333333334
mac-04,Project Zephyr,ram,2025-09-16,14.722083333333332
mac-04,Project Zephyr,ram,2025-09-17,16.539166666666667
mac-04,Project Zephyr,ram,2025-09-18,14.565416666666666
mac-04,Project Zephyr,ram,2025-09-19,15.815833333333332
mac-04,Project Zephyr,ram,2025-09-20,14.755833333333333
mac-04,Project Zephyr,ram,2025-09-21,14.838333333333333
mac-04,Project Zephyr,ram,2025-09-22,15.780833333333334
mac-04,Project Zephyr,ram,2025-09-23,14.093333333333334
mac-04,Project Zephyr,ram,2025-09-24,14.543750000000001
mac-04,Project Zephyr,ram,2025-09-25,15.782916666666667
mac-04,Project Zephyr,ram,2025-09-26,15.093333333333334
mac-04,Project Zephyr,ram,2025-09-27,14.4925
mac-04,Project Zephyr,ram,2025-09-28,14.806666666666667
mac-04,Project Zephyr,ram,2025-09-29,15.840833333333334
mac-04,Project Zephyr,ram,2025-09-30,15.460416666666667
mac-04,Project Zephyr,ram,2025-10-01,14.5675
mac-04,Project Zephyr,ram,2025-10-02,13.809166666666668
mac-04,Project Zephyr,ram,2025-10-03,14.972499999999998
mac-04,Project Zephyr,ram,2025-10-04,15.606666666666667
mac-04,Project Zephyr,ram,2025-10-05,13.842083333333333
mac-04,Project Zephyr,ram,2025-10-06,14.673333333333334
mac-04,Project Zephyr,ram,2025-10-07,15.347499999999998
mac-04,Project Zephyr,ram,2025-10-08,16.846666666666668
mac-04,Project Zephyr,ram,2025-10-09,13.387500000000001
mac-04,Project Zephyr,ram,2025-10-10,13.714166666666666
mac-04,Project Zephyr,ram,2025-10-11,14.104583333333332
mac-04,Project Zephyr,ram,2025-10-12,15.59625
mac-04,Project Zephyr,ram,2025-10-13,13.432083333333333
mac-04,Project Zephyr,ram,2025-10-14,13.789166666666667
mac-04,Project Zephyr,ram,2025-10-15,14.588333333333333
mac-04,Project Zephyr,ram,2025-10-16,12.63
mac-04,Project Zephyr,ram,2025-10-17,14.78625
mac-04,Project Zephyr,ram,2025-10-18,14.78125
mac-04,Project Zephyr,ram,2025-10-19,15.220833333333333
mac-04,Project Zephyr,ram,2025-10-20,14.1425
mac-04,Project Zephyr,ram,2025-10-21,13.325833333333334
mac-04,Project Zephyr,ram,2025-10-22,15.199583333333335
mac-04,Project Zephyr,ram,2025-10-23,14.8275
mac-04,Project Zephyr,ram,2025-10-24,15.3225
mac-04,Project Zephyr,ram,2025-10-25,15.22875
mac-04,Project Zephyr,ram,2025-10-26,16.302083333333332
mac-04,Project Zephyr,ram,2025-10-27,15.93125
mac-04,Project Zephyr,ram,2025-10-28,15.54625
mac-04,Project Zephyr,ram,2025-10-29,14.60875
mac-04,Project Zephyr,ram,2025-10-30,15.2675
mac-04,Project Zephyr,ram,2025-10-31,15.883750000000001
mac-04,Project Zephyr,ram,2025-11-01,14.944583333333334
mac-04,Project Zephyr,ram,2025-11-02,14.243333333333334
mac-04,Project Zephyr,ram,2025-11-03,14.314583333333333
mac-04,Project Zephyr,ram,2025-11-04,17.736666666666668
mac-04,Project Zephyr,ram,2025-11-05,14.13
mac-04,Project Zephyr,ram,2025-11-06,14.476666666666667
mac-04,Project Zephyr,ram,2025-11-07,14.415
mac-04,Project Zephyr,ram,2025-11-08,14.270000000000001
mac-04,Project Zephyr,ram,2025-11-09,15.005416666666667
mac-04,Project Zephyr,ram,2025-11-10,14.286666666666667
mac-04,Project Zephyr,ram,2025-11-11,15.104999999999999
mac-04,Project Zephyr,ram,2025-11-12,16.35125
mac-04,Project Zephyr,ram,2025-11-13,15.058749999999998
mac-04,Project Zephyr,ram,2025-11-14,15.335833333333333
mac-04,Project Zephyr,ram,2025-11-15,14.47125
mac-04,Project Zephyr,ram,2025-11-16,15.711666666666666
mac-04,Project Zephyr,ram,2025-11-17,14.419583333333334
mac-04,Project Zephyr,ram,2025-11-18,15.83875
mac-04,Project Zephyr,ram,2025-11-19,13.76625
mac-04,Project Zephyr,ram,2025-11-20,14.757916666666667
mac-04,Project Zephyr,ram,2025-11-21,15.428749999999999
mac-04,Project Zephyr,ram,2025-11-22,14.019583333333332
mac-04,Project Zephyr,ram,2025-11-23,15.448333333333332
mac-04,Project Zephyr,ram,2025-11-24,15.817916666666667
mac-04,Project Zephyr,ram,2025-11-25,13.914583333333333
mac-04,Project Zephyr,ram,2025-11-26,14.453333333333333
mac-04,Project Zephyr,ram,2025-11-27,15.841666666666667
mac-04,Project Zephyr,ram,2025-11-28,15.594166666666666
mac-04,Project Zephyr,ram,2025-11-29,15.854583333333332
mac-04,Project Zephyr,ram,2025-11-30,14.44375
mac-04,Project Zephyr,ram,2025-12-01,15.604166666666666
mac-04,Project Zephyr,ram,2025-12-02,15.08625
mac-04,Project Zephyr,ram,2025-12-03,16.218333333333334
mac-04,Project Zephyr,ram,2025-12-04,15.488750000000001
mac-04,Project Zephyr,ram,2025-12-05,13.92375
mac-04,Project Zephyr,ram,2025-12-06,14.939166666666667
mac-04,Project Zephyr,ram,2025-12-07,14.1275
mac-04,Project Zephyr,ram,2025-12-08,14.635416666666666
mac-04,Project Zephyr,ram,2025-12-09,14.092083333333333
mac-04,Project Zephyr,ram,2025-12-10,15.470416666666667
mac-04,Project Zephyr,ram,2025-12-11,12.756250000000001
mac-04,Project Zephyr,ram,2025-12-12,15.169166666666667
mac-04,Project Zephyr,ram,2025-12-13,16.317083333333333
mac-04,Project Zephyr,ram,2025-12-14,15.168750000000001
mac-04,Project Zephyr,ram,2025-12-15,14.825416666666667
mac-04,Project Zephyr,ram,2025-12-16,15.549583333333333
mac-04,Project Zephyr,ram,2025-12-17,14.496666666666668
mac-04,Project Zephyr,ram,2025-12-18,13.672083333333333
mac-04,Project Zephyr,ram,2025-12-19,15.270833333333334
mac-04,Project Zephyr,ram,2025-12-20,13.66125
mac-04,Project Zephyr,ram,2025-12-21,15.68625
mac-04,Project Zephyr,ram,2025-12-22,16.601666666666667
mac-04,Project Zephyr,ram,2025-12-23,15.025833333333333
mac-04,Project Zephyr,ram,2025-12-24,14.935416666666667
mac-04,Project Zephyr,ram,2025-12-25,13.64875
mac-04,Project Zephyr,ram,2025-12-26,14.755
mac-04,Project Zephyr,ram,2025-12-27,15.718333333333334
mac-04,Project Zephyr,ram,2025-12-28,15.344999999999999
mac-04,Project Zephyr,ram,2025-12-29,12.8775
mac-04,Project Zephyr,ram,2025-12-30,14.143749999999999
mac-04,Project Zephyr,ram,2025-12-31,14.432083333333333
mac-05,Project Falcon,cpu,2025-01-01,85.60000000000001
mac-05,Project Falcon,cpu,2025-01-02,85.64583333333333
mac-05,Project Falcon,cpu,2025-01-03,86.75833333333333
mac-05,Project Falcon,cpu,2025-01-04,88.55416666666667
mac-05,Project Falcon,cpu,2025-01-05,85.81666666666666
mac-05,Project Falcon,cpu,2025-01-06,87.28333333333335
mac-05,Project Falcon,cpu,2025-01-07,86.22916666666667
mac-05,Project Falcon,cpu,2025-01-08,85.95416666666667
mac-05,Project Falcon,cpu,2025-01-09,86.05416666666667
mac-05,Project Falcon,cpu,2025-01-10,85.825
mac-05,Project Falcon,cpu,2025-01-11,88.30833333333334
mac-05,Project Falcon,cpu,2025-01-12,87.65416666666665
mac-05,Project Falcon,cpu,2025-01-13,87.625
mac-05,Project Falcon,cpu,2025-01-14,86.89999999999999
mac-05,Project Falcon,cpu,2025-01-15,86.58749999999999
mac-05,Project Falcon,cpu,2025-01-16,87.50416666666666
mac-05,Project Falcon,cpu,2025-01-17,86.86666666666667
mac-05,Project Falcon,cpu,2025-01-18,87.02083333333333
mac-05,Project Falcon,cpu,2025-01-19,86.84583333333335
mac-05,Project Falcon,cpu,2025-01-20,86.7375
mac-05,Project Falcon,cpu,2025-01-21,86.57916666666667
mac-05,Project Falcon,cpu,2025-01-22,87.35416666666667
mac-05,Project Falcon,cpu,2025-01-23,87.77916666666665
mac-05,Project Falcon,cpu,2025-01-24,86.90833333333335
mac-05,Project Falcon,cpu,2025-01-25,87.69583333333333
mac-05,Project Falcon,cpu,2025-01-26,86.69166666666666
mac-05,Project Falcon,cpu,2025-01-27,87.66666666666667
mac-05,Project Falcon,cpu,2025-01-28,87.52499999999999
mac-05,Project Falcon,cpu,2025-01-29,87.33749999999999
mac-05,Project Falcon,cpu,2025-01-30,87.06666666666666
mac-05,Project Falcon,cpu,2025-01-31,87.03333333333335
mac-05,Project Falcon,cpu,2025-02-01,87.19166666666666
mac-05,Project Falcon,cpu,2025-02-02,87.44166666666666
mac-05,Project Falcon,cpu,2025-02-03,86.65833333333335
mac-05,Project Falcon,cpu,2025-02-04,86.76666666666667
mac-05,Project Falcon,cpu,2025-02-05,87.425
mac-05,Project Falcon,cpu,2025-02-06,86.96249999999999
mac-05,Project Falcon,cpu,2025-02-07,87.28333333333335
mac-05,Project Falcon,cpu,2025-02-08,87.04166666666667
mac-05,Project Falcon,cpu,2025-02-09,88.12083333333334
mac-05,Project Falcon,cpu,2025-02-10,87.77499999999999
mac-05,Project Falcon,cpu,2025-02-11,88.02083333333333
mac-05,Project Falcon,cpu,2025-02-12,87.95416666666667
mac-05,Project Falcon,cpu,2025-02-13,87.46666666666665
mac-05,Project Falcon,cpu,2025-02-14,87.12083333333334
mac-05,Project Falcon,cpu,2025-02-15,87.10000000000001
mac-05,Project Falcon,cpu,2025-02-16,87.8
mac-05,Project Falcon,cpu,2025-02-17,88.5
mac-05,Project Falcon,cpu,2025-02-18,87.57083333333333
mac-05,Project Falcon,cpu,2025-02-19,88.58749999999999
mac-05,Project Falcon,cpu,2025-02-20,86.53333333333335
mac-05,Project Falcon,cpu,2025-02-21,88.67083333333333
mac-05,Project Falcon,cpu,2025-02-22,88.34166666666665
mac-05,Project Falcon,cpu,2025-02-23,89.05
mac-05,Project Falcon,cpu,2025-02-24,88.37083333333334
mac-05,Project Falcon,cpu,2025-02-25,88.22916666666667
mac-05,Project Falcon,cpu,2025-02-26,88.73333333333333
mac-05,Project Falcon,cpu,2025-02-27,87.69583333333333
mac-05,Project Falcon,cpu,2025-02-28,87.2375
mac-05,Project Falcon,cpu,2025-03-01,88.45
mac-05,Project Falcon,cpu,2025-03-02,88.66250000000001
mac-05,Project Falcon,cpu,2025-03-03,87.23333333333333
mac-05,Project Falcon,cpu,2025-03-04,88.39583333333333
mac-05,Project Falcon,cpu,2025-03-05,86.85416666666667
mac-05,Project Falcon,cpu,2025-03-06,87.72083333333335
mac-05,Project Falcon,cpu,2025-03-07,89.78750000000001
mac-05,Project Falcon,cpu,2025-03-08,87.69166666666666
mac-05,Project Falcon,cpu,2025-03-09,88.71666666666665
mac-05,Project Falcon,cpu,2025-03-10,88.75
mac-05,Project Falcon,cpu,2025-03-11,87.87083333333334
mac-05,Project Falcon,cpu,2025-03-12,88.90833333333335
mac-05,Project Falcon,cpu,2025-03-13,89.09583333333335
mac-05,Project Falcon,cpu,2025-03-14,89.28333333333335
mac-05,Project Falcon,cpu,2025-03-15,88.25416666666666
mac-05,Project Falcon,cpu,2025-03-16,87.46666666666665
mac-05,Project Falcon,cpu,2025-03-17,89.47083333333335
mac-05,Project Falcon,cpu,2025-03-18,87.25833333333333
mac-05,Project Falcon,cpu,2025-03-19,88.22083333333335
mac-05,Project Falcon,cpu,2025-03-20,89.08749999999999
mac-05,Project Falcon,cpu,2025-03-21,88.77083333333333
mac-05,Project Falcon,cpu,2025-03-22,88.44583333333333
mac-05,Project Falcon,cpu,2025-03-23,88.81666666666666
mac-05,Project Falcon,cpu,2025-03-24,88.18333333333334
mac-05,Project Falcon,cpu,2025-03-25,88.20833333333333
mac-05,Project Falcon,cpu,2025-03-26,88.69583333333333
mac-05,Project Falcon,cpu,2025-03-27,88.85416666666667
mac-05,Project Falcon,cpu,2025-03-28,87.89166666666667
mac-05,Project Falcon,cpu,2025-03-29,88.3
mac-05,Project Falcon,cpu,2025-03-30,90.08333333333333
mac-05,Project Falcon,cpu,2025-03-31,89.55833333333334
mac-05,Project Falcon,cpu,2025-04-01,88.40833333333335
mac-05,Project Falcon,cpu,2025-04-02,88.6125
mac-05,Project Falcon,cpu,2025-04-03,89.39999999999999
mac-05,Project Falcon,cpu,2025-04-04,88.77916666666665
mac-05,Project Falcon,cpu,2025-04-05,87.575
mac-05,Project Falcon,cpu,2025-04-06,90.35833333333333
mac-05,Project Falcon,cpu,2025-04-07,88.92083333333333
mac-05,Project Falcon,cpu,2025-04-08,88.8625
mac-05,Project Falcon,cpu,2025-04-09,89.21249999999999
mac-05,Project Falcon,cpu,2025-04-10,89.12916666666666
mac-05,Project Falcon,cpu,2025-04-11,89.7
mac-05,Project Falcon,cpu,2025-04-12,90.55416666666667
mac-05,Project Falcon,cpu,2025-04-13,87.55833333333334
mac-05,Project Falcon,cpu,2025-04-14,89.34166666666665
mac-05,Project Falcon,cpu,2025-04-15,89.42083333333333
mac-05,Project Falcon,cpu,2025-04-16,89.68333333333334
mac-05,Project Falcon,cpu,2025-04-17,90.12083333333334
mac-05,Project Falcon,cpu,2025-04-18,88.84166666666665
mac-05,Project Falcon,cpu,2025-04-19,89.02083333333333
mac-05,Project Falcon,cpu,2025-04-20,90.44583333333333
mac-05,Project Falcon,cpu,2025-04-21,89.54166666666667
mac-05,Project Falcon,cpu,2025-04-22,89.0
mac-05,Project Falcon,cpu,2025-04-23,90.2375
mac-05,Project Falcon,cpu,2025-04-24,89.22083333333335
mac-05,Project Falcon,cpu,2025-04-25,88.94583333333333
mac-05,Project Falcon,cpu,2025-04-26,89.45416666666667
mac-05,Project Falcon,cpu,2025-04-27,90.45
mac-05,Project Falcon,cpu,2025-04-28,88.47916666666667
mac-05,Project Falcon,cpu,2025-04-29,89.66250000000001
mac-05,Project Falcon,cpu,2025-04-30,89.70416666666667
mac-05,Project Falcon,cpu,2025-05-01,90.17916666666667
mac-05,Project Falcon,cpu,2025-05-02,89.75833333333333
mac-05,Project Falcon,cpu,2025-05-03,90.48333333333333
mac-05,Project Falcon,cpu,2025-05-04,89.82083333333333
mac-05,Project Falcon,cpu,2025-05-05,88.30833333333334
mac-05,Project Falcon,cpu,2025-05-06,90.37083333333334
mac-05,Project Falcon,cpu,2025-05-07,89.37916666666666
mac-05,Project Falcon,cpu,2025-05-08,90.05833333333334
mac-05,Project Falcon,cpu,2025-05-09,89.22500000000001
mac-05,Project Falcon,cpu,2025-05-10,90.35416666666667
mac-05,Project Falcon,cpu,2025-05-11,90.80833333333334
mac-05,Project Falcon,cpu,2025-05-12,89.72500000000001
mac-05,Project Falcon,cpu,2025-05-13,90.69583333333333
mac-05,Project Falcon,cpu,2025-05-14,90.81666666666666
mac-05,Project Falcon,cpu,2025-05-15,90.96249999999999
mac-05,Project Falcon,cpu,2025-05-16,90.19583333333333
mac-05,Project Falcon,cpu,2025-05-17,91.04583333333333
mac-05,Project Falcon,cpu,2025-05-18,89.58333333333333
mac-05,Project Falcon,cpu,2025-05-19,91.49166666666667
mac-05,Project Falcon,cpu,2025-05-20,90.15416666666665
mac-05,Project Falcon,cpu,2025-05-21,90.35416666666667
mac-05,Project Falcon,cpu,2025-05-22,90.69583333333333
mac-05,Project Falcon,cpu,2025-05-23,90.05416666666667
mac-05,Project Falcon,cpu,2025-05-24,90.85000000000001
mac-05,Project Falcon,cpu,2025-05-25,89.96666666666665
mac-05,Project Falcon,cpu,2025-05-26,91.46666666666665
mac-05,Project Falcon,cpu,2025-05-27,89.67916666666667
mac-05,Project Falcon,cpu,2025-05-28,90.34583333333335
mac-05,Project Falcon,cpu,2025-05-29,89.32083333333333
mac-05,Project Falcon,cpu,2025-05-30,91.125
mac-05,Project Falcon,cpu,2025-05-31,91.05
mac-05,Project Falcon,cpu,2025-06-01,90.5
mac-05,Project Falcon,cpu,2025-06-02,91.16250000000001
mac-05,Project Falcon,cpu,2025-06-03,90.30833333333334
mac-05,Project Falcon,cpu,2025-06-04,90.28750000000001
mac-05,Project Falcon,cpu,2025-06-05,90.45
mac-05,Project Falcon,cpu,2025-06-06,90.92083333333333
mac-05,Project Falcon,cpu,2025-06-07,90.43333333333334
mac-05,Project Falcon,cpu,2025-06-08,91.175
mac-05,Project Falcon,cpu,2025-06-09,89.90416666666665
mac-05,Project Falcon,cpu,2025-06-10,91.4375
mac-05,Project Falcon,cpu,2025-06-11,90.82083333333333
mac-05,Project Falcon,cpu,2025-06-12,90.49166666666667
mac-05,Project Falcon,cpu,2025-06-13,91.3875
mac-05,Project Falcon,cpu,2025-06-14,90.8625
mac-05,Project Falcon,cpu,2025-06-15,90.49166666666667
mac-05,Project Falcon,cpu,2025-06-16,90.22083333333335
mac-05,Project Falcon,cpu,2025-06-17,91.96666666666665
mac-05,Project Falcon,cpu,2025-06-18,91.90416666666665
mac-05,Project Falcon,cpu,2025-06-19,90.41666666666667
mac-05,Project Falcon,cpu,2025-06-20,90.27499999999999
mac-05,Project Falcon,cpu,2025-06-21,90.23333333333333
mac-05,Project Falcon,cpu,2025-06-22,90.55
mac-05,Project Falcon,cpu,2025-06-23,91.43333333333334
mac-05,Project Falcon,cpu,2025-06-24,91.40833333333335
mac-05,Project Falcon,cpu,2025-06-25,90.62083333333334
mac-05,Project Falcon,cpu,2025-06-26,90.92916666666667
mac-05,Project Falcon,cpu,2025-06-27,91.68333333333334
mac-05,Project Falcon,cpu,2025-06-28,90.96249999999999
mac-05,Project Falcon,cpu,2025-06-29,91.78750000000001
mac-05,Project Falcon,cpu,2025-06-30,92.20833333333333
mac-05,Project Falcon,cpu,2025-07-01,92.46249999999999
mac-05,Project Falcon,cpu,2025-07-02,91.67083333333333
mac-05,Project Falcon,cpu,2025-07-03,90.75416666666666
mac-05,Project Falcon,cpu,2025-07-04,90.825
mac-05,Project Falcon,cpu,2025-07-05,91.2625
mac-05,Project Falcon,cpu,2025-07-06,91.91250000000001
mac-05,Project Falcon,cpu,2025-07-07,91.1125
mac-05,Project Falcon,cpu,2025-07-08,91.64583333333333
mac-05,Project Falcon,cpu,2025-07-09,90.63333333333333
mac-05,Project Falcon,cpu,2025-07-10,92.01666666666667
mac-05,Project Falcon,cpu,2025-07-11,91.0
mac-05,Project Falcon,cpu,2025-07-12,91.39583333333333
mac-05,Project Falcon,cpu,2025-07-13,91.60416666666667
mac-05,Project Falcon,cpu,2025-07-14,90.53333333333335
mac-05,Project Falcon,cpu,2025-07-15,91.07083333333333
mac-05,Project Falcon,cpu,2025-07-16,91.23333333333333
mac-05,Project Falcon,cpu,2025-07-17,91.84166666666665
mac-05,Project Falcon,cpu,2025-07-18,91.55833333333334
mac-05,Project Falcon,cpu,2025-07-19,91.44166666666666
mac-05,Project Falcon,cpu,2025-07-20,92.09166666666665
mac-05,Project Falcon,cpu,2025-07-21,91.39166666666667
mac-05,Project Falcon,cpu,2025-07-22,91.77916666666665
mac-05,Project Falcon,cpu,2025-07-23,92.29583333333333
mac-05,Project Falcon,cpu,2025-07-24,91.91250000000001
mac-05,Project Falcon,cpu,2025-07-25,92.825
mac-05,Project Falcon,cpu,2025-07-26,91.35000000000001
mac-05,Project Falcon,cpu,2025-07-27,91.25833333333333
mac-05,Project Falcon,cpu,2025-07-28,91.58333333333333
mac-05,Project Falcon,cpu,2025-07-29,91.52916666666665
mac-05,Project Falcon,cpu,2025-07-30,92.95
mac-05,Project Falcon,cpu,2025-07-31,92.075
mac-05,Project Falcon,cpu,2025-08-01,91.66250000000001
mac-05,Project Falcon,cpu,2025-08-02,92.09583333333335
mac-05,Project Falcon,cpu,2025-08-03,92.12083333333334
mac-05,Project Falcon,cpu,2025-08-04,92.3125
mac-05,Project Falcon,cpu,2025-08-05,91.55
mac-05,Project Falcon,cpu,2025-08-06,91.60000000000001
mac-05,Project Falcon,cpu,2025-08-07,91.44583333333333
mac-05,Project Falcon,cpu,2025-08-08,91.61666666666667
mac-05,Project Falcon,cpu,2025-08-09,92.5125
mac-05,Project Falcon,cpu,2025-08-10,92.85833333333333
mac-05,Project Falcon,cpu,2025-08-11,91.80833333333334
mac-05,Project Falcon,cpu,2025-08-12,92.3625
mac-05,Project Falcon,cpu,2025-08-13,92.37916666666666
mac-05,Project Falcon,cpu,2025-08-14,93.425
mac-05,Project Falcon,cpu,2025-08-15,93.25833333333333
mac-05,Project Falcon,cpu,2025-08-16,92.4875
mac-05,Project Falcon,cpu,2025-08-17,92.16250000000001
mac-05,Project Falcon,cpu,2025-08-18,92.3875
mac-05,Project Falcon,cpu,2025-08-19,92.71666666666665
mac-05,Project Falcon,cpu,2025-08-20,92.5125
mac-05,Project Falcon,cpu,2025-08-21,91.8875
mac-05,Project Falcon,cpu,2025-08-22,92.1875
mac-05,Project Falcon,cpu,2025-08-23,93.20833333333333
mac-05,Project Falcon,cpu,2025-08-24,91.675
mac-05,Project Falcon,cpu,2025-08-25,93.25416666666666
mac-05,Project Falcon,cpu,2025-08-26,92.02499999999999
mac-05,Project Falcon,cpu,2025-08-27,92.40416666666665
mac-05,Project Falcon,cpu,2025-08-28,92.34166666666665
mac-05,Project Falcon,cpu,2025-08-29,92.68333333333334
mac-05,Project Falcon,cpu,2025-08-30,92.59166666666665
mac-05,Project Falcon,cpu,2025-08-31,92.49583333333334
mac-05,Project Falcon,cpu,2025-09-01,93.41250000000001
mac-05,Project Falcon,cpu,2025-09-02,93.58749999999999
mac-05,Project Falcon,cpu,2025-09-03,92.47083333333335
mac-05,Project Falcon,cpu,2025-09-04,92.75416666666666
mac-05,Project Falcon,cpu,2025-09-05,92.85416666666667
mac-05,Project Falcon,cpu,2025-09-06,93.21666666666665
mac-05,Project Falcon,cpu,2025-09-07,92.76666666666667
mac-05,Project Falcon,cpu,2025-09-08,92.625
mac-05,Project Falcon,cpu,2025-09-09,93.1125
mac-05,Project Falcon,cpu,2025-09-10,92.94166666666666
mac-05,Project Falcon,cpu,2025-09-11,93.33333333333333
mac-05,Project Falcon,cpu,2025-09-12,92.1375
mac-05,Project Falcon,cpu,2025-09-13,93.03750000000001
mac-05,Project Falcon,cpu,2025-09-14,92.94166666666666
mac-05,Project Falcon,cpu,2025-09-15,93.25416666666666
mac-05,Project Falcon,cpu,2025-09-16,93.6125
mac-05,Project Falcon,cpu,2025-09-17,93.79583333333333
mac-05,Project Falcon,cpu,2025-09-18,94.10416666666667
mac-05,Project Falcon,cpu,2025-09-19,93.27083333333333
mac-05,Project Falcon,cpu,2025-09-20,92.79583333333333
mac-05,Project Falcon,cpu,2025-09-21,93.64583333333333
mac-05,Project Falcon,cpu,2025-09-22,92.42916666666667
mac-05,Project Falcon,cpu,2025-09-23,94.24583333333334
mac-05,Project Falcon,cpu,2025-09-24,94.3125
mac-05,Project Falcon,cpu,2025-09-25,92.73333333333333
mac-05,Project Falcon,cpu,2025-09-26,93.07916666666667
mac-05,Project Falcon,cpu,2025-09-27,92.8625
mac-05,Project Falcon,cpu,2025-09-28,93.52499999999999
mac-05,Project Falcon,cpu,2025-09-29,93.08333333333333
mac-05,Project Falcon,cpu,2025-09-30,93.70833333333333
mac-05,Project Falcon,cpu,2025-10-01,93.12916666666666
mac-05,Project Falcon,cpu,2025-10-02,92.95416666666667
mac-05,Project Falcon,cpu,2025-10-03,93.39166666666667
mac-05,Project Falcon,cpu,2025-10-04,93.09583333333335
mac-05,Project Falcon,cpu,2025-10-05,92.6875
mac-05,Project Falcon,cpu,2025-10-06,93.59583333333335
mac-05,Project Falcon,cpu,2025-10-07,93.3875
mac-05,Project Falcon,cpu,2025-10-08,93.02916666666665
mac-05,Project Falcon,cpu,2025-10-09,94.31666666666666
mac-05,Project Falcon,cpu,2025-10-10,93.39999999999999
mac-05,Project Falcon,cpu,2025-10-11,94.35000000000001
mac-05,Project Falcon,cpu,2025-10-12,94.19583333333333
mac-05,Project Falcon,cpu,2025-10-13,92.9875
mac-05,Project Falcon,cpu,2025-10-14,93.23333333333333
mac-05,Project Falcon,cpu,2025-10-15,93.94166666666666
mac-05,Project Falcon,cpu,2025-10-16,94.175
mac-05,Project Falcon,cpu,2025-10-17,93.69583333333333
mac-05,Project Falcon,cpu,2025-10-18,92.60416666666667
mac-05,Project Falcon,cpu,2025-10-19,93.35000000000001
mac-05,Project Falcon,cpu,2025-10-20,93.33333333333333
mac-05,Project Falcon,cpu,2025-10-21,93.575
mac-05,Project Falcon,cpu,2025-10-22,93.27499999999999
mac-05,Project Falcon,cpu,2025-10-23,93.6875
mac-05,Project Falcon,cpu,2025-10-24,94.70833333333333
mac-05,Project Falcon,cpu,2025-10-25,93.825
mac-05,Project Falcon,cpu,2025-10-26,92.83333333333333
mac-05,Project Falcon,cpu,2025-10-27,94.70416666666667
mac-05,Project Falcon,cpu,2025-10-28,93.55
mac-05,Project Falcon,cpu,2025-10-29,93.7
mac-05,Project Falcon,cpu,2025-10-30,93.97916666666667
mac-05,Project Falcon,cpu,2025-10-31,93.87083333333334
mac-05,Project Falcon,cpu,2025-11-01,93.925
mac-05,Project Falcon,cpu,2025-11-02,94.11666666666667
mac-05,Project Falcon,cpu,2025-11-03,93.74583333333334
mac-05,Project Falcon,cpu,2025-11-04,94.14999999999999
mac-05,Project Falcon,cpu,2025-11-05,93.7
mac-05,Project Falcon,cpu,2025-11-06,94.5125
mac-05,Project Falcon,cpu,2025-11-07,93.71666666666665
mac-05,Project Falcon,cpu,2025-11-08,94.20416666666667
mac-05,Project Falcon,cpu,2025-11-09,92.79166666666667
mac-05,Project Falcon,cpu,2025-11-10,94.06666666666666
mac-05,Project Falcon,cpu,2025-11-11,94.3875
mac-05,Project Falcon,cpu,2025-11-12,93.58333333333333
mac-05,Project Falcon,cpu,2025-11-13,94.27499999999999
mac-05,Project Falcon,cpu,2025-11-14,94.22083333333335
mac-05,Project Falcon,cpu,2025-11-15,94.22500000000001
mac-05,Project Falcon,cpu,2025-11-16,93.18333333333334
mac-05,Project Falcon,cpu,2025-11-17,93.77916666666665
mac-05,Project Falcon,cpu,2025-11-18,94.97083333333335
mac-05,Project Falcon,cpu,2025-11-19,95.10416666666667
mac-05,Project Falcon,cpu,2025-11-20,94.14999999999999
mac-05,Project Falcon,cpu,2025-11-21,94.24166666666667
mac-05,Project Falcon,cpu,2025-11-22,94.33749999999999
mac-05,Project Falcon,cpu,2025-11-23,93.625
mac-05,Project Falcon,cpu,2025-11-24,94.38333333333333
mac-05,Project Falcon,cpu,2025-11-25,95.19166666666666
mac-05,Project Falcon,cpu,2025-11-26,94.64583333333333
mac-05,Project Falcon,cpu,2025-11-27,94.47083333333335
mac-05,Project Falcon,cpu,2025-11-28,95.2375
mac-05,Project Falcon,cpu,2025-11-29,94.33333333333333
mac-05,Project Falcon,cpu,2025-11-30,93.60833333333333
mac-05,Project Falcon,cpu,2025-12-01,94.47500000000001
mac-05,Project Falcon,cpu,2025-12-02,94.52499999999999
mac-05,Project Falcon,cpu,2025-12-03,94.94583333333333
mac-05,Project Falcon,cpu,2025-12-04,94.64583333333333
mac-05,Project Falcon,cpu,2025-12-05,95.51666666666667
mac-05,Project Falcon,cpu,2025-12-06,95.20416666666667
mac-05,Project Falcon,cpu,2025-12-07,94.8875
mac-05,Project Falcon,cpu,2025-12-08,94.14166666666667
mac-05,Project Falcon,cpu,2025-12-09,93.94583333333333
mac-05,Project Falcon,cpu,2025-12-10,94.29583333333333
mac-05,Project Falcon,cpu,2025-12-11,95.02083333333333
mac-05,Project Falcon,cpu,2025-12-12,94.75416666666666
mac-05,Project Falcon,cpu,2025-12-13,94.62083333333334
mac-05,Project Falcon,cpu,2025-12-14,95.60000000000001
mac-05,Project Falcon,cpu,2025-12-15,94.7625
mac-05,Project Falcon,cpu,2025-12-16,94.38333333333333
mac-05,Project Falcon,cpu,2025-12-17,94.8
mac-05,Project Falcon,cpu,2025-12-18,94.73333333333333
mac-05,Project Falcon,cpu,2025-12-19,94.89999999999999
mac-05,Project Falcon,cpu,2025-12-20,94.22916666666667
mac-05,Project Falcon,cpu,2025-12-21,94.34166666666665
mac-05,Project Falcon,cpu,2025-12-22,94.82916666666667
mac-05,Project Falcon,cpu,2025-12-23,95.56666666666666
mac-05,Project Falcon,cpu,2025-12-24,95.1125
mac-05,Project Falcon,cpu,2025-12-25,94.52499999999999
mac-05,Project Falcon,cpu,2025-12-26,95.13333333333333
mac-05,Project Falcon,cpu,2025-12-27,94.67083333333333
mac-05,Project Falcon,cpu,2025-12-28,94.60416666666667
mac-05,Project Falcon,cpu,2025-12-29,94.40416666666665
mac-05,Project Falcon,cpu,2025-12-30,95.14166666666667
mac-05,Project Falcon,cpu,2025-12-31,95.82916666666667
mac-05,Project Falcon,disk,2025-01-01,88.4975
mac-05,Project Falcon,disk,2025-01-02,88.11375
mac-05,Project Falcon,disk,2025-01-03,87.88208333333334
mac-05,Project Falcon,disk,2025-01-04,87.34166666666665
mac-05,Project Falcon,disk,2025-01-05,87.14916666666666
mac-05,Project Falcon,disk,2025-01-06,88.75291666666668
mac-05,Project Falcon,disk,2025-01-07,87.23958333333333
mac-05,Project Falcon,disk,2025-01-08,88.06666666666666
mac-05,Project Falcon,disk,2025-01-09,89.20583333333333
mac-05,Project Falcon,disk,2025-01-10,88.43166666666667
mac-05,Project Falcon,disk,2025-01-11,87.57416666666667
mac-05,Project Falcon,disk,2025-01-12,88.70666666666666
mac-05,Project Falcon,disk,2025-01-13,87.68624999999999
mac-05,Project Falcon,disk,2025-01-14,87.59208333333333
mac-05,Project Falcon,disk,2025-01-15,88.005
mac-05,Project Falcon,disk,2025-01-16,87.53833333333334
mac-05,Project Falcon,disk,2025-01-17,87.91916666666667
mac-05,Project Falcon,disk,2025-01-18,88.53958333333333
mac-05,Project Falcon,disk,2025-01-19,88.3275
mac-05,Project Falcon,disk,2025-01-20,88.41083333333334
mac-05,Project Falcon,disk,2025-01-21,89.58041666666666
mac-05,Project Falcon,disk,2025-01-22,88.43041666666666
mac-05,Project Falcon,disk,2025-01-23,87.72458333333333
mac-05,Project Falcon,disk,2025-01-24,88.82
mac-05,Project Falcon,disk,2025-01-25,89.00583333333333
mac-05,Project Falcon,disk,2025-01-26,88.87333333333333
mac-05,Project Falcon,disk,2025-01-27,89.07208333333334
mac-05,Project Falcon,disk,2025-01-28,87.80125
mac-05,Project Falcon,disk,2025-01-29,89.03958333333333
mac-05,Project Falcon,disk,2025-01-30,89.73791666666666
mac-05,Project Falcon,disk,2025-01-31,88.47125
mac-05,Project Falcon,disk,2025-02-01,88.64791666666667
mac-05,Project Falcon,disk,2025-02-02,87.97666666666667
mac-05,Project Falcon,disk,2025-02-03,88.44541666666667
mac-05,Project Falcon,disk,2025-02-04,89.41041666666666
mac-05,Project Falcon,disk,2025-02-05,89.62791666666668
mac-05,Project Falcon,disk,2025-02-06,89.43708333333332
mac-05,Project Falcon,disk,2025-02-07,89.60958333333333
mac-05,Project Falcon,disk,2025-02-08,87.51333333333334
mac-05,Project Falcon,disk,2025-02-09,88.56375000000001
mac-05,Project Falcon,disk,2025-02-10,90.42750000000001
mac-05,Project Falcon,disk,2025-02-11,89.73541666666667
mac-05,Project Falcon,disk,2025-02-12,88.5425
mac-05,Project Falcon,disk,2025-02-13,89.37291666666665
mac-05,Project Falcon,disk,2025-02-14,88.94708333333334
mac-05,Project Falcon,disk,2025-02-15,88.73708333333333
mac-05,Project Falcon,disk,2025-02-16,88.89291666666666
mac-05,Project Falcon,disk,2025-02-17,89.03208333333333
mac-05,Project Falcon,disk,2025-02-18,89.39875
mac-05,Project Falcon,disk,2025-02-19,90.01875
mac-05,Project Falcon,disk,2025-02-20,89.46416666666666
mac-05,Project Falcon,disk,2025-02-21,89.42333333333333
mac-05,Project Falcon,disk,2025-02-22,90.90833333333335
mac-05,Project Falcon,disk,2025-02-23,88.82458333333334
mac-05,Project Falcon,disk,2025-02-24,89.30291666666666
mac-05,Project Falcon,disk,2025-02-25,90.40958333333333
mac-05,Project Falcon,disk,2025-02-26,89.675
mac-05,Project Falcon,disk,2025-02-27,90.80666666666667
mac-05,Project Falcon,disk,2025-02-28,88.84916666666668
mac-05,Project Falcon,disk,2025-03-01,89.31416666666667
mac-05,Project Falcon,disk,2025-03-02,89.4925
mac-05,Project Falcon,disk,2025-03-03,90.02166666666666
mac-05,Project Falcon,disk,2025-03-04,88.57208333333334
mac-05,Project Falcon,disk,2025-03-05,89.1325
mac-05,Project Falcon,disk,2025-03-06,89.69
mac-05,Project Falcon,disk,2025-03-07,89.55083333333333
mac-05,Project Falcon,disk,2025-03-08,89.85833333333333
mac-05,Project Falcon,disk,2025-03-09,89.68083333333334
mac-05,Project Falcon,disk,2025-03-10,90.02999999999999
mac-05,Project Falcon,disk,2025-03-11,89.21791666666667
mac-05,Project Falcon,disk,2025-03-12,89.82458333333334
mac-05,Project Falcon,disk,2025-03-13,89.55583333333334
mac-05,Project Falcon,disk,2025-03-14,90.39
mac-05,Project Falcon,disk,2025-03-15,91.10125
mac-05,Project Falcon,disk,2025-03-16,90.89125
mac-05,Project Falcon,disk,2025-03-17,90.48666666666666
mac-05,Project Falcon,disk,2025-03-18,89.39125
mac-05,Project Falcon,disk,2025-03-19,89.03791666666666
mac-05,Project Falcon,disk,2025-03-20,89.99208333333333
mac-05,Project Falcon,disk,2025-03-21,90.10083333333334
mac-05,Project Falcon,disk,2025-03-22,89.91250000000001
mac-05,Project Falcon,disk,2025-03-23,90.70875000000001
mac-05,Project Falcon,disk,2025-03-24,89.445
mac-05,Project Falcon,disk,2025-03-25,90.2275
mac-05,Project Falcon,disk,2025-03-26,89.31291666666668
mac-05,Project Falcon,disk,2025-03-27,90.04791666666667
mac-05,Project Falcon,disk,2025-03-28,91.85833333333333
mac-05,Project Falcon,disk,2025-03-29,91.75708333333334
mac-05,Project Falcon,disk,2025-03-30,90.65666666666668
mac-05,Project Falcon,disk,2025-03-31,89.805
mac-05,Project Falcon,disk,2025-04-01,90.33416666666666
mac-05,Project Falcon,disk,2025-04-02,91.55791666666666
mac-05,Project Falcon,disk,2025-04-03,90.11874999999999
mac-05,Project Falcon,disk,2025-04-04,90.68
mac-05,Project Falcon,disk,2025-04-05,90.97708333333333
mac-05,Project Falcon,disk,2025-04-06,90.00458333333334
mac-05,Project Falcon,disk,2025-04-07,90.59625
mac-05,Project Falcon,disk,2025-04-08,90.64041666666667
mac-05,Project Falcon,disk,2025-04-09,91.07375
mac-05,Project Falcon,disk,2025-04-10,90.56791666666668
mac-05,Project Falcon,disk,2025-04-11,91.29416666666667
mac-05,Project Falcon,disk,2025-04-12,90.19875
mac-05,Project Falcon,disk,2025-04-13,90.64333333333333
mac-05,Project Falcon,disk,2025-04-14,90.53916666666667
mac-05,Project Falcon,disk,2025-04-15,91.2325
mac-05,Project Falcon,disk,2025-04-16,89.67208333333333
mac-05,Project Falcon,disk,2025-04-17,91.44749999999999
mac-05,Project Falcon,disk,2025-04-18,90.91791666666667
mac-05,Project Falcon,disk,2025-04-19,90.42625
mac-05,Project Falcon,disk,2025-04-20,90.65791666666667
mac-05,Project Falcon,disk,2025-04-21,91.01
mac-05,Project Falcon,disk,2025-04-22,91.32208333333334
mac-05,Project Falcon,disk,2025-04-23,91.57208333333334
mac-05,Project Falcon,disk,2025-04-24,90.69958333333334
mac-05,Project Falcon,disk,2025-04-25,90.04375
mac-05,Project Falcon,disk,2025-04-26,91.78416666666668
mac-05,Project Falcon,disk,2025-04-27,90.95083333333334
mac-05,Project Falcon,disk,2025-04-28,91.20583333333333
mac-05,Project Falcon,disk,2025-04-29,91.97000000000001
mac-05,Project Falcon,disk,2025-04-30,92.10666666666667
mac-05,Project Falcon,disk,2025-05-01,91.08333333333333
mac-05,Project Falcon,disk,2025-05-02,91.42375
mac-05,Project Falcon,disk,2025-05-03,90.80958333333332
mac-05,Project Falcon,disk,2025-05-04,91.5475
mac-05,Project Falcon,disk,2025-05-05,91.24583333333334
mac-05,Project Falcon,disk,2025-05-06,91.88875
mac-05,Project Falcon,disk,2025-05-07,91.3525
mac-05,Project Falcon,disk,2025-05-08,90.91291666666666
mac-05,Project Falcon,disk,2025-05-09,90.89958333333334
mac-05,Project Falcon,disk,2025-05-10,91.24624999999999
mac-05,Project Falcon,disk,2025-05-11,91.43708333333332
mac-05,Project Falcon,disk,2025-05-12,91.01458333333333
mac-05,Project Falcon,disk,2025-05-13,92.02291666666667
mac-05,Project Falcon,disk,2025-05-14,91.70666666666666
mac-05,Project Falcon,disk,2025-05-15,91.585
mac-05,Project Falcon,disk,2025-05-16,91.54
mac-05,Project Falcon,disk,2025-05-17,90.97458333333333
mac-05,Project Falcon,disk,2025-05-18,91.17208333333333
mac-05,Project Falcon,disk,2025-05-19,91.45833333333333
mac-05,Project Falcon,disk,2025-05-20,91.81916666666666
mac-05,Project Falcon,disk,2025-05-21,91.81041666666665
mac-05,Project Falcon,disk,2025-05-22,91.09083333333332
mac-05,Project Falcon,disk,2025-05-23,90.56291666666668
mac-05,Project Falcon,disk,2025-05-24,91.87083333333334
mac-05,Project Falcon,disk,2025-05-25,90.95916666666666
mac-05,Project Falcon,disk,2025-05-26,92.87708333333335
mac-05,Project Falcon,disk,2025-05-27,91.11
mac-05,Project Falcon,disk,2025-05-28,91.11291666666666
mac-05,Project Falcon,disk,2025-05-29,91.4325
mac-05,Project Falcon,disk,2025-05-30,92.96125
mac-05,Project Falcon,disk,2025-05-31,92.3
mac-05,Project Falcon,disk,2025-06-01,93.23666666666666
mac-05,Project Falcon,disk,2025-06-02,91.33333333333333
mac-05,Project Falcon,disk,2025-06-03,92.5175
mac-05,Project Falcon,disk,2025-06-04,92.6325
mac-05,Project Falcon,disk,2025-06-05,91.65583333333332
mac-05,Project Falcon,disk,2025-06-06,92.24624999999999
mac-05,Project Falcon,disk,2025-06-07,92.5125
mac-05,Project Falcon,disk,2025-06-08,92.47416666666668
mac-05,Project Falcon,disk,2025-06-09,91.85833333333333
mac-05,Project Falcon,disk,2025-06-10,91.93333333333334
mac-05,Project Falcon,disk,2025-06-11,92.77041666666666
mac-05,Project Falcon,disk,2025-06-12,92.43833333333333
mac-05,Project Falcon,disk,2025-06-13,92.10916666666667
mac-05,Project Falcon,disk,2025-06-14,92.71458333333334
mac-05,Project Falcon,disk,2025-06-15,92.25833333333333
mac-05,Project Falcon,disk,2025-06-16,92.29124999999999
mac-05,Project Falcon,disk,2025-06-17,91.245
mac-05,Project Falcon,disk,2025-06-18,92.49291666666666
mac-05,Project Falcon,disk,2025-06-19,91.78250000000001
mac-05,Project Falcon,disk,2025-06-20,91.29958333333333
mac-05,Project Falcon,disk,2025-06-21,92.14166666666667
mac-05,Project Falcon,disk,2025-06-22,93.28208333333333
mac-05,Project Falcon,disk,2025-06-23,92.33166666666666
mac-05,Project Falcon,disk,2025-06-24,92.70333333333333
mac-05,Project Falcon,disk,2025-06-25,92.39291666666666
mac-05,Project Falcon,disk,2025-06-26,92.87625000000001
mac-05,Project Falcon,disk,2025-06-27,92.99041666666666
mac-05,Project Falcon,disk,2025-06-28,92.0525
mac-05,Project Falcon,disk,2025-06-29,92.11083333333333
mac-05,Project Falcon,disk,2025-06-30,91.78833333333334
mac-05,Project Falcon,disk,2025-07-01,92.01416666666667
mac-05,Project Falcon,disk,2025-07-02,91.70041666666667
mac-05,Project Falcon,disk,2025-07-03,92.55208333333333
mac-05,Project Falcon,disk,2025-07-04,92.17458333333333
mac-05,Project Falcon,disk,2025-07-05,92.59875
mac-05,Project Falcon,disk,2025-07-06,92.19583333333333
mac-05,Project Falcon,disk,2025-07-07,92.60416666666667
mac-05,Project Falcon,disk,2025-07-08,93.54291666666667
mac-05,Project Falcon,disk,2025-07-09,93.55583333333334
mac-05,Project Falcon,disk,2025-07-10,93.04416666666667
mac-05,Project Falcon,disk,2025-07-11,93.04
mac-05,Project Falcon,disk,2025-07-12,92.14291666666666
mac-05,Project Falcon,disk,2025-07-13,92.28083333333332
mac-05,Project Falcon,disk,2025-07-14,92.43208333333332
mac-05,Project Falcon,disk,2025-07-15,92.65625
mac-05,Project Falcon,disk,2025-07-16,92.86708333333333
mac-05,Project Falcon,disk,2025-07-17,93.16250000000001
mac-05,Project Falcon,disk,2025-07-18,93.26333333333334
mac-05,Project Falcon,disk,2025-07-19,92.65791666666667
mac-05,Project Falcon,disk,2025-07-20,93.2925
mac-05,Project Falcon,disk,2025-07-21,92.40249999999999
mac-05,Project Falcon,disk,2025-07-22,93.17041666666667
mac-05,Project Falcon,disk,2025-07-23,92.71291666666667
mac-05,Project Falcon,disk,2025-07-24,92.32875
mac-05,Project Falcon,disk,2025-07-25,91.91250000000001
mac-05,Project Falcon,disk,2025-07-26,92.17291666666667
mac-05,Project Falcon,disk,2025-07-27,93.65125
mac-05,Project Falcon,disk,2025-07-28,92.67083333333333
mac-05,Project Falcon,disk,2025-07-29,93.82708333333333
mac-05,Project Falcon,disk,2025-07-30,93.71833333333332
mac-05,Project Falcon,disk,2025-07-31,92.9575
mac-05,Project Falcon,disk,2025-08-01,94.02499999999999
mac-05,Project Falcon,disk,2025-08-02,93.23208333333334
mac-05,Project Falcon,disk,2025-08-03,92.80333333333334
mac-05,Project Falcon,disk,2025-08-04,93.93708333333332
mac-05,Project Falcon,disk,2025-08-05,93.56875000000001
mac-05,Project Falcon,disk,2025-08-06,93.14083333333333
mac-05,Project Falcon,disk,2025-08-07,92.73458333333333
mac-05,Project Falcon,disk,2025-08-08,93.28958333333333
mac-05,Project Falcon,disk,2025-08-09,92.66208333333333
mac-05,Project Falcon,disk,2025-08-10,93.21291666666667
mac-05,Project Falcon,disk,2025-08-11,93.64916666666666
mac-05,Project Falcon,disk,2025-08-12,93.96416666666666
mac-05,Project Falcon,disk,2025-08-13,92.99666666666667
mac-05,Project Falcon,disk,2025-08-14,93.29083333333334
mac-05,Project Falcon,disk,2025-08-15,92.61333333333334
mac-05,Project Falcon,disk,2025-08-16,92.94208333333334
mac-05,Project Falcon,disk,2025-08-17,93.84249999999999
mac-05,Project Falcon,disk,2025-08-18,93.49874999999999
mac-05,Project Falcon,disk,2025-08-19,93.05791666666666
mac-05,Project Falcon,disk,2025-08-20,94.07166666666667
mac-05,Project Falcon,disk,2025-08-21,93.61166666666666
mac-05,Project Falcon,disk,2025-08-22,92.74708333333332
mac-05,Project Falcon,disk,2025-08-23,92.57666666666667
mac-05,Project Falcon,disk,2025-08-24,92.70125
mac-05,Project Falcon,disk,2025-08-25,94.74041666666666
mac-05,Project Falcon,disk,2025-08-26,94.00875
mac-05,Project Falcon,disk,2025-08-27,93.71166666666666
mac-05,Project Falcon,disk,2025-08-28,93.62583333333333
mac-05,Project Falcon,disk,2025-08-29,93.97333333333334
mac-05,Project Falcon,disk,2025-08-30,93.9375
mac-05,Project Falcon,disk,2025-08-31,95.09500000000001
mac-05,Project Falcon,disk,2025-09-01,93.85208333333333
mac-05,Project Falcon,disk,2025-09-02,93.83416666666666
mac-05,Project Falcon,disk,2025-09-03,92.82
mac-05,Project Falcon,disk,2025-09-04,94.18458333333332
mac-05,Project Falcon,disk,2025-09-05,93.63333333333333
mac-05,Project Falcon,disk,2025-09-06,94.13625
mac-05,Project Falcon,disk,2025-09-07,94.38
mac-05,Project Falcon,disk,2025-09-08,94.86583333333334
mac-05,Project Falcon,disk,2025-09-09,94.26583333333333
mac-05,Project Falcon,disk,2025-09-10,94.10166666666667
mac-05,Project Falcon,disk,2025-09-11,94.35916666666667
mac-05,Project Falcon,disk,2025-09-12,93.78041666666667
mac-05,Project Falcon,disk,2025-09-13,93.70083333333334
mac-05,Project Falcon,disk,2025-09-14,93.83708333333334
mac-05,Project Falcon,disk,2025-09-15,94.05291666666666
mac-05,Project Falcon,disk,2025-09-16,93.78708333333333
mac-05,Project Falcon,disk,2025-09-17,93.73041666666667
mac-05,Project Falcon,disk,2025-09-18,94.37666666666667
mac-05,Project Falcon,disk,2025-09-19,94.45791666666666
mac-05,Project Falcon,disk,2025-09-20,94.12875000000001
mac-05,Project Falcon,disk,2025-09-21,94.56791666666668
mac-05,Project Falcon,disk,2025-09-22,94.65916666666668
mac-05,Project Falcon,disk,2025-09-23,93.83208333333333
mac-05,Project Falcon,disk,2025-09-24,94.10583333333334
mac-05,Project Falcon,disk,2025-09-25,93.34916666666668
mac-05,Project Falcon,disk,2025-09-26,94.305
mac-05,Project Falcon,disk,2025-09-27,93.64583333333333
mac-05,Project Falcon,disk,2025-09-28,94.2475
mac-05,Project Falcon,disk,2025-09-29,94.17458333333333
mac-05,Project Falcon,disk,2025-09-30,94.66458333333333
mac-05,Project Falcon,disk,2025-10-01,94.84083333333332
mac-05,Project Falcon,disk,2025-10-02,94.03833333333334
mac-05,Project Falcon,disk,2025-10-03,94.92333333333333
mac-05,Project Falcon,disk,2025-10-04,94.485
mac-05,Project Falcon,disk,2025-10-05,94.10958333333333
mac-05,Project Falcon,disk,2025-10-06,93.81791666666668
mac-05,Project Falcon,disk,2025-10-07,94.33666666666666
mac-05,Project Falcon,disk,2025-10-08,95.41624999999999
mac-05,Project Falcon,disk,2025-10-09,94.68333333333334
mac-05,Project Falcon,disk,2025-10-10,95.51708333333333
mac-05,Project Falcon,disk,2025-10-11,94.29833333333333
mac-05,Project Falcon,disk,2025-10-12,93.80583333333334
mac-05,Project Falcon,disk,2025-10-13,95.12333333333333
mac-05,Project Falcon,disk,2025-10-14,94.82333333333334
mac-05,Project Falcon,disk,2025-10-15,94.96416666666666
mac-05,Project Falcon,disk,2025-10-16,95.24874999999999
mac-05,Project Falcon,disk,2025-10-17,94.15833333333335
mac-05,Project Falcon,disk,2025-10-18,93.98875
mac-05,Project Falcon,disk,2025-10-19,94.34875
mac-05,Project Falcon,disk,2025-10-20,95.06416666666667
mac-05,Project Falcon,disk,2025-10-21,95.09416666666668
mac-05,Project Falcon,disk,2025-10-22,94.59958333333333
mac-05,Project Falcon,disk,2025-10-23,94.67333333333333
mac-05,Project Falcon,disk,2025-10-24,94.23333333333333
mac-05,Project Falcon,disk,2025-10-25,94.46625
mac-05,Project Falcon,disk,2025-10-26,95.20166666666667
mac-05,Project Falcon,disk,2025-10-27,94.26208333333334
mac-05,Project Falcon,disk,2025-10-28,94.97666666666667
mac-05,Project Falcon,disk,2025-10-29,95.38125000000001
mac-05,Project Falcon,disk,2025-10-30,95.265
mac-05,Project Falcon,disk,2025-10-31,95.31041666666665
mac-05,Project Falcon,disk,2025-11-01,94.73
mac-05,Project Falcon,disk,2025-11-02,95.14791666666667
mac-05,Project Falcon,disk,2025-11-03,95.20083333333334
mac-05,Project Falcon,disk,2025-11-04,95.82583333333334
mac-05,Project Falcon,disk,2025-11-05,94.90625
mac-05,Project Falcon,disk,2025-11-06,94.71750000000002
mac-05,Project Falcon,disk,2025-11-07,94.96833333333332
mac-05,Project Falcon,disk,2025-11-08,94.82625
mac-05,Project Falcon,disk,2025-11-09,95.015
mac-05,Project Falcon,disk,2025-11-10,94.99833333333333
mac-05,Project Falcon,disk,2025-11-11,94.40125
mac-05,Project Falcon,disk,2025-11-12,96.17625
mac-05,Project Falcon,disk,2025-11-13,94.91166666666668
mac-05,Project Falcon,disk,2025-11-14,95.84083333333332
mac-05,Project Falcon,disk,2025-11-15,94.71583333333332
mac-05,Project Falcon,disk,2025-11-16,95.91375
mac-05,Project Falcon,disk,2025-11-17,94.98041666666667
mac-05,Project Falcon,disk,2025-11-18,95.77083333333333
mac-05,Project Falcon,disk,2025-11-19,95.39625
mac-05,Project Falcon,disk,2025-11-20,94.84500000000001
mac-05,Project Falcon,disk,2025-11-21,95.24874999999999
mac-05,Project Falcon,disk,2025-11-22,94.57249999999999
mac-05,Project Falcon,disk,2025-11-23,95.76541666666667
mac-05,Project Falcon,disk,2025-11-24,95.49291666666666
mac-05,Project Falcon,disk,2025-11-25,94.38916666666667
mac-05,Project Falcon,disk,2025-11-26,95.44458333333334
mac-05,Project Falcon,disk,2025-11-27,95.01208333333334
mac-05,Project Falcon,disk,2025-11-28,95.86583333333334
mac-05,Project Falcon,disk,2025-11-29,95.19666666666666
mac-05,Project Falcon,disk,2025-11-30,97.13791666666667
mac-05,Project Falcon,disk,2025-12-01,95.21458333333334
mac-05,Project Falcon,disk,2025-12-02,95.51125
mac-05,Project Falcon,disk,2025-12-03,96.03125
mac-05,Project Falcon,disk,2025-12-04,94.94666666666666
mac-05,Project Falcon,disk,2025-12-05,95.20125
mac-05,Project Falcon,disk,2025-12-06,95.70833333333333
mac-05,Project Falcon,disk,2025-12-07,95.86833333333334
mac-05,Project Falcon,disk,2025-12-08,96.51458333333333
mac-05,Project Falcon,disk,2025-12-09,96.24624999999999
mac-05,Project Falcon,disk,2025-12-10,96.28250000000001
mac-05,Project Falcon,disk,2025-12-11,94.65875
mac-05,Project Falcon,disk,2025-12-12,95.1125
mac-05,Project Falcon,disk,2025-12-13,95.4875
mac-05,Project Falcon,disk,2025-12-14,95.47583333333334
mac-05,Project Falcon,disk,2025-12-15,94.68041666666666
mac-05,Project Falcon,disk,2025-12-16,96.2575
mac-05,Project Falcon,disk,2025-12-17,95.71249999999999
mac-05,Project Falcon,disk,2025-12-18,95.44416666666666
mac-05,Project Falcon,disk,2025-12-19,96.38291666666667
mac-05,Project Falcon,disk,2025-12-20,95.53625
mac-05,Project Falcon,disk,2025-12-21,95.67583333333333
mac-05,Project Falcon,disk,2025-12-22,95.01541666666667
mac-05,Project Falcon,disk,2025-12-23,95.28125
mac-05,Project Falcon,disk,2025-12-24,96.94749999999999
mac-05,Project Falcon,disk,2025-12-25,95.395
mac-05,Project Falcon,disk,2025-12-26,96.81333333333333
mac-05,Project Falcon,disk,2025-12-27,95.24374999999999
mac-05,Project Falcon,disk,2025-12-28,96.86916666666667
mac-05,Project Falcon,disk,2025-12-29,95.72416666666668
mac-05,Project Falcon,disk,2025-12-30,96.49874999999999
mac-05,Project Falcon,disk,2025-12-31,96.0425
mac-05,Project Falcon,ram,2025-01-01,84.87833333333333
mac-05,Project Falcon,ram,2025-01-02,85.35666666666667
mac-05,Project Falcon,ram,2025-01-03,84.91541666666667
mac-05,Project Falcon,ram,2025-01-04,84.97666666666667
mac-05,Project Falcon,ram,2025-01-05,86.30833333333334
mac-05,Project Falcon,ram,2025-01-06,85.015
mac-05,Project Falcon,ram,2025-01-07,85.94416666666666
mac-05,Project Falcon,ram,2025-01-08,83.52041666666666
mac-05,Project Falcon,ram,2025-01-09,84.47166666666666
mac-05,Project Falcon,ram,2025-01-10,85.07416666666667
mac-05,Project Falcon,ram,2025-01-11,85.42583333333333
mac-05,Project Falcon,ram,2025-01-12,85.48666666666666
mac-05,Project Falcon,ram,2025-01-13,85.88166666666666
mac-05,Project Falcon,ram,2025-01-14,85.42583333333333
mac-05,Project Falcon,ram,2025-01-15,86.42458333333333
mac-05,Project Falcon,ram,2025-01-16,85.66125
mac-05,Project Falcon,ram,2025-01-17,85.22375
mac-05,Project Falcon,ram,2025-01-18,85.52708333333334
mac-05,Project Falcon,ram,2025-01-19,84.97
mac-05,Project Falcon,ram,2025-01-20,85.5575
mac-05,Project Falcon,ram,2025-01-21,84.80708333333332
mac-05,Project Falcon,ram,2025-01-22,87.46833333333332
mac-05,Project Falcon,ram,2025-01-23,85.15291666666667
mac-05,Project Falcon,ram,2025-01-24,87.28250000000001
mac-05,Project Falcon,ram,2025-01-25,86.55041666666666
mac-05,Project Falcon,ram,2025-01-26,86.83833333333332
mac-05,Project Falcon,ram,2025-01-27,85.25833333333334
mac-05,Project Falcon,ram,2025-01-28,87.48666666666666
mac-05,Project Falcon,ram,2025-01-29,86.14875
mac-05,Project Falcon,ram,2025-01-30,86.16208333333333
mac-05,Project Falcon,ram,2025-01-31,86.62625000000001
mac-05,Project Falcon,ram,2025-02-01,84.8975
mac-05,Project Falcon,ram,2025-02-02,86.53416666666668
mac-05,Project Falcon,ram,2025-02-03,87.27875
mac-05,Project Falcon,ram,2025-02-04,86.36541666666666
mac-05,Project Falcon,ram,2025-02-05,85.15125
mac-05,Project Falcon,ram,2025-02-06,86.61375
mac-05,Project Falcon,ram,2025-02-07,86.60291666666666
mac-05,Project Falcon,ram,2025-02-08,87.16458333333333
mac-05,Project Falcon,ram,2025-02-09,86.75333333333333
mac-05,Project Falcon,ram,2025-02-10,86.6925
mac-05,Project Falcon,ram,2025-02-11,86.40041666666667
mac-05,Project Falcon,ram,2025-02-12,86.3625
mac-05,Project Falcon,ram,2025-02-13,86.1225
mac-05,Project Falcon,ram,2025-02-14,86.29166666666667
mac-05,Project Falcon,ram,2025-02-15,87.305
mac-05,Project Falcon,ram,2025-02-16,86.32041666666667
mac-05,Project Falcon,ram,2025-02-17,85.15416666666667
mac-05,Project Falcon,ram,2025-02-18,86.04041666666666
mac-05,Project Falcon,ram,2025-02-19,87.38666666666667
mac-05,Project Falcon,ram,2025-02-20,85.54541666666667
mac-05,Project Falcon,ram,2025-02-21,85.12916666666666
mac-05,Project Falcon,ram,2025-02-22,87.51708333333333
mac-05,Project Falcon,ram,2025-02-23,86.77958333333333
mac-05,Project Falcon,ram,2025-02-24,86.57416666666667
mac-05,Project Falcon,ram,2025-02-25,86.88958333333333
mac-05,Project Falcon,ram,2025-02-26,87.19083333333333
mac-05,Project Falcon,ram,2025-02-27,86.75958333333334
mac-05,Project Falcon,ram,2025-02-28,88.3125
mac-05,Project Falcon,ram,2025-03-01,86.35000000000001
mac-05,Project Falcon,ram,2025-03-02,86.85416666666667
mac-05,Project Falcon,ram,2025-03-03,87.69833333333334
mac-05,Project Falcon,ram,2025-03-04,87.565
mac-05,Project Falcon,ram,2025-03-05,86.93
mac-05,Project Falcon,ram,2025-03-06,86.82583333333334
mac-05,Project Falcon,ram,2025-03-07,85.63833333333334
mac-05,Project Falcon,ram,2025-03-08,87.58791666666667
mac-05,Project Falcon,ram,2025-03-09,86.40375
mac-05,Project Falcon,ram,2025-03-10,87.72541666666666
mac-05,Project Falcon,ram,2025-03-11,87.74541666666666
mac-05,Project Falcon,ram,2025-03-12,87.69916666666667
mac-05,Project Falcon,ram,2025-03-13,86.89625000000001
mac-05,Project Falcon,ram,2025-03-14,87.78625
mac-05,Project Falcon,ram,2025-03-15,87.34791666666666
mac-05,Project Falcon,ram,2025-03-16,86.57458333333334
mac-05,Project Falcon,ram,2025-03-17,86.50541666666668
mac-05,Project Falcon,ram,2025-03-18,87.25166666666667
mac-05,Project Falcon,ram,2025-03-19,87.92833333333334
mac-05,Project Falcon,ram,2025-03-20,86.52458333333334
mac-05,Project Falcon,ram,2025-03-21,87.85625
mac-05,Project Falcon,ram,2025-03-22,87.87708333333335
mac-05,Project Falcon,ram,2025-03-23,87.58791666666667
mac-05,Project Falcon,ram,2025-03-24,86.44833333333334
mac-05,Project Falcon,ram,2025-03-25,87.60916666666667
mac-05,Project Falcon,ram,2025-03-26,87.22000000000001
mac-05,Project Falcon,ram,2025-03-27,87.34666666666668
mac-05,Project Falcon,ram,2025-03-28,88.50666666666666
mac-05,Project Falcon,ram,2025-03-29,87.14458333333333
mac-05,Project Falcon,ram,2025-03-30,87.11666666666667
mac-05,Project Falcon,ram,2025-03-31,88.06625000000001
mac-05,Project Falcon,ram,2025-04-01,87.76875
mac-05,Project Falcon,ram,2025-04-02,87.62833333333333
mac-05,Project Falcon,ram,2025-04-03,87.96208333333334
mac-05,Project Falcon,ram,2025-04-04,88.83083333333333
mac-05,Project Falcon,ram,2025-04-05,87.48916666666666
mac-05,Project Falcon,ram,2025-04-06,87.7025
mac-05,Project Falcon,ram,2025-04-07,87.63
mac-05,Project Falcon,ram,2025-04-08,88.65791666666667
mac-05,Project Falcon,ram,2025-04-09,88.99708333333332
mac-05,Project Falcon,ram,2025-04-10,87.95125
mac-05,Project Falcon,ram,2025-04-11,89.03916666666667
mac-05,Project Falcon,ram,2025-04-12,88.26791666666666
mac-05,Project Falcon,ram,2025-04-13,88.41583333333334
mac-05,Project Falcon,ram,2025-04-14,87.26166666666667
mac-05,Project Falcon,ram,2025-04-15,88.92041666666667
mac-05,Project Falcon,ram,2025-04-16,89.15333333333332
mac-05,Project Falcon,ram,2025-04-17,88.14625000000001
mac-05,Project Falcon,ram,2025-04-18,87.72000000000001
mac-05,Project Falcon,ram,2025-04-19,88.11874999999999
mac-05,Project Falcon,ram,2025-04-20,87.84208333333333
mac-05,Project Falcon,ram,2025-04-21,87.89666666666666
mac-05,Project Falcon,ram,2025-04-22,88.03750000000001
mac-05,Project Falcon,ram,2025-04-23,88.43958333333335
mac-05,Project Falcon,ram,2025-04-24,87.915
mac-05,Project Falcon,ram,2025-04-25,89.55250000000001
mac-05,Project Falcon,ram,2025-04-26,88.2975
mac-05,Project Falcon,ram,2025-04-27,87.54541666666667
mac-05,Project Falcon,ram,2025-04-28,88.24458333333332
mac-05,Project Falcon,ram,2025-04-29,88.79875
mac-05,Project Falcon,ram,2025-04-30,88.39166666666667
mac-05,Project Falcon,ram,2025-05-01,87.70833333333333
mac-05,Project Falcon,ram,2025-05-02,88.76833333333333
mac-05,Project Falcon,ram,2025-05-03,87.94375000000001
mac-05,Project Falcon,ram,2025-05-04,87.62458333333332
mac-05,Project Falcon,ram,2025-05-05,88.50041666666668
mac-05,Project Falcon,ram,2025-05-06,90.23541666666667
mac-05,Project Falcon,ram,2025-05-07,87.95166666666667
mac-05,Project Falcon,ram,2025-05-08,89.36333333333333
mac-05,Project Falcon,ram,2025-05-09,88.92833333333334
mac-05,Project Falcon,ram,2025-05-10,88.74624999999999
mac-05,Project Falcon,ram,2025-05-11,89.21208333333334
mac-05,Project Falcon,ram,2025-05-12,89.05708333333332
mac-05,Project Falcon,ram,2025-05-13,89.09375
mac-05,Project Falcon,ram,2025-05-14,88.33999999999999
mac-05,Project Falcon,ram,2025-05-15,88.88416666666666
mac-05,Project Falcon,ram,2025-05-16,89.47041666666667
mac-05,Project Falcon,ram,2025-05-17,88.43041666666666
mac-05,Project Falcon,ram,2025-05-18,87.80833333333334
mac-05,Project Falcon,ram,2025-05-19,89.38499999999999
mac-05,Project Falcon,ram,2025-05-20,88.22083333333335
mac-05,Project Falcon,ram,2025-05-21,89.58583333333333
mac-05,Project Falcon,ram,2025-05-22,89.9175
mac-05,Project Falcon,ram,2025-05-23,89.92
mac-05,Project Falcon,ram,2025-05-24,88.39416666666666
mac-05,Project Falcon,ram,2025-05-25,89.1075
mac-05,Project Falcon,ram,2025-05-26,89.6175
mac-05,Project Falcon,ram,2025-05-27,89.50208333333335
mac-05,Project Falcon,ram,2025-05-28,89.99333333333334
mac-05,Project Falcon,ram,2025-05-29,89.24583333333334
mac-05,Project Falcon,ram,2025-05-30,90.01708333333333
mac-05,Project Falcon,ram,2025-05-31,89.11416666666666
mac-05,Project Falcon,ram,2025-06-01,90.205
mac-05,Project Falcon,ram,2025-06-02,89.28666666666668
mac-05,Project Falcon,ram,2025-06-03,89.10041666666666
mac-05,Project Falcon,ram,2025-06-04,90.35458333333334
mac-05,Project Falcon,ram,2025-06-05,89.94291666666668
mac-05,Project Falcon,ram,2025-06-06,88.96499999999999
mac-05,Project Falcon,ram,2025-06-07,89.59291666666667
mac-05,Project Falcon,ram,2025-06-08,91.17708333333333
mac-05,Project Falcon,ram,2025-06-09,89.58583333333333
mac-05,Project Falcon,ram,2025-06-10,89.51791666666666
mac-05,Project Falcon,ram,2025-06-11,90.01916666666666
mac-05,Project Falcon,ram,2025-06-12,90.11458333333333
mac-05,Project Falcon,ram,2025-06-13,89.45458333333333
mac-05,Project Falcon,ram,2025-06-14,89.3875
mac-05,Project Falcon,ram,2025-06-15,89.36916666666667
mac-05,Project Falcon,ram,2025-06-16,89.55874999999999
mac-05,Project Falcon,ram,2025-06-17,88.99541666666666
mac-05,Project Falcon,ram,2025-06-18,89.5825
mac-05,Project Falcon,ram,2025-06-19,89.765
mac-05,Project Falcon,ram,2025-06-20,89.34041666666667
mac-05,Project Falcon,ram,2025-06-21,89.73666666666666
mac-05,Project Falcon,ram,2025-06-22,91.85458333333334
mac-05,Project Falcon,ram,2025-06-23,89.73666666666666
mac-05,Project Falcon,ram,2025-06-24,90.27416666666666
mac-05,Project Falcon,ram,2025-06-25,90.66583333333334
mac-05,Project Falcon,ram,2025-06-26,90.55874999999999
mac-05,Project Falcon,ram,2025-06-27,90.28625
mac-05,Project Falcon,ram,2025-06-28,89.23041666666667
mac-05,Project Falcon,ram,2025-06-29,90.34541666666667
mac-05,Project Falcon,ram,2025-06-30,90.66541666666666
mac-05,Project Falcon,ram,2025-07-01,89.62625000000001
mac-05,Project Falcon,ram,2025-07-02,90.50208333333335
mac-05,Project Falcon,ram,2025-07-03,89.52708333333334
mac-05,Project Falcon,ram,2025-07-04,91.06791666666668
mac-05,Project Falcon,ram,2025-07-05,91.38125000000001
mac-05,Project Falcon,ram,2025-07-06,89.19375000000001
mac-05,Project Falcon,ram,2025-07-07,91.57291666666667
mac-05,Project Falcon,ram,2025-07-08,90.00916666666666
mac-05,Project Falcon,ram,2025-07-09,90.57708333333333
mac-05,Project Falcon,ram,2025-07-10,90.76791666666666
mac-05,Project Falcon,ram,2025-07-11,90.18791666666668
mac-05,Project Falcon,ram,2025-07-12,90.77333333333333
mac-05,Project Falcon,ram,2025-07-13,90.54166666666667
mac-05,Project Falcon,ram,2025-07-14,90.35583333333334
mac-05,Project Falcon,ram,2025-07-15,90.78125
mac-05,Project Falcon,ram,2025-07-16,90.09208333333333
mac-05,Project Falcon,ram,2025-07-17,91.005
mac-05,Project Falcon,ram,2025-07-18,89.80874999999999
mac-05,Project Falcon,ram,2025-07-19,88.8925
mac-05,Project Falcon,ram,2025-07-20,90.31625000000001
mac-05,Project Falcon,ram,2025-07-21,90.07666666666667
mac-05,Project Falcon,ram,2025-07-22,90.69166666666666
mac-05,Project Falcon,ram,2025-07-23,88.99916666666667
mac-05,Project Falcon,ram,2025-07-24,90.735
mac-05,Project Falcon,ram,2025-07-25,92.32791666666667
mac-05,Project Falcon,ram,2025-07-26,90.61500000000001
mac-05,Project Falcon,ram,2025-07-27,91.68333333333334
mac-05,Project Falcon,ram,2025-07-28,90.52291666666667
mac-05,Project Falcon,ram,2025-07-29,90.33999999999999
mac-05,Project Falcon,ram,2025-07-30,90.78708333333333
mac-05,Project Falcon,ram,2025-07-31,90.96625
mac-05,Project Falcon,ram,2025-08-01,91.86125
mac-05,Project Falcon,ram,2025-08-02,90.24624999999999
mac-05,Project Falcon,ram,2025-08-03,90.19708333333334
mac-05,Project Falcon,ram,2025-08-04,90.75916666666666
mac-05,Project Falcon,ram,2025-08-05,91.32416666666667
mac-05,Project Falcon,ram,2025-08-06,91.12416666666667
mac-05,Project Falcon,ram,2025-08-07,92.17625
mac-05,Project Falcon,ram,2025-08-08,90.78750000000001
mac-05,Project Falcon,ram,2025-08-09,90.35875
mac-05,Project Falcon,ram,2025-08-10,90.76958333333333
mac-05,Project Falcon,ram,2025-08-11,91.38791666666667
mac-05,Project Falcon,ram,2025-08-12,91.48833333333333
mac-05,Project Falcon,ram,2025-08-13,90.39166666666667
mac-05,Project Falcon,ram,2025-08-14,90.89999999999999
mac-05,Project Falcon,ram,2025-08-15,90.93624999999999
mac-05,Project Falcon,ram,2025-08-16,91.515
mac-05,Project Falcon,ram,2025-08-17,91.2575
mac-05,Project Falcon,ram,2025-08-18,91.91041666666666
mac-05,Project Falcon,ram,2025-08-19,91.73625
mac-05,Project Falcon,ram,2025-08-20,91.73083333333334
mac-05,Project Falcon,ram,2025-08-21,90.75416666666666
mac-05,Project Falcon,ram,2025-08-22,91.52833333333332
mac-05,Project Falcon,ram,2025-08-23,91.22541666666666
mac-05,Project Falcon,ram,2025-08-24,91.59916666666668
mac-05,Project Falcon,ram,2025-08-25,91.21541666666667
mac-05,Project Falcon,ram,2025-08-26,91.37541666666668
mac-05,Project Falcon,ram,2025-08-27,91.11958333333332
mac-05,Project Falcon,ram,2025-08-28,91.18708333333332
mac-05,Project Falcon,ram,2025-08-29,91.77791666666667
mac-05,Project Falcon,ram,2025-08-30,91.74000000000001
mac-05,Project Falcon,ram,2025-08-31,91.50416666666666
mac-05,Project Falcon,ram,2025-09-01,91.295
mac-05,Project Falcon,ram,2025-09-02,92.62791666666668
mac-05,Project Falcon,ram,2025-09-03,92.91375
mac-05,Project Falcon,ram,2025-09-04,91.23375
mac-05,Project Falcon,ram,2025-09-05,91.76375
mac-05,Project Falcon,ram,2025-09-06,93.36083333333333
mac-05,Project Falcon,ram,2025-09-07,92.11125
mac-05,Project Falcon,ram,2025-09-08,92.7425
mac-05,Project Falcon,ram,2025-09-09,91.63458333333334
mac-05,Project Falcon,ram,2025-09-10,91.46666666666665
mac-05,Project Falcon,ram,2025-09-11,91.39375
mac-05,Project Falcon,ram,2025-09-12,92.92375
mac-05,Project Falcon,ram,2025-09-13,91.84750000000001
mac-05,Project Falcon,ram,2025-09-14,92.12958333333334
mac-05,Project Falcon,ram,2025-09-15,92.13875
mac-05,Project Falcon,ram,2025-09-16,91.36083333333333
mac-05,Project Falcon,ram,2025-09-17,92.17375
mac-05,Project Falcon,ram,2025-09-18,92.75416666666666
mac-05,Project Falcon,ram,2025-09-19,91.97458333333333
mac-05,Project Falcon,ram,2025-09-20,92.3925
mac-05,Project Falcon,ram,2025-09-21,91.56708333333334
mac-05,Project Falcon,ram,2025-09-22,92.38708333333334
mac-05,Project Falcon,ram,2025-09-23,92.08708333333334
mac-05,Project Falcon,ram,2025-09-24,92.1675
mac-05,Project Falcon,ram,2025-09-25,93.06208333333332
mac-05,Project Falcon,ram,2025-09-26,92.54625
mac-05,Project Falcon,ram,2025-09-27,92.71291666666667
mac-05,Project Falcon,ram,2025-09-28,92.95791666666666
mac-05,Project Falcon,ram,2025-09-29,93.48208333333334
mac-05,Project Falcon,ram,2025-09-30,92.96916666666668
mac-05,Project Falcon,ram,2025-10-01,91.71375
mac-05,Project Falcon,ram,2025-10-02,92.75541666666668
mac-05,Project Falcon,ram,2025-10-03,92.13125000000001
mac-05,Project Falcon,ram,2025-10-04,92.19625
mac-05,Project Falcon,ram,2025-10-05,91.97208333333333
mac-05,Project Falcon,ram,2025-10-06,91.8075
mac-05,Project Falcon,ram,2025-10-07,92.92416666666666
mac-05,Project Falcon,ram,2025-10-08,91.92333333333333
mac-05,Project Falcon,ram,2025-10-09,93.09791666666666
mac-05,Project Falcon,ram,2025-10-10,91.87083333333334
mac-05,Project Falcon,ram,2025-10-11,93.61916666666667
mac-05,Project Falcon,ram,2025-10-12,91.67833333333334
mac-05,Project Falcon,ram,2025-10-13,92.51875
mac-05,Project Falcon,ram,2025-10-14,93.52166666666666
mac-05,Project Falcon,ram,2025-10-15,93.41666666666667
mac-05,Project Falcon,ram,2025-10-16,92.83958333333334
mac-05,Project Falcon,ram,2025-10-17,92.22791666666666
mac-05,Project Falcon,ram,2025-10-18,92.48416666666667
mac-05,Project Falcon,ram,2025-10-19,92.49624999999999
mac-05,Project Falcon,ram,2025-10-20,92.82833333333333
mac-05,Project Falcon,ram,2025-10-21,93.93458333333332
mac-05,Project Falcon,ram,2025-10-22,93.1275
mac-05,Project Falcon,ram,2025-10-23,93.13291666666667
mac-05,Project Falcon,ram,2025-10-24,92.81583333333333
mac-05,Project Falcon,ram,2025-10-25,93.52375
mac-05,Project Falcon,ram,2025-10-26,92.96749999999999
mac-05,Project Falcon,ram,2025-10-27,93.30166666666666
mac-05,Project Falcon,ram,2025-10-28,93.09500000000001
mac-05,Project Falcon,ram,2025-10-29,92.94958333333334
mac-05,Project Falcon,ram,2025-10-30,94.22125
mac-05,Project Falcon,ram,2025-10-31,93.28916666666667
mac-05,Project Falcon,ram,2025-11-01,93.02208333333334
mac-05,Project Falcon,ram,2025-11-02,93.30250000000001
mac-05,Project Falcon,ram,2025-11-03,92.58541666666667
mac-05,Project Falcon,ram,2025-11-04,93.05958333333332
mac-05,Project Falcon,ram,2025-11-05,93.08208333333334
mac-05,Project Falcon,ram,2025-11-06,93.91666666666667
mac-05,Project Falcon,ram,2025-11-07,93.53625
mac-05,Project Falcon,ram,2025-11-08,94.35541666666667
mac-05,Project Falcon,ram,2025-11-09,93.52999999999999
mac-05,Project Falcon,ram,2025-11-10,93.07291666666667
mac-05,Project Falcon,ram,2025-11-11,93.49624999999999
mac-05,Project Falcon,ram,2025-11-12,92.44666666666666
mac-05,Project Falcon,ram,2025-11-13,93.455
mac-05,Project Falcon,ram,2025-11-14,93.46708333333333
mac-05,Project Falcon,ram,2025-11-15,93.59458333333333
mac-05,Project Falcon,ram,2025-11-16,92.76208333333334
mac-05,Project Falcon,ram,2025-11-17,92.37083333333334
mac-05,Project Falcon,ram,2025-11-18,93.23666666666666
mac-05,Project Falcon,ram,2025-11-19,93.88916666666667
mac-05,Project Falcon,ram,2025-11-20,93.41166666666668
mac-05,Project Falcon,ram,2025-11-21,92.95083333333334
mac-05,Project Falcon,ram,2025-11-22,93.78666666666668
mac-05,Project Falcon,ram,2025-11-23,94.71
mac-05,Project Falcon,ram,2025-11-24,93.29124999999999
mac-05,Project Falcon,ram,2025-11-25,93.38666666666667
mac-05,Project Falcon,ram,2025-11-26,93.36041666666667
mac-05,Project Falcon,ram,2025-11-27,93.36958333333332
mac-05,Project Falcon,ram,2025-11-28,94.63125000000001
mac-05,Project Falcon,ram,2025-11-29,93.2075
mac-05,Project Falcon,ram,2025-11-30,93.35625
mac-05,Project Falcon,ram,2025-12-01,93.13083333333333
mac-05,Project Falcon,ram,2025-12-02,93.11375
mac-05,Project Falcon,ram,2025-12-03,92.7725
mac-05,Project Falcon,ram,2025-12-04,92.92166666666667
mac-05,Project Falcon,ram,2025-12-05,93.15208333333334
mac-05,Project Falcon,ram,2025-12-06,94.18208333333332
mac-05,Project Falcon,ram,2025-12-07,94.57249999999999
mac-05,Project Falcon,ram,2025-12-08,94.2325
mac-05,Project Falcon,ram,2025-12-09,95.42875
mac-05,Project Falcon,ram,2025-12-10,94.10291666666666
mac-05,Project Falcon,ram,2025-12-11,93.60458333333334
mac-05,Project Falcon,ram,2025-12-12,93.64125
mac-05,Project Falcon,ram,2025-12-13,93.31
mac-05,Project Falcon,ram,2025-12-14,94.50708333333334
mac-05,Project Falcon,ram,2025-12-15,94.61208333333333
mac-05,Project Falcon,ram,2025-12-16,93.65041666666667
mac-05,Project Falcon,ram,2025-12-17,94.7625
mac-05,Project Falcon,ram,2025-12-18,93.77958333333333
mac-05,Project Falcon,ram,2025-12-19,93.41916666666667
mac-05,Project Falcon,ram,2025-12-20,94.28541666666666
mac-05,Project Falcon,ram,2025-12-21,93.85041666666666
mac-05,Project Falcon,ram,2025-12-22,94.1475
mac-05,Project Falcon,ram,2025-12-23,93.65125
mac-05,Project Falcon,ram,2025-12-24,94.22250000000001
mac-05,Project Falcon,ram,2025-12-25,94.32375
mac-05,Project Falcon,ram,2025-12-26,94.6925
mac-05,Project Falcon,ram,2025-12-27,94.14291666666666
mac-05,Project Falcon,ram,2025-12-28,94.105
mac-05,Project Falcon,ram,2025-12-29,94.32208333333334
mac-05,Project Falcon,ram,2025-12-30,94.16708333333334
mac-05,Project Falcon,ram,2025-12-31,94.15541666666667
mac-06,Project Comet,cpu,2025-01-01,60.78125
mac-06,Project Comet,cpu,2025-01-02,60.39291666666667
mac-06,Project Comet,cpu,2025-01-03,61.28125
mac-06,Project Comet,cpu,2025-01-04,60.83625
mac-06,Project Comet,cpu,2025-01-05,60.92333333333334
mac-06,Project Comet,cpu,2025-01-06,60.653333333333336
mac-06,Project Comet,cpu,2025-01-07,61.989583333333336
mac-06,Project Comet,cpu,2025-01-08,61.405
mac-06,Project Comet,cpu,2025-01-09,62.669999999999995
mac-06,Project Comet,cpu,2025-01-10,60.61541666666667
mac-06,Project Comet,cpu,2025-01-11,61.03458333333333
mac-06,Project Comet,cpu,2025-01-12,61.87166666666667
mac-06,Project Comet,cpu,2025-01-13,61.774166666666666
mac-06,Project Comet,cpu,2025-01-14,62.22875
mac-06,Project Comet,cpu,2025-01-15,61.98541666666667
mac-06,Project Comet,cpu,2025-01-16,61.76458333333333
mac-06,Project Comet,cpu,2025-01-17,62.31583333333333
mac-06,Project Comet,cpu,2025-01-18,62.725
mac-06,Project Comet,cpu,2025-01-19,62.71208333333333
mac-06,Project Comet,cpu,2025-01-20,61.98583333333334
mac-06,Project Comet,cpu,2025-01-21,61.405833333333334
mac-06,Project Comet,cpu,2025-01-22,63.4475
mac-06,Project Comet,cpu,2025-01-23,61.97625
mac-06,Project Comet,cpu,2025-01-24,63.28125
mac-06,Project Comet,cpu,2025-01-25,61.166666666666664
mac-06,Project Comet,cpu,2025-01-26,61.02708333333334
mac-06,Project Comet,cpu,2025-01-27,61.75583333333333
mac-06,Project Comet,cpu,2025-01-28,62.909166666666664
mac-06,Project Comet,cpu,2025-01-29,60.78541666666666
mac-06,Project Comet,cpu,2025-01-30,62.2425
mac-06,Project Comet,cpu,2025-01-31,61.285
mac-06,Project Comet,cpu,2025-02-01,61.687916666666666
mac-06,Project Comet,cpu,2025-02-02,62.201249999999995
mac-06,Project Comet,cpu,2025-02-03,62.74583333333334
mac-06,Project Comet,cpu,2025-02-04,62.350833333333334
mac-06,Project Comet,cpu,2025-02-05,61.94708333333333
mac-06,Project Comet,cpu,2025-02-06,62.36166666666667
mac-06,Project Comet,cpu,2025-02-07,62.10041666666667
mac-06,Project Comet,cpu,2025-02-08,61.844166666666666
mac-06,Project Comet,cpu,2025-02-09,62.94375
mac-06,Project Comet,cpu,2025-02-10,63.218333333333334
mac-06,Project Comet,cpu,2025-02-11,62.312916666666666
mac-06,Project Comet,cpu,2025-02-12,62.384166666666665
mac-06,Project Comet,cpu,2025-02-13,62.465833333333336
mac-06,Project Comet,cpu,2025-02-14,63.156666666666666
mac-06,Project Comet,cpu,2025-02-15,63.086666666666666
mac-06,Project Comet,cpu,2025-02-16,63.55833333333334
mac-06,Project Comet,cpu,2025-02-17,63.595416666666665
mac-06,Project Comet,cpu,2025-02-18,62.72625
mac-06,Project Comet,cpu,2025-02-19,62.23499999999999
mac-06,Project Comet,cpu,2025-02-20,62.92625
mac-06,Project Comet,cpu,2025-02-21,63.42041666666666
mac-06,Project Comet,cpu,2025-02-22,64.3475
mac-06,Project Comet,cpu,2025-02-23,61.44583333333333
mac-06,Project Comet,cpu,2025-02-24,63.625
mac-06,Project Comet,cpu,2025-02-25,62.49916666666667
mac-06,Project Comet,cpu,2025-02-26,62.28125
mac-06,Project Comet,cpu,2025-02-27,63.22833333333333
mac-06,Project Comet,cpu,2025-02-28,63.0525
mac-06,Project Comet,cpu,2025-03-01,62.91208333333333
mac-06,Project Comet,cpu,2025-03-02,64.94333333333333
mac-06,Project Comet,cpu,2025-03-03,63.26708333333334
mac-06,Project Comet,cpu,2025-03-04,64.16291666666667
mac-06,Project Comet,cpu,2025-03-05,64.80541666666666
mac-06,Project Comet,cpu,2025-03-06,63.78208333333333
mac-06,Project Comet,cpu,2025-03-07,63.1775
mac-06,Project Comet,cpu,2025-03-08,62.99333333333333
mac-06,Project Comet,cpu,2025-03-09,62.12708333333333
mac-06,Project Comet,cpu,2025-03-10,62.800000000000004
mac-06,Project Comet,cpu,2025-03-11,62.62916666666666
mac-06,Project Comet,cpu,2025-03-12,64.73208333333334
mac-06,Project Comet,cpu,2025-03-13,63.08041666666667
mac-06,Project Comet,cpu,2025-03-14,62.89541666666667
mac-06,Project Comet,cpu,2025-03-15,63.187916666666666
mac-06,Project Comet,cpu,2025-03-16,63.642500000000005
mac-06,Project Comet,cpu,2025-03-17,63.913333333333334
mac-06,Project Comet,cpu,2025-03-18,64.46083333333333
mac-06,Project Comet,cpu,2025-03-19,62.54208333333333
mac-06,Project Comet,cpu,2025-03-20,62.87583333333333
mac-06,Project Comet,cpu,2025-03-21,63.88833333333333
mac-06,Project Comet,cpu,2025-03-22,64.91291666666667
mac-06,Project Comet,cpu,2025-03-23,63.96541666666667
mac-06,Project Comet,cpu,2025-03-24,63.405833333333334
mac-06,Project Comet,cpu,2025-03-25,63.405833333333334
mac-06,Project Comet,cpu,2025-03-26,63.80916666666667
mac-06,Project Comet,cpu,2025-03-27,62.52791666666667
mac-06,Project Comet,cpu,2025-03-28,62.66625
mac-06,Project Comet,cpu,2025-03-29,65.24
mac-06,Project Comet,cpu,2025-03-30,63.52458333333333
mac-06,Project Comet,cpu,2025-03-31,63.77791666666667
mac-06,Project Comet,cpu,2025-04-01,62.69125
mac-06,Project Comet,cpu,2025-04-02,63.4125
mac-06,Project Comet,cpu,2025-04-03,63.47625
mac-06,Project Comet,cpu,2025-04-04,64.53416666666666
mac-06,Project Comet,cpu,2025-04-05,62.6175
mac-06,Project Comet,cpu,2025-04-06,64.855
mac-06,Project Comet,cpu,2025-04-07,63.35999999999999
mac-06,Project Comet,cpu,2025-04-08,63.89458333333334
mac-06,Project Comet,cpu,2025-04-09,64.1575
mac-06,Project Comet,cpu,2025-04-10,64.27125
mac-06,Project Comet,cpu,2025-04-11,64.92708333333333
mac-06,Project Comet,cpu,2025-04-12,63.12166666666667
mac-06,Project Comet,cpu,2025-04-13,63.95166666666666
mac-06,Project Comet,cpu,2025-04-14,64.50666666666667
mac-06,Project Comet,cpu,2025-04-15,65.06166666666667
mac-06,Project Comet,cpu,2025-04-16,64.2525
mac-06,Project Comet,cpu,2025-04-17,62.893750000000004
mac-06,Project Comet,cpu,2025-04-18,63.64875
mac-06,Project Comet,cpu,2025-04-19,63.18416666666667
mac-06,Project Comet,cpu,2025-04-20,64.57958333333333
mac-06,Project Comet,cpu,2025-04-21,64.26333333333334
mac-06,Project Comet,cpu,2025-04-22,64.8575
mac-06,Project Comet,cpu,2025-04-23,64.14874999999999
mac-06,Project Comet,cpu,2025-04-24,64.41250000000001
mac-06,Project Comet,cpu,2025-04-25,64.39458333333333
mac-06,Project Comet,cpu,2025-04-26,63.197916666666664
mac-06,Project Comet,cpu,2025-04-27,64.05875
mac-06,Project Comet,cpu,2025-04-28,65.94041666666666
mac-06,Project Comet,cpu,2025-04-29,64.61083333333333
mac-06,Project Comet,cpu,2025-04-30,65.47291666666666
mac-06,Project Comet,cpu,2025-05-01,63.63166666666667
mac-06,Project Comet,cpu,2025-05-02,65.03166666666667
mac-06,Project Comet,cpu,2025-05-03,64.6675
mac-06,Project Comet,cpu,2025-05-04,65.15916666666666
mac-06,Project Comet,cpu,2025-05-05,63.48583333333334
mac-06,Project Comet,cpu,2025-05-06,64.59375
mac-06,Project Comet,cpu,2025-05-07,65.65958333333333
mac-06,Project Comet,cpu,2025-05-08,65.18333333333334
mac-06,Project Comet,cpu,2025-05-09,65.11749999999999
mac-06,Project Comet,cpu,2025-05-10,64.48541666666667
mac-06,Project Comet,cpu,2025-05-11,64.635
mac-06,Project Comet,cpu,2025-05-12,64.33375
mac-06,Project Comet,cpu,2025-05-13,63.71541666666667
mac-06,Project Comet,cpu,2025-05-14,65.2775
mac-06,Project Comet,cpu,2025-05-15,64.2325
mac-06,Project Comet,cpu,2025-05-16,66.45416666666667
mac-06,Project Comet,cpu,2025-05-17,65.21124999999999
mac-06,Project Comet,cpu,2025-05-18,65.75416666666666
mac-06,Project Comet,cpu,2025-05-19,65.90625
mac-06,Project Comet,cpu,2025-05-20,63.708333333333336
mac-06,Project Comet,cpu,2025-05-21,64.82666666666667
mac-06,Project Comet,cpu,2025-05-22,65.5175
mac-06,Project Comet,cpu,2025-05-23,65.11041666666667
mac-06,Project Comet,cpu,2025-05-24,65.10458333333334
mac-06,Project Comet,cpu,2025-05-25,65.1775
mac-06,Project Comet,cpu,2025-05-26,64.9825
mac-06,Project Comet,cpu,2025-05-27,64.25
mac-06,Project Comet,cpu,2025-05-28,65.46083333333333
mac-06,Project Comet,cpu,2025-05-29,65.88250000000001
mac-06,Project Comet,cpu,2025-05-30,64.70833333333333
mac-06,Project Comet,cpu,2025-05-31,66.14208333333333
mac-06,Project Comet,cpu,2025-06-01,67.0825
mac-06,Project Comet,cpu,2025-06-02,66.28791666666667
mac-06,Project Comet,cpu,2025-06-03,65.69083333333333
mac-06,Project Comet,cpu,2025-06-04,66.05208333333333
mac-06,Project Comet,cpu,2025-06-05,66.36458333333333
mac-06,Project Comet,cpu,2025-06-06,64.99958333333333
mac-06,Project Comet,cpu,2025-06-07,65.21
mac-06,Project Comet,cpu,2025-06-08,65.01416666666667
mac-06,Project Comet,cpu,2025-06-09,66.25291666666666
mac-06,Project Comet,cpu,2025-06-10,65.455
mac-06,Project Comet,cpu,2025-06-11,66.49625
mac-06,Project Comet,cpu,2025-06-12,65.02083333333333
mac-06,Project Comet,cpu,2025-06-13,64.98708333333333
mac-06,Project Comet,cpu,2025-06-14,65.30208333333333
mac-06,Project Comet,cpu,2025-06-15,66.01125
mac-06,Project Comet,cpu,2025-06-16,65.9475
mac-06,Project Comet,cpu,2025-06-17,66.57333333333334
mac-06,Project Comet,cpu,2025-06-18,66.73
mac-06,Project Comet,cpu,2025-06-19,66.77833333333334
mac-06,Project Comet,cpu,2025-06-20,64.33624999999999
mac-06,Project Comet,cpu,2025-06-21,64.99708333333334
mac-06,Project Comet,cpu,2025-06-22,65.28083333333333
mac-06,Project Comet,cpu,2025-06-23,65.64666666666666
mac-06,Project Comet,cpu,2025-06-24,67.33041666666666
mac-06,Project Comet,cpu,2025-06-25,64.86041666666667
mac-06,Project Comet,cpu,2025-06-26,65.67
mac-06,Project Comet,cpu,2025-06-27,66.81833333333333
mac-06,Project Comet,cpu,2025-06-28,66.7675
mac-06,Project Comet,cpu,2025-06-29,65.93124999999999
mac-06,Project Comet,cpu,2025-06-30,66.99708333333334
mac-06,Project Comet,cpu,2025-07-01,66.36874999999999
mac-06,Project Comet,cpu,2025-07-02,66.37125
mac-06,Project Comet,cpu,2025-07-03,65.63166666666667
mac-06,Project Comet,cpu,2025-07-04,65.07583333333334
mac-06,Project Comet,cpu,2025-07-05,66.28875000000001
mac-06,Project Comet,cpu,2025-07-06,65.91291666666667
mac-06,Project Comet,cpu,2025-07-07,66.41625
mac-06,Project Comet,cpu,2025-07-08,66.08333333333333
mac-06,Project Comet,cpu,2025-07-09,66.35791666666667
mac-06,Project Comet,cpu,2025-07-10,67.06291666666667
mac-06,Project Comet,cpu,2025-07-11,66.10458333333334
mac-06,Project Comet,cpu,2025-07-12,65.95791666666666
mac-06,Project Comet,cpu,2025-07-13,65.68458333333334
mac-06,Project Comet,cpu,2025-07-14,65.75666666666667
mac-06,Project Comet,cpu,2025-07-15,64.38875
mac-06,Project Comet,cpu,2025-07-16,66.31958333333334
mac-06,Project Comet,cpu,2025-07-17,65.91
mac-06,Project Comet,cpu,2025-07-18,67.21208333333333
mac-06,Project Comet,cpu,2025-07-19,65.49333333333333
mac-06,Project Comet,cpu,2025-07-20,65.74625
mac-06,Project Comet,cpu,2025-07-21,64.56166666666667
mac-06,Project Comet,cpu,2025-07-22,66.23916666666666
mac-06,Project Comet,cpu,2025-07-23,66.00291666666666
mac-06,Project Comet,cpu,2025-07-24,67.17999999999999
mac-06,Project Comet,cpu,2025-07-25,66.08708333333333
mac-06,Project Comet,cpu,2025-07-26,67.53833333333334
mac-06,Project Comet,cpu,2025-07-27,67.59958333333333
mac-06,Project Comet,cpu,2025-07-28,65.69833333333334
mac-06,Project Comet,cpu,2025-07-29,66.92708333333333
mac-06,Project Comet,cpu,2025-07-30,66.14666666666666
mac-06,Project Comet,cpu,2025-07-31,65.76833333333333
mac-06,Project Comet,cpu,2025-08-01,67.13208333333334
mac-06,Project Comet,cpu,2025-08-02,67.83416666666666
mac-06,Project Comet,cpu,2025-08-03,66.51375
mac-06,Project Comet,cpu,2025-08-04,67.5275
mac-06,Project Comet,cpu,2025-08-05,66.27541666666667
mac-06,Project Comet,cpu,2025-08-06,65.86416666666666
mac-06,Project Comet,cpu,2025-08-07,65.4375
mac-06,Project Comet,cpu,2025-08-08,66.30624999999999
mac-06,Project Comet,cpu,2025-08-09,67.44708333333334
mac-06,Project Comet,cpu,2025-08-10,66.91875
mac-06,Project Comet,cpu,2025-08-11,65.43375
mac-06,Project Comet,cpu,2025-08-12,68.28791666666667
mac-06,Project Comet,cpu,2025-08-13,66.49958333333333
mac-06,Project Comet,cpu,2025-08-14,67.455
mac-06,Project Comet,cpu,2025-08-15,66.70916666666666
mac-06,Project Comet,cpu,2025-08-16,67.295
mac-06,Project Comet,cpu,2025-08-17,66.01291666666667
mac-06,Project Comet,cpu,2025-08-18,67.23916666666666
mac-06,Project Comet,cpu,2025-08-19,69.25416666666666
mac-06,Project Comet,cpu,2025-08-20,68.54625
mac-06,Project Comet,cpu,2025-08-21,67.19333333333333
mac-06,Project Comet,cpu,2025-08-22,67.81208333333333
mac-06,Project Comet,cpu,2025-08-23,68.01291666666667
mac-06,Project Comet,cpu,2025-08-24,66.14999999999999
mac-06,Project Comet,cpu,2025-08-25,67.17999999999999
mac-06,Project Comet,cpu,2025-08-26,68.47208333333333
mac-06,Project Comet,cpu,2025-08-27,65.95833333333333
mac-06,Project Comet,cpu,2025-08-28,66.38250000000001
mac-06,Project Comet,cpu,2025-08-29,68.39999999999999
mac-06,Project Comet,cpu,2025-08-30,66.98208333333334
mac-06,Project Comet,cpu,2025-08-31,68.58708333333333
mac-06,Project Comet,cpu,2025-09-01,68.04208333333334
mac-06,Project Comet,cpu,2025-09-02,67.99291666666666
mac-06,Project Comet,cpu,2025-09-03,67.41666666666667
mac-06,Project Comet,cpu,2025-09-04,67.64874999999999
mac-06,Project Comet,cpu,2025-09-05,68.75291666666666
mac-06,Project Comet,cpu,2025-09-06,67.71124999999999
mac-06,Project Comet,cpu,2025-09-07,68.12166666666667
mac-06,Project Comet,cpu,2025-09-08,67.17333333333333
mac-06,Project Comet,cpu,2025-09-09,67.28833333333334
mac-06,Project Comet,cpu,2025-09-10,68.62791666666666
mac-06,Project Comet,cpu,2025-09-11,67.4275
mac-06,Project Comet,cpu,2025-09-12,68.36083333333333
mac-06,Project Comet,cpu,2025-09-13,67.34708333333333
mac-06,Project Comet,cpu,2025-09-14,69.33375
mac-06,Project Comet,cpu,2025-09-15,68.30083333333333
mac-06,Project Comet,cpu,2025-09-16,68.48916666666666
mac-06,Project Comet,cpu,2025-09-17,67.77083333333333
mac-06,Project Comet,cpu,2025-09-18,67.82666666666667
mac-06,Project Comet,cpu,2025-09-19,69.26333333333334
mac-06,Project Comet,cpu,2025-09-20,67.14958333333333
mac-06,Project Comet,cpu,2025-09-21,68.22583333333334
mac-06,Project Comet,cpu,2025-09-22,68.92291666666667
mac-06,Project Comet,cpu,2025-09-23,67.04125
mac-06,Project Comet,cpu,2025-09-24,68.16791666666667
mac-06,Project Comet,cpu,2025-09-25,68.84333333333333
mac-06,Project Comet,cpu,2025-09-26,67.63166666666667
mac-06,Project Comet,cpu,2025-09-27,67.54791666666667
mac-06,Project Comet,cpu,2025-09-28,67.51875
mac-06,Project Comet,cpu,2025-09-29,67.75750000000001
mac-06,Project Comet,cpu,2025-09-30,68.5275
mac-06,Project Comet,cpu,2025-10-01,68.78750000000001
mac-06,Project Comet,cpu,2025-10-02,68.16625
mac-06,Project Comet,cpu,2025-10-03,70.28458333333333
mac-06,Project Comet,cpu,2025-10-04,67.68708333333333
mac-06,Project Comet,cpu,2025-10-05,69.36541666666666
mac-06,Project Comet,cpu,2025-10-06,67.20416666666667
mac-06,Project Comet,cpu,2025-10-07,69.15333333333334
mac-06,Project Comet,cpu,2025-10-08,67.65208333333334
mac-06,Project Comet,cpu,2025-10-09,67.36416666666666
mac-06,Project Comet,cpu,2025-10-10,69.31666666666666
mac-06,Project Comet,cpu,2025-10-11,68.39583333333333
mac-06,Project Comet,cpu,2025-10-12,68.90208333333334
mac-06,Project Comet,cpu,2025-10-13,70.74291666666666
mac-06,Project Comet,cpu,2025-10-14,68.1975
mac-06,Project Comet,cpu,2025-10-15,69.26041666666667
mac-06,Project Comet,cpu,2025-10-16,67.97541666666667
mac-06,Project Comet,cpu,2025-10-17,69.28166666666667
mac-06,Project Comet,cpu,2025-10-18,69.82666666666667
mac-06,Project Comet,cpu,2025-10-19,69.27166666666666
mac-06,Project Comet,cpu,2025-10-20,69.46249999999999
mac-06,Project Comet,cpu,2025-10-21,68.70208333333333
mac-06,Project Comet,cpu,2025-10-22,68.0725
mac-06,Project Comet,cpu,2025-10-23,68.15666666666667
mac-06,Project Comet,cpu,2025-10-24,69.34375
mac-06,Project Comet,cpu,2025-10-25,69.47500000000001
mac-06,Project Comet,cpu,2025-10-26,68.28458333333333
mac-06,Project Comet,cpu,2025-10-27,69.57375
mac-06,Project Comet,cpu,2025-10-28,70.31958333333334
mac-06,Project Comet,cpu,2025-10-29,70.86416666666666
mac-06,Project Comet,cpu,2025-10-30,68.64833333333333
mac-06,Project Comet,cpu,2025-10-31,68.86791666666666
mac-06,Project Comet,cpu,2025-11-01,68.61125
mac-06,Project Comet,cpu,2025-11-02,69.3225
mac-06,Project Comet,cpu,2025-11-03,68.86458333333333
mac-06,Project Comet,cpu,2025-11-04,69.46875
mac-06,Project Comet,cpu,2025-11-05,68.64999999999999
mac-06,Project Comet,cpu,2025-11-06,70.05083333333333
mac-06,Project Comet,cpu,2025-11-07,68.20541666666666
mac-06,Project Comet,cpu,2025-11-08,69.13125000000001
mac-06,Project Comet,cpu,2025-11-09,69.71583333333334
mac-06,Project Comet,cpu,2025-11-10,69.77125
mac-06,Project Comet,cpu,2025-11-11,69.07916666666667
mac-06,Project Comet,cpu,2025-11-12,69.07583333333334
mac-06,Project Comet,cpu,2025-11-13,68.24291666666666
mac-06,Project Comet,cpu,2025-11-14,70.13583333333334
mac-06,Project Comet,cpu,2025-11-15,70.93375
mac-06,Project Comet,cpu,2025-11-16,70.41958333333334
mac-06,Project Comet,cpu,2025-11-17,70.95166666666667
mac-06,Project Comet,cpu,2025-11-18,68.72208333333333
mac-06,Project Comet,cpu,2025-11-19,69.09458333333333
mac-06,Project Comet,cpu,2025-11-20,69.58916666666666
mac-06,Project Comet,cpu,2025-11-21,70.39999999999999
mac-06,Project Comet,cpu,2025-11-22,67.87791666666666
mac-06,Project Comet,cpu,2025-11-23,71.25041666666667
mac-06,Project Comet,cpu,2025-11-24,70.74916666666667
mac-06,Project Comet,cpu,2025-11-25,69.39625
mac-06,Project Comet,cpu,2025-11-26,69.77833333333334
mac-06,Project Comet,cpu,2025-11-27,69.41708333333334
mac-06,Project Comet,cpu,2025-11-28,69.97208333333333
mac-06,Project Comet,cpu,2025-11-29,69.94416666666667
mac-06,Project Comet,cpu,2025-11-30,69.41333333333334
mac-06,Project Comet,cpu,2025-12-01,68.92
mac-06,Project Comet,cpu,2025-12-02,69.48666666666666
mac-06,Project Comet,cpu,2025-12-03,69.62291666666667
mac-06,Project Comet,cpu,2025-12-04,69.31583333333333
mac-06,Project Comet,cpu,2025-12-05,68.95166666666667
mac-06,Project Comet,cpu,2025-12-06,70.93041666666666
mac-06,Project Comet,cpu,2025-12-07,71.0625
mac-06,Project Comet,cpu,2025-12-08,71.39583333333333
mac-06,Project Comet,cpu,2025-12-09,69.22208333333333
mac-06,Project Comet,cpu,2025-12-10,70.77041666666666
mac-06,Project Comet,cpu,2025-12-11,69.98875
mac-06,Project Comet,cpu,2025-12-12,69.92333333333333
mac-06,Project Comet,cpu,2025-12-13,70.03166666666667
mac-06,Project Comet,cpu,2025-12-14,70.26
mac-06,Project Comet,cpu,2025-12-15,71.09083333333334
mac-06,Project Comet,cpu,2025-12-16,69.48208333333334
mac-06,Project Comet,cpu,2025-12-17,69.33375
mac-06,Project Comet,cpu,2025-12-18,71.88208333333334
mac-06,Project Comet,cpu,2025-12-19,70.71875
mac-06,Project Comet,cpu,2025-12-20,69.05958333333334
mac-06,Project Comet,cpu,2025-12-21,68.66625
mac-06,Project Comet,cpu,2025-12-22,70.35833333333333
mac-06,Project Comet,cpu,2025-12-23,71.06541666666666
mac-06,Project Comet,cpu,2025-12-24,71.86583333333333
mac-06,Project Comet,cpu,2025-12-25,70.17333333333333
mac-06,Project Comet,cpu,2025-12-26,71.24583333333334
mac-06,Project Comet,cpu,2025-12-27,71.62166666666667
mac-06,Project Comet,cpu,2025-12-28,69.82041666666667
mac-06,Project Comet,cpu,2025-12-29,71.6975
mac-06,Project Comet,cpu,2025-12-30,70.10833333333333
mac-06,Project Comet,cpu,2025-12-31,71.01458333333333
mac-06,Project Comet,disk,2025-01-01,69.92333333333333
mac-06,Project Comet,disk,2025-01-02,70.78625
mac-06,Project Comet,disk,2025-01-03,69.33
mac-06,Project Comet,disk,2025-01-04,68.75708333333334
mac-06,Project Comet,disk,2025-01-05,69.4375
mac-06,Project Comet,disk,2025-01-06,70.63541666666667
mac-06,Project Comet,disk,2025-01-07,69.83166666666666
mac-06,Project Comet,disk,2025-01-08,70.05708333333332
mac-06,Project Comet,disk,2025-01-09,69.82541666666667
mac-06,Project Comet,disk,2025-01-10,69.05333333333333
mac-06,Project Comet,disk,2025-01-11,68.53541666666666
mac-06,Project Comet,disk,2025-01-12,69.95833333333333
mac-06,Project Comet,disk,2025-01-13,69.6775
mac-06,Project Comet,disk,2025-01-14,70.31833333333333
mac-06,Project Comet,disk,2025-01-15,69.70416666666667
mac-06,Project Comet,disk,2025-01-16,70.26833333333333
mac-06,Project Comet,disk,2025-01-17,69.47291666666666
mac-06,Project Comet,disk,2025-01-18,70.44333333333334
mac-06,Project Comet,disk,2025-01-19,70.92791666666666
mac-06,Project Comet,disk,2025-01-20,70.36749999999999
mac-06,Project Comet,disk,2025-01-21,71.12541666666667
mac-06,Project Comet,disk,2025-01-22,69.09833333333334
mac-06,Project Comet,disk,2025-01-23,70.02666666666667
mac-06,Project Comet,disk,2025-01-24,70.37875
mac-06,Project Comet,disk,2025-01-25,69.49625
mac-06,Project Comet,disk,2025-01-26,69.29666666666667
mac-06,Project Comet,disk,2025-01-27,69.92583333333333
mac-06,Project Comet,disk,2025-01-28,70.8975
mac-06,Project Comet,disk,2025-01-29,69.24458333333332
mac-06,Project Comet,disk,2025-01-30,71.70791666666666
mac-06,Project Comet,disk,2025-01-31,72.44125
mac-06,Project Comet,disk,2025-02-01,70.0775
mac-06,Project Comet,disk,2025-02-02,71.585
mac-06,Project Comet,disk,2025-02-03,70.56083333333333
mac-06,Project Comet,disk,2025-02-04,71.42041666666667
mac-06,Project Comet,disk,2025-02-05,70.085
mac-06,Project Comet,disk,2025-02-06,69.10791666666667
mac-06,Project Comet,disk,2025-02-07,70.49166666666666
mac-06,Project Comet,disk,2025-02-08,70.42458333333333
mac-06,Project Comet,disk,2025-02-09,70.27583333333332
mac-06,Project Comet,disk,2025-02-10,69.79083333333334
mac-06,Project Comet,disk,2025-02-11,69.49625
mac-06,Project Comet,disk,2025-02-12,71.55916666666667
mac-06,Project Comet,disk,2025-02-13,70.52
mac-06,Project Comet,disk,2025-02-14,70.77583333333332
mac-06,Project Comet,disk,2025-02-15,71.45291666666667
mac-06,Project Comet,disk,2025-02-16,70.27125
mac-06,Project Comet,disk,2025-02-17,71.19208333333334
mac-06,Project Comet,disk,2025-02-18,70.14166666666667
mac-06,Project Comet,disk,2025-02-19,71.09166666666667
mac-06,Project Comet,disk,2025-02-20,71.865
mac-06,Project Comet,disk,2025-02-21,70.99958333333333
mac-06,Project Comet,disk,2025-02-22,70.03583333333333
mac-06,Project Comet,disk,2025-02-23,70.55833333333334
mac-06,Project Comet,disk,2025-02-24,72.41666666666667
mac-06,Project Comet,disk,2025-02-25,70.72416666666668
mac-06,Project Comet,disk,2025-02-26,71.1725
mac-06,Project Comet,disk,2025-02-27,70.33916666666667
mac-06,Project Comet,disk,2025-02-28,72.54916666666666
mac-06,Project Comet,disk,2025-03-01,69.77458333333333
mac-06,Project Comet,disk,2025-03-02,71.44875
mac-06,Project Comet,disk,2025-03-03,71.22958333333334
mac-06,Project Comet,disk,2025-03-04,70.44083333333333
mac-06,Project Comet,disk,2025-03-05,72.61041666666667
mac-06,Project Comet,disk,2025-03-06,69.92958333333333
mac-06,Project Comet,disk,2025-03-07,72.30458333333333
mac-06,Project Comet,disk,2025-03-08,71.31125
mac-06,Project Comet,disk,2025-03-09,71.32541666666667
mac-06,Project Comet,disk,2025-03-10,71.335
mac-06,Project Comet,disk,2025-03-11,70.53833333333334
mac-06,Project Comet,disk,2025-03-12,70.99791666666667
mac-06,Project Comet,disk,2025-03-13,71.19500000000001
mac-06,Project Comet,disk,2025-03-14,71.48
mac-06,Project Comet,disk,2025-03-15,69.88708333333334
mac-06,Project Comet,disk,2025-03-16,72.67708333333333
mac-06,Project Comet,disk,2025-03-17,72.58999999999999
mac-06,Project Comet,disk,2025-03-18,72.97125
mac-06,Project Comet,disk,2025-03-19,73.105
mac-06,Project Comet,disk,2025-03-20,70.85708333333334
mac-06,Project Comet,disk,2025-03-21,71.08749999999999
mac-06,Project Comet,disk,2025-03-22,72.115
mac-06,Project Comet,disk,2025-03-23,71.52125
mac-06,Project Comet,disk,2025-03-24,72.18541666666667
mac-06,Project Comet,disk,2025-03-25,71.50750000000001
mac-06,Project Comet,disk,2025-03-26,72.67875
mac-06,Project Comet,disk,2025-03-27,69.74791666666667
mac-06,Project Comet,disk,2025-03-28,71.57416666666667
mac-06,Project Comet,disk,2025-03-29,71.39874999999999
mac-06,Project Comet,disk,2025-03-30,70.48875
mac-06,Project Comet,disk,2025-03-31,72.77625
mac-06,Project Comet,disk,2025-04-01,72.42208333333333
mac-06,Project Comet,disk,2025-04-02,71.79833333333333
mac-06,Project Comet,disk,2025-04-03,71.75041666666667
mac-06,Project Comet,disk,2025-04-04,71.79916666666666
mac-06,Project Comet,disk,2025-04-05,72.06208333333333
mac-06,Project Comet,disk,2025-04-06,72.03541666666666
mac-06,Project Comet,disk,2025-04-07,72.13083333333334
mac-06,Project Comet,disk,2025-04-08,71.20958333333333
mac-06,Project Comet,disk,2025-04-09,72.655
mac-06,Project Comet,disk,2025-04-10,71.17166666666667
mac-06,Project Comet,disk,2025-04-11,72.32708333333333
mac-06,Project Comet,disk,2025-04-12,71.39291666666666
mac-06,Project Comet,disk,2025-04-13,71.76
mac-06,Project Comet,disk,2025-04-14,71.74125
mac-06,Project Comet,disk,2025-04-15,74.05708333333332
mac-06,Project Comet,disk,2025-04-16,73.17791666666666
mac-06,Project Comet,disk,2025-04-17,72.23125
mac-06,Project Comet,disk,2025-04-18,71.90916666666666
mac-06,Project Comet,disk,2025-04-19,72.265
mac-06,Project Comet,disk,2025-04-20,71.63666666666667
mac-06,Project Comet,disk,2025-04-21,72.07416666666667
mac-06,Project Comet,disk,2025-04-22,71.6275
mac-06,Project Comet,disk,2025-04-23,71.43125
mac-06,Project Comet,disk,2025-04-24,71.78166666666667
mac-06,Project Comet,disk,2025-04-25,71.49125
mac-06,Project Comet,disk,2025-04-26,72.35541666666667
mac-06,Project Comet,disk,2025-04-27,72.09875000000001
mac-06,Project Comet,disk,2025-04-28,73.65541666666667
mac-06,Project Comet,disk,2025-04-29,72.84458333333333
mac-06,Project Comet,disk,2025-04-30,73.88125000000001
mac-06,Project Comet,disk,2025-05-01,73.58375
mac-06,Project Comet,disk,2025-05-02,73.21958333333333
mac-06,Project Comet,disk,2025-05-03,71.91083333333334
mac-06,Project Comet,disk,2025-05-04,71.52833333333334
mac-06,Project Comet,disk,2025-05-05,73.43041666666666
mac-06,Project Comet,disk,2025-05-06,72.86541666666666
mac-06,Project Comet,disk,2025-05-07,71.23916666666666
mac-06,Project Comet,disk,2025-05-08,74.22833333333334
mac-06,Project Comet,disk,2025-05-09,73.32541666666667
mac-06,Project Comet,disk,2025-05-10,73.10916666666667
mac-06,Project Comet,disk,2025-05-11,74.01875
mac-06,Project Comet,disk,2025-05-12,73.04625
mac-06,Project Comet,disk,2025-05-13,72.58916666666666
mac-06,Project Comet,disk,2025-05-14,72.40291666666667
mac-06,Project Comet,disk,2025-05-15,72.96166666666666
mac-06,Project Comet,disk,2025-05-16,74.28625
mac-06,Project Comet,disk,2025-05-17,73.41083333333333
mac-06,Project Comet,disk,2025-05-18,72.88583333333334
mac-06,Project Comet,disk,2025-05-19,74.075
mac-06,Project Comet,disk,2025-05-20,71.90375
mac-06,Project Comet,disk,2025-05-21,74.51875
mac-06,Project Comet,disk,2025-05-22,73.59291666666667
mac-06,Project Comet,disk,2025-05-23,72.27625
mac-06,Project Comet,disk,2025-05-24,74.0
mac-06,Project Comet,disk,2025-05-25,74.02499999999999
mac-06,Project Comet,disk,2025-05-26,72.71416666666666
mac-06,Project Comet,disk,2025-05-27,72.865
mac-06,Project Comet,disk,2025-05-28,73.90166666666667
mac-06,Project Comet,disk,2025-05-29,74.96375
mac-06,Project Comet,disk,2025-05-30,72.61708333333333
mac-06,Project Comet,disk,2025-05-31,74.62
mac-06,Project Comet,disk,2025-06-01,75.29958333333333
mac-06,Project Comet,disk,2025-06-02,74.04291666666667
mac-06,Project Comet,disk,2025-06-03,73.49333333333333
mac-06,Project Comet,disk,2025-06-04,73.01958333333333
mac-06,Project Comet,disk,2025-06-05,73.94041666666666
mac-06,Project Comet,disk,2025-06-06,74.60708333333334
mac-06,Project Comet,disk,2025-06-07,72.15166666666667
mac-06,Project Comet,disk,2025-06-08,74.48583333333333
mac-06,Project Comet,disk,2025-06-09,73.60041666666667
mac-06,Project Comet,disk,2025-06-10,73.68833333333333
mac-06,Project Comet,disk,2025-06-11,73.5825
mac-06,Project Comet,disk,2025-06-12,73.70583333333333
mac-06,Project Comet,disk,2025-06-13,72.12
mac-06,Project Comet,disk,2025-06-14,75.19916666666667
mac-06,Project Comet,disk,2025-06-15,74.33375
mac-06,Project Comet,disk,2025-06-16,75.30083333333333
mac-06,Project Comet,disk,2025-06-17,73.62791666666666
mac-06,Project Comet,disk,2025-06-18,73.97208333333333
mac-06,Project Comet,disk,2025-06-19,74.01375
mac-06,Project Comet,disk,2025-06-20,74.01333333333334
mac-06,Project Comet,disk,2025-06-21,73.20041666666667
mac-06,Project Comet,disk,2025-06-22,73.70125
mac-06,Project Comet,disk,2025-06-23,73.51
mac-06,Project Comet,disk,2025-06-24,75.545
mac-06,Project Comet,disk,2025-06-25,74.80916666666667
mac-06,Project Comet,disk,2025-06-26,74.08624999999999
mac-06,Project Comet,disk,2025-06-27,73.52166666666666
mac-06,Project Comet,disk,2025-06-28,73.12208333333334
mac-06,Project Comet,disk,2025-06-29,75.3075
mac-06,Project Comet,disk,2025-06-30,75.21333333333332
mac-06,Project Comet,disk,2025-07-01,73.06333333333333
mac-06,Project Comet,disk,2025-07-02,74.53958333333334
mac-06,Project Comet,disk,2025-07-03,75.11708333333333
mac-06,Project Comet,disk,2025-07-04,73.91625
mac-06,Project Comet,disk,2025-07-05,72.865
mac-06,Project Comet,disk,2025-07-06,74.32041666666667
mac-06,Project Comet,disk,2025-07-07,74.26541666666667
mac-06,Project Comet,disk,2025-07-08,74.33166666666666
mac-06,Project Comet,disk,2025-07-09,73.71
mac-06,Project Comet,disk,2025-07-10,74.74041666666666
mac-06,Project Comet,disk,2025-07-11,74.86416666666666
mac-06,Project Comet,disk,2025-07-12,75.06
mac-06,Project Comet,disk,2025-07-13,73.6275
mac-06,Project Comet,disk,2025-07-14,74.53833333333334
mac-06,Project Comet,disk,2025-07-15,74.52624999999999
mac-06,Project Comet,disk,2025-07-16,75.04625
mac-06,Project Comet,disk,2025-07-17,74.19625
mac-06,Project Comet,disk,2025-07-18,75.29708333333333
mac-06,Project Comet,disk,2025-07-19,75.31333333333333
mac-06,Project Comet,disk,2025-07-20,74.08708333333333
mac-06,Project Comet,disk,2025-07-21,75.03083333333333
mac-06,Project Comet,disk,2025-07-22,74.4675
mac-06,Project Comet,disk,2025-07-23,75.13791666666667
mac-06,Project Comet,disk,2025-07-24,72.99
mac-06,Project Comet,disk,2025-07-25,75.82125
mac-06,Project Comet,disk,2025-07-26,75.57000000000001
mac-06,Project Comet,disk,2025-07-27,74.47958333333334
mac-06,Project Comet,disk,2025-07-28,77.11958333333334
mac-06,Project Comet,disk,2025-07-29,74.00958333333334
mac-06,Project Comet,disk,2025-07-30,74.2175
mac-06,Project Comet,disk,2025-07-31,76.46291666666666
mac-06,Project Comet,disk,2025-08-01,75.04708333333333
mac-06,Project Comet,disk,2025-08-02,75.64666666666666
mac-06,Project Comet,disk,2025-08-03,74.5
mac-06,Project Comet,disk,2025-08-04,75.56625
mac-06,Project Comet,disk,2025-08-05,74.85833333333333
mac-06,Project Comet,disk,2025-08-06,74.16250000000001
mac-06,Project Comet,disk,2025-08-07,77.10000000000001
mac-06,Project Comet,disk,2025-08-08,76.51875
mac-06,Project Comet,disk,2025-08-09,75.74958333333333
mac-06,Project Comet,disk,2025-08-10,75.13666666666667
mac-06,Project Comet,disk,2025-08-11,74.11958333333332
mac-06,Project Comet,disk,2025-08-12,75.52625
mac-06,Project Comet,disk,2025-08-13,75.33041666666666
mac-06,Project Comet,disk,2025-08-14,76.88583333333334
mac-06,Project Comet,disk,2025-08-15,73.63666666666667
mac-06,Project Comet,disk,2025-08-16,74.74083333333333
mac-06,Project Comet,disk,2025-08-17,74.96083333333333
mac-06,Project Comet,disk,2025-08-18,74.59375
mac-06,Project Comet,disk,2025-08-19,75.94833333333334
mac-06,Project Comet,disk,2025-08-20,74.71875
mac-06,Project Comet,disk,2025-08-21,74.3875
mac-06,Project Comet,disk,2025-08-22,75.90958333333333
mac-06,Project Comet,disk,2025-08-23,74.15291666666667
mac-06,Project Comet,disk,2025-08-24,74.81625
mac-06,Project Comet,disk,2025-08-25,76.12625
mac-06,Project Comet,disk,2025-08-26,74.78041666666667
mac-06,Project Comet,disk,2025-08-27,75.38541666666667
mac-06,Project Comet,disk,2025-08-28,75.79916666666666
mac-06,Project Comet,disk,2025-08-29,76.1825
mac-06,Project Comet,disk,2025-08-30,76.26333333333334
mac-06,Project Comet,disk,2025-08-31,77.52
mac-06,Project Comet,disk,2025-09-01,76.565
mac-06,Project Comet,disk,2025-09-02,74.10416666666667
mac-06,Project Comet,disk,2025-09-03,76.05166666666666
mac-06,Project Comet,disk,2025-09-04,76.26875
mac-06,Project Comet,disk,2025-09-05,76.8325
mac-06,Project Comet,disk,2025-09-06,75.07416666666667
mac-06,Project Comet,disk,2025-09-07,76.71375
mac-06,Project Comet,disk,2025-09-08,75.57458333333334
mac-06,Project Comet,disk,2025-09-09,75.22291666666666
mac-06,Project Comet,disk,2025-09-10,76.03291666666667
mac-06,Project Comet,disk,2025-09-11,75.07333333333334
mac-06,Project Comet,disk,2025-09-12,76.83416666666666
mac-06,Project Comet,disk,2025-09-13,76.36166666666666
mac-06,Project Comet,disk,2025-09-14,75.52041666666666
mac-06,Project Comet,disk,2025-09-15,76.06958333333334
mac-06,Project Comet,disk,2025-09-16,75.81666666666666
mac-06,Project Comet,disk,2025-09-17,76.54333333333334
mac-06,Project Comet,disk,2025-09-18,75.50041666666667
mac-06,Project Comet,disk,2025-09-19,76.94583333333334
mac-06,Project Comet,disk,2025-09-20,76.26333333333334
mac-06,Project Comet,disk,2025-09-21,75.17958333333333
mac-06,Project Comet,disk,2025-09-22,76.1525
mac-06,Project Comet,disk,2025-09-23,77.0825
mac-06,Project Comet,disk,2025-09-24,76.16416666666667
mac-06,Project Comet,disk,2025-09-25,74.98833333333333
mac-06,Project Comet,disk,2025-09-26,76.85083333333334
mac-06,Project Comet,disk,2025-09-27,76.20541666666666
mac-06,Project Comet,disk,2025-09-28,78.82708333333333
mac-06,Project Comet,disk,2025-09-29,75.85000000000001
mac-06,Project Comet,disk,2025-09-30,75.96083333333333
mac-06,Project Comet,disk,2025-10-01,76.33833333333332
mac-06,Project Comet,disk,2025-10-02,75.83583333333333
mac-06,Project Comet,disk,2025-10-03,76.64166666666667
mac-06,Project Comet,disk,2025-10-04,75.37125
mac-06,Project Comet,disk,2025-10-05,74.68833333333333
mac-06,Project Comet,disk,2025-10-06,75.96249999999999
mac-06,Project Comet,disk,2025-10-07,76.21625
mac-06,Project Comet,disk,2025-10-08,75.86791666666666
mac-06,Project Comet,disk,2025-10-09,76.54291666666667
mac-06,Project Comet,disk,2025-10-10,77.70916666666666
mac-06,Project Comet,disk,2025-10-11,75.94708333333334
mac-06,Project Comet,disk,2025-10-12,77.84583333333333
mac-06,Project Comet,disk,2025-10-13,76.785
mac-06,Project Comet,disk,2025-10-14,76.45166666666667
mac-06,Project Comet,disk,2025-10-15,78.65625
mac-06,Project Comet,disk,2025-10-16,76.80416666666666
mac-06,Project Comet,disk,2025-10-17,75.80791666666666
mac-06,Project Comet,disk,2025-10-18,77.59375
mac-06,Project Comet,disk,2025-10-19,77.19958333333334
mac-06,Project Comet,disk,2025-10-20,77.68458333333334
mac-06,Project Comet,disk,2025-10-21,76.55125
mac-06,Project Comet,disk,2025-10-22,76.85958333333333
mac-06,Project Comet,disk,2025-10-23,77.63666666666667
mac-06,Project Comet,disk,2025-10-24,76.30541666666666
mac-06,Project Comet,disk,2025-10-25,76.575
mac-06,Project Comet,disk,2025-10-26,76.57791666666667
mac-06,Project Comet,disk,2025-10-27,78.59875000000001
mac-06,Project Comet,disk,2025-10-28,77.44833333333334
mac-06,Project Comet,disk,2025-10-29,77.52625
mac-06,Project Comet,disk,2025-10-30,78.38875
mac-06,Project Comet,disk,2025-10-31,77.61708333333333
mac-06,Project Comet,disk,2025-11-01,76.72666666666667
mac-06,Project Comet,disk,2025-11-02,76.86625
mac-06,Project Comet,disk,2025-11-03,76.29958333333333
mac-06,Project Comet,disk,2025-11-04,76.16833333333334
mac-06,Project Comet,disk,2025-11-05,76.76916666666666
mac-06,Project Comet,disk,2025-11-06,77.37375
mac-06,Project Comet,disk,2025-11-07,78.80583333333333
mac-06,Project Comet,disk,2025-11-08,77.11416666666666
mac-06,Project Comet,disk,2025-11-09,78.63541666666667
mac-06,Project Comet,disk,2025-11-10,78.56916666666667
mac-06,Project Comet,disk,2025-11-11,80.14999999999999
mac-06,Project Comet,disk,2025-11-12,76.25125
mac-06,Project Comet,disk,2025-11-13,78.40916666666666
mac-06,Project Comet,disk,2025-11-14,78.06583333333333
mac-06,Project Comet,disk,2025-11-15,78.09041666666667
mac-06,Project Comet,disk,2025-11-16,75.75500000000001
mac-06,Project Comet,disk,2025-11-17,75.68666666666667
mac-06,Project Comet,disk,2025-11-18,78.14083333333333
mac-06,Project Comet,disk,2025-11-19,76.66708333333334
mac-06,Project Comet,disk,2025-11-20,76.06708333333334
mac-06,Project Comet,disk,2025-11-21,78.17583333333333
mac-06,Project Comet,disk,2025-11-22,77.5975
mac-06,Project Comet,disk,2025-11-23,77.38833333333334
mac-06,Project Comet,disk,2025-11-24,78.69458333333334
mac-06,Project Comet,disk,2025-11-25,78.18541666666667
mac-06,Project Comet,disk,2025-11-26,79.3
mac-06,Project Comet,disk,2025-11-27,77.67958333333333
mac-06,Project Comet,disk,2025-11-28,77.0775
mac-06,Project Comet,disk,2025-11-29,77.635
mac-06,Project Comet,disk,2025-11-30,78.00541666666668
mac-06,Project Comet,disk,2025-12-01,76.53041666666667
mac-06,Project Comet,disk,2025-12-02,79.2
mac-06,Project Comet,disk,2025-12-03,76.62416666666667
mac-06,Project Comet,disk,2025-12-04,78.03875000000001
mac-06,Project Comet,disk,2025-12-05,78.55624999999999
mac-06,Project Comet,disk,2025-12-06,76.70958333333333
mac-06,Project Comet,disk,2025-12-07,78.55375
mac-06,Project Comet,disk,2025-12-08,78.06458333333333
mac-06,Project Comet,disk,2025-12-09,78.25583333333334
mac-06,Project Comet,disk,2025-12-10,78.00875
mac-06,Project Comet,disk,2025-12-11,79.54
mac-06,Project Comet,disk,2025-12-12,78.6275
mac-06,Project Comet,disk,2025-12-13,78.50208333333333
mac-06,Project Comet,disk,2025-12-14,79.6775
mac-06,Project Comet,disk,2025-12-15,78.02166666666666
mac-06,Project Comet,disk,2025-12-16,77.54291666666667
mac-06,Project Comet,disk,2025-12-17,78.0125
mac-06,Project Comet,disk,2025-12-18,78.45958333333333
mac-06,Project Comet,disk,2025-12-19,78.03375
mac-06,Project Comet,disk,2025-12-20,79.93291666666666
mac-06,Project Comet,disk,2025-12-21,78.14833333333333
mac-06,Project Comet,disk,2025-12-22,79.58416666666666
mac-06,Project Comet,disk,2025-12-23,78.81625
mac-06,Project Comet,disk,2025-12-24,77.76583333333333
mac-06,Project Comet,disk,2025-12-25,79.01541666666667
mac-06,Project Comet,disk,2025-12-26,78.59333333333333
mac-06,Project Comet,disk,2025-12-27,78.33166666666666
mac-06,Project Comet,disk,2025-12-28,76.995
mac-06,Project Comet,disk,2025-12-29,78.00375000000001
mac-06,Project Comet,disk,2025-12-30,79.1225
mac-06,Project Comet,disk,2025-12-31,78.49499999999999
mac-06,Project Comet,ram,2025-01-01,64.99916666666667
mac-06,Project Comet,ram,2025-01-02,67.49791666666667
mac-06,Project Comet,ram,2025-01-03,65.8075
mac-06,Project Comet,ram,2025-01-04,67.21333333333334
mac-06,Project Comet,ram,2025-01-05,65.90375
mac-06,Project Comet,ram,2025-01-06,66.93333333333334
mac-06,Project Comet,ram,2025-01-07,65.36
mac-06,Project Comet,ram,2025-01-08,68.33208333333333
mac-06,Project Comet,ram,2025-01-09,66.92625
mac-06,Project Comet,ram,2025-01-10,66.81041666666667
mac-06,Project Comet,ram,2025-01-11,67.52125
mac-06,Project Comet,ram,2025-01-12,66.00416666666666
mac-06,Project Comet,ram,2025-01-13,66.79458333333334
mac-06,Project Comet,ram,2025-01-14,66.87208333333334
mac-06,Project Comet,ram,2025-01-15,66.58833333333334
mac-06,Project Comet,ram,2025-01-16,66.23875
mac-06,Project Comet,ram,2025-01-17,66.48958333333333
mac-06,Project Comet,ram,2025-01-18,66.69708333333334
mac-06,Project Comet,ram,2025-01-19,66.205
mac-06,Project Comet,ram,2025-01-20,67.28166666666667
mac-06,Project Comet,ram,2025-01-21,66.74666666666667
mac-06,Project Comet,ram,2025-01-22,66.51083333333334
mac-06,Project Comet,ram,2025-01-23,66.06083333333333
mac-06,Project Comet,ram,2025-01-24,67.66041666666666
mac-06,Project Comet,ram,2025-01-25,68.72958333333334
mac-06,Project Comet,ram,2025-01-26,65.34833333333333
mac-06,Project Comet,ram,2025-01-27,66.47875
mac-06,Project Comet,ram,2025-01-28,67.73166666666667
mac-06,Project Comet,ram,2025-01-29,67.79708333333333
mac-06,Project Comet,ram,2025-01-30,67.66041666666666
mac-06,Project Comet,ram,2025-01-31,67.4025
mac-06,Project Comet,ram,2025-02-01,67.60041666666667
mac-06,Project Comet,ram,2025-02-02,67.81708333333333
mac-06,Project Comet,ram,2025-02-03,65.915
mac-06,Project Comet,ram,2025-02-04,67.01083333333334
mac-06,Project Comet,ram,2025-02-05,67.08291666666666
mac-06,Project Comet,ram,2025-02-06,68.9975
mac-06,Project Comet,ram,2025-02-07,67.61749999999999
mac-06,Project Comet,ram,2025-02-08,67.68625
mac-06,Project Comet,ram,2025-02-09,66.91833333333334
mac-06,Project Comet,ram,2025-02-10,67.60333333333334
mac-06,Project Comet,ram,2025-02-11,66.98666666666666
mac-06,Project Comet,ram,2025-02-12,67.05083333333333
mac-06,Project Comet,ram,2025-02-13,66.95208333333333
mac-06,Project Comet,ram,2025-02-14,67.74166666666666
mac-06,Project Comet,ram,2025-02-15,68.33583333333333
mac-06,Project Comet,ram,2025-02-16,68.69666666666667
mac-06,Project Comet,ram,2025-02-17,67.92458333333333
mac-06,Project Comet,ram,2025-02-18,67.1725
mac-06,Project Comet,ram,2025-02-19,67.18791666666667
mac-06,Project Comet,ram,2025-02-20,67.34708333333333
mac-06,Project Comet,ram,2025-02-21,67.56833333333334
mac-06,Project Comet,ram,2025-02-22,68.10708333333334
mac-06,Project Comet,ram,2025-02-23,67.62208333333334
mac-06,Project Comet,ram,2025-02-24,67.11833333333333
mac-06,Project Comet,ram,2025-02-25,69.12625
mac-06,Project Comet,ram,2025-02-26,65.86541666666666
mac-06,Project Comet,ram,2025-02-27,67.71249999999999
mac-06,Project Comet,ram,2025-02-28,68.42958333333333
mac-06,Project Comet,ram,2025-03-01,67.28875000000001
mac-06,Project Comet,ram,2025-03-02,68.35000000000001
mac-06,Project Comet,ram,2025-03-03,68.91291666666667
mac-06,Project Comet,ram,2025-03-04,66.34
mac-06,Project Comet,ram,2025-03-05,67.605
mac-06,Project Comet,ram,2025-03-06,68.64958333333333
mac-06,Project Comet,ram,2025-03-07,68.42166666666667
mac-06,Project Comet,ram,2025-03-08,67.51083333333334
mac-06,Project Comet,ram,2025-03-09,68.8275
mac-06,Project Comet,ram,2025-03-10,69.64874999999999
mac-06,Project Comet,ram,2025-03-11,67.715
mac-06,Project Comet,ram,2025-03-12,68.28041666666667
mac-06,Project Comet,ram,2025-03-13,68.49083333333333
mac-06,Project Comet,ram,2025-03-14,69.59
mac-06,Project Comet,ram,2025-03-15,66.99833333333333
mac-06,Project Comet,ram,2025-03-16,68.63916666666667
mac-06,Project Comet,ram,2025-03-17,67.70666666666666
mac-06,Project Comet,ram,2025-03-18,68.75750000000001
mac-06,Project Comet,ram,2025-03-19,68.19
mac-06,Project Comet,ram,2025-03-20,69.0725
mac-06,Project Comet,ram,2025-03-21,67.6525
mac-06,Project Comet,ram,2025-03-22,69.19333333333333
mac-06,Project Comet,ram,2025-03-23,69.43541666666667
mac-06,Project Comet,ram,2025-03-24,66.99708333333334
mac-06,Project Comet,ram,2025-03-25,68.27083333333333
mac-06,Project Comet,ram,2025-03-26,68.2175
mac-06,Project Comet,ram,2025-03-27,68.68208333333332
mac-06,Project Comet,ram,2025-03-28,68.44291666666668
mac-06,Project Comet,ram,2025-03-29,68.97666666666667
mac-06,Project Comet,ram,2025-03-30,69.79833333333333
mac-06,Project Comet,ram,2025-03-31,68.27166666666666
mac-06,Project Comet,ram,2025-04-01,69.6525
mac-06,Project Comet,ram,2025-04-02,69.83708333333333
mac-06,Project Comet,ram,2025-04-03,70.13166666666667
mac-06,Project Comet,ram,2025-04-04,69.325
mac-06,Project Comet,ram,2025-04-05,68.66
mac-06,Project Comet,ram,2025-04-06,68.71708333333333
mac-06,Project Comet,ram,2025-04-07,68.20958333333333
mac-06,Project Comet,ram,2025-04-08,67.9725
mac-06,Project Comet,ram,2025-04-09,69.54125
mac-06,Project Comet,ram,2025-04-10,69.68625
mac-06,Project Comet,ram,2025-04-11,68.60208333333334
mac-06,Project Comet,ram,2025-04-12,68.02208333333333
mac-06,Project Comet,ram,2025-04-13,69.78375
mac-06,Project Comet,ram,2025-04-14,70.11416666666666
mac-06,Project Comet,ram,2025-04-15,69.11916666666667
mac-06,Project Comet,ram,2025-04-16,69.045
mac-06,Project Comet,ram,2025-04-17,68.44291666666668
mac-06,Project Comet,ram,2025-04-18,68.395
mac-06,Project Comet,ram,2025-04-19,68.99708333333334
mac-06,Project Comet,ram,2025-04-20,68.79291666666667
mac-06,Project Comet,ram,2025-04-21,69.50958333333334
mac-06,Project Comet,ram,2025-04-22,69.72791666666667
mac-06,Project Comet,ram,2025-04-23,67.96416666666667
mac-06,Project Comet,ram,2025-04-24,68.46375
mac-06,Project Comet,ram,2025-04-25,69.17666666666666
mac-06,Project Comet,ram,2025-04-26,66.65208333333334
mac-06,Project Comet,ram,2025-04-27,67.81
mac-06,Project Comet,ram,2025-04-28,70.11
mac-06,Project Comet,ram,2025-04-29,69.87541666666667
mac-06,Project Comet,ram,2025-04-30,69.05125
mac-06,Project Comet,ram,2025-05-01,68.69291666666668
mac-06,Project Comet,ram,2025-05-02,70.41
mac-06,Project Comet,ram,2025-05-03,68.78375
mac-06,Project Comet,ram,2025-05-04,70.88666666666667
mac-06,Project Comet,ram,2025-05-05,69.5475
mac-06,Project Comet,ram,2025-05-06,70.10583333333334
mac-06,Project Comet,ram,2025-05-07,71.75916666666667
mac-06,Project Comet,ram,2025-05-08,68.49875
mac-06,Project Comet,ram,2025-05-09,70.335
mac-06,Project Comet,ram,2025-05-10,69.61874999999999
mac-06,Project Comet,ram,2025-05-11,68.00625000000001
mac-06,Project Comet,ram,2025-05-12,69.41916666666667
mac-06,Project Comet,ram,2025-05-13,69.18416666666667
mac-06,Project Comet,ram,2025-05-14,70.57416666666667
mac-06,Project Comet,ram,2025-05-15,70.92875
mac-06,Project Comet,ram,2025-05-16,70.565
mac-06,Project Comet,ram,2025-05-17,69.4025
mac-06,Project Comet,ram,2025-05-18,70.50625000000001
mac-06,Project Comet,ram,2025-05-19,70.09541666666667
mac-06,Project Comet,ram,2025-05-20,69.2725
mac-06,Project Comet,ram,2025-05-21,69.49791666666667
mac-06,Project Comet,ram,2025-05-22,69.4075
mac-06,Project Comet,ram,2025-05-23,70.32166666666667
mac-06,Project Comet,ram,2025-05-24,69.17958333333333
mac-06,Project Comet,ram,2025-05-25,69.05541666666666
mac-06,Project Comet,ram,2025-05-26,70.6525
mac-06,Project Comet,ram,2025-05-27,70.42875
mac-06,Project Comet,ram,2025-05-28,70.41125
mac-06,Project Comet,ram,2025-05-29,69.91416666666667
mac-06,Project Comet,ram,2025-05-30,69.88583333333334
mac-06,Project Comet,ram,2025-05-31,70.31041666666667
mac-06,Project Comet,ram,2025-06-01,69.64
mac-06,Project Comet,ram,2025-06-02,70.63
mac-06,Project Comet,ram,2025-06-03,70.12625
mac-06,Project Comet,ram,2025-06-04,70.26333333333334
mac-06,Project Comet,ram,2025-06-05,70.90791666666667
mac-06,Project Comet,ram,2025-06-06,69.92083333333333
mac-06,Project Comet,ram,2025-06-07,71.50666666666667
mac-06,Project Comet,ram,2025-06-08,71.57541666666667
mac-06,Project Comet,ram,2025-06-09,69.5525
mac-06,Project Comet,ram,2025-06-10,70.28416666666666
mac-06,Project Comet,ram,2025-06-11,69.09958333333334
mac-06,Project Comet,ram,2025-06-12,70.81375
mac-06,Project Comet,ram,2025-06-13,69.28083333333333
mac-06,Project Comet,ram,2025-06-14,70.43708333333333
mac-06,Project Comet,ram,2025-06-15,71.24333333333333
mac-06,Project Comet,ram,2025-06-16,69.74125
mac-06,Project Comet,ram,2025-06-17,71.56875000000001
mac-06,Project Comet,ram,2025-06-18,70.22833333333334
mac-06,Project Comet,ram,2025-06-19,70.09416666666667
mac-06,Project Comet,ram,2025-06-20,70.42625
mac-06,Project Comet,ram,2025-06-21,69.78083333333333
mac-06,Project Comet,ram,2025-06-22,70.80624999999999
mac-06,Project Comet,ram,2025-06-23,71.01458333333333
mac-06,Project Comet,ram,2025-06-24,71.28291666666667
mac-06,Project Comet,ram,2025-06-25,71.29708333333333
mac-06,Project Comet,ram,2025-06-26,70.80208333333333
mac-06,Project Comet,ram,2025-06-27,71.915
mac-06,Project Comet,ram,2025-06-28,69.94375000000001
mac-06,Project Comet,ram,2025-06-29,72.15083333333332
mac-06,Project Comet,ram,2025-06-30,71.44166666666666
mac-06,Project Comet,ram,2025-07-01,70.97916666666667
mac-06,Project Comet,ram,2025-07-02,71.94791666666667
mac-06,Project Comet,ram,2025-07-03,70.495
mac-06,Project Comet,ram,2025-07-04,71.09083333333334
mac-06,Project Comet,ram,2025-07-05,71.795
mac-06,Project Comet,ram,2025-07-06,71.32125
mac-06,Project Comet,ram,2025-07-07,71.38083333333334
mac-06,Project Comet,ram,2025-07-08,72.44791666666667
mac-06,Project Comet,ram,2025-07-09,71.22458333333334
mac-06,Project Comet,ram,2025-07-10,70.99833333333333
mac-06,Project Comet,ram,2025-07-11,71.40875
mac-06,Project Comet,ram,2025-07-12,70.15833333333333
mac-06,Project Comet,ram,2025-07-13,70.91583333333334
mac-06,Project Comet,ram,2025-07-14,71.25916666666667
mac-06,Project Comet,ram,2025-07-15,72.14833333333333
mac-06,Project Comet,ram,2025-07-16,71.63291666666667
mac-06,Project Comet,ram,2025-07-17,71.00458333333334
mac-06,Project Comet,ram,2025-07-18,70.94583333333334
mac-06,Project Comet,ram,2025-07-19,71.52708333333334
mac-06,Project Comet,ram,2025-07-20,70.84208333333333
mac-06,Project Comet,ram,2025-07-21,72.38416666666667
mac-06,Project Comet,ram,2025-07-22,71.015
mac-06,Project Comet,ram,2025-07-23,71.94875
mac-06,Project Comet,ram,2025-07-24,71.50750000000001
mac-06,Project Comet,ram,2025-07-25,70.94458333333334
mac-06,Project Comet,ram,2025-07-26,70.98541666666667
mac-06,Project Comet,ram,2025-07-27,71.55041666666666
mac-06,Project Comet,ram,2025-07-28,71.15958333333333
mac-06,Project Comet,ram,2025-07-29,71.8275
mac-06,Project Comet,ram,2025-07-30,71.24458333333334
mac-06,Project Comet,ram,2025-07-31,72.51875
mac-06,Project Comet,ram,2025-08-01,72.365
mac-06,Project Comet,ram,2025-08-02,71.08041666666666
mac-06,Project Comet,ram,2025-08-03,71.75
mac-06,Project Comet,ram,2025-08-04,72.81083333333333
mac-06,Project Comet,ram,2025-08-05,73.17541666666666
mac-06,Project Comet,ram,2025-08-06,71.52916666666667
mac-06,Project Comet,ram,2025-08-07,72.65875
mac-06,Project Comet,ram,2025-08-08,73.84166666666667
mac-06,Project Comet,ram,2025-08-09,71.57625
mac-06,Project Comet,ram,2025-08-10,72.2725
mac-06,Project Comet,ram,2025-08-11,71.57791666666667
mac-06,Project Comet,ram,2025-08-12,73.26666666666667
mac-06,Project Comet,ram,2025-08-13,72.35208333333334
mac-06,Project Comet,ram,2025-08-14,72.81541666666666
mac-06,Project Comet,ram,2025-08-15,73.14958333333333
mac-06,Project Comet,ram,2025-08-16,72.83958333333334
mac-06,Project Comet,ram,2025-08-17,74.00291666666666
mac-06,Project Comet,ram,2025-08-18,71.86083333333333
mac-06,Project Comet,ram,2025-08-19,72.65875
mac-06,Project Comet,ram,2025-08-20,72.98333333333333
mac-06,Project Comet,ram,2025-08-21,72.16
mac-06,Project Comet,ram,2025-08-22,73.15125
mac-06,Project Comet,ram,2025-08-23,72.17375
mac-06,Project Comet,ram,2025-08-24,72.96291666666667
mac-06,Project Comet,ram,2025-08-25,72.075
mac-06,Project Comet,ram,2025-08-26,72.20416666666667
mac-06,Project Comet,ram,2025-08-27,73.92791666666666
mac-06,Project Comet,ram,2025-08-28,73.03583333333333
mac-06,Project Comet,ram,2025-08-29,72.17999999999999
mac-06,Project Comet,ram,2025-08-30,71.69250000000001
mac-06,Project Comet,ram,2025-08-31,72.36625
mac-06,Project Comet,ram,2025-09-01,72.10375
mac-06,Project Comet,ram,2025-09-02,71.50916666666667
mac-06,Project Comet,ram,2025-09-03,73.1375
mac-06,Project Comet,ram,2025-09-04,73.92458333333333
mac-06,Project Comet,ram,2025-09-05,73.40583333333333
mac-06,Project Comet,ram,2025-09-06,72.51041666666667
mac-06,Project Comet,ram,2025-09-07,71.80333333333333
mac-06,Project Comet,ram,2025-09-08,73.27208333333333
mac-06,Project Comet,ram,2025-09-09,73.87291666666667
mac-06,Project Comet,ram,2025-09-10,74.53375
mac-06,Project Comet,ram,2025-09-11,72.5775
mac-06,Project Comet,ram,2025-09-12,72.03333333333333
mac-06,Project Comet,ram,2025-09-13,73.01166666666667
mac-06,Project Comet,ram,2025-09-14,71.98875
mac-06,Project Comet,ram,2025-09-15,73.38958333333333
mac-06,Project Comet,ram,2025-09-16,73.28416666666666
mac-06,Project Comet,ram,2025-09-17,72.86958333333332
mac-06,Project Comet,ram,2025-09-18,73.93833333333333
mac-06,Project Comet,ram,2025-09-19,71.53125
mac-06,Project Comet,ram,2025-09-20,71.88416666666667
mac-06,Project Comet,ram,2025-09-21,72.755
mac-06,Project Comet,ram,2025-09-22,72.24333333333333
mac-06,Project Comet,ram,2025-09-23,73.45833333333333
mac-06,Project Comet,ram,2025-09-24,72.57958333333333
mac-06,Project Comet,ram,2025-09-25,72.17875
mac-06,Project Comet,ram,2025-09-26,74.05041666666666
mac-06,Project Comet,ram,2025-09-27,73.66541666666667
mac-06,Project Comet,ram,2025-09-28,74.67875
mac-06,Project Comet,ram,2025-09-29,72.7475
mac-06,Project Comet,ram,2025-09-30,73.86166666666666
mac-06,Project Comet,ram,2025-10-01,74.15791666666667
mac-06,Project Comet,ram,2025-10-02,73.54666666666667
mac-06,Project Comet,ram,2025-10-03,72.96124999999999
mac-06,Project Comet,ram,2025-10-04,73.33541666666666
mac-06,Project Comet,ram,2025-10-05,73.76625
mac-06,Project Comet,ram,2025-10-06,72.39291666666666
mac-06,Project Comet,ram,2025-10-07,72.61416666666666
mac-06,Project Comet,ram,2025-10-08,72.3275
mac-06,Project Comet,ram,2025-10-09,74.6275
mac-06,Project Comet,ram,2025-10-10,73.20166666666667
mac-06,Project Comet,ram,2025-10-11,72.80833333333334
mac-06,Project Comet,ram,2025-10-12,73.22958333333334
mac-06,Project Comet,ram,2025-10-13,74.615
mac-06,Project Comet,ram,2025-10-14,72.06041666666667
mac-06,Project Comet,ram,2025-10-15,72.39458333333333
mac-06,Project Comet,ram,2025-10-16,72.59875000000001
mac-06,Project Comet,ram,2025-10-17,73.68958333333333
mac-06,Project Comet,ram,2025-10-18,72.56291666666667
mac-06,Project Comet,ram,2025-10-19,73.94041666666666
mac-06,Project Comet,ram,2025-10-20,73.13208333333334
mac-06,Project Comet,ram,2025-10-21,74.03625
mac-06,Project Comet,ram,2025-10-22,75.03041666666667
mac-06,Project Comet,ram,2025-10-23,73.81166666666667
mac-06,Project Comet,ram,2025-10-24,75.21916666666667
mac-06,Project Comet,ram,2025-10-25,73.22958333333334
mac-06,Project Comet,ram,2025-10-26,74.41708333333334
mac-06,Project Comet,ram,2025-10-27,73.37
mac-06,Project Comet,ram,2025-10-28,73.88
mac-06,Project Comet,ram,2025-10-29,73.32333333333334
mac-06,Project Comet,ram,2025-10-30,73.01375
mac-06,Project Comet,ram,2025-10-31,73.84541666666667
mac-06,Project Comet,ram,2025-11-01,73.715
mac-06,Project Comet,ram,2025-11-02,74.96666666666667
mac-06,Project Comet,ram,2025-11-03,73.08333333333333
mac-06,Project Comet,ram,2025-11-04,72.56416666666667
mac-06,Project Comet,ram,2025-11-05,74.09875
mac-06,Project Comet,ram,2025-11-06,75.39
mac-06,Project Comet,ram,2025-11-07,73.54708333333333
mac-06,Project Comet,ram,2025-11-08,74.53458333333333
mac-06,Project Comet,ram,2025-11-09,75.30875
mac-06,Project Comet,ram,2025-11-10,75.67625
mac-06,Project Comet,ram,2025-11-11,74.23458333333333
mac-06,Project Comet,ram,2025-11-12,75.1025
mac-06,Project Comet,ram,2025-11-13,74.75708333333334
mac-06,Project Comet,ram,2025-11-14,73.4525
mac-06,Project Comet,ram,2025-11-15,74.88166666666667
mac-06,Project Comet,ram,2025-11-16,75.96
mac-06,Project Comet,ram,2025-11-17,75.19041666666666
mac-06,Project Comet,ram,2025-11-18,76.08666666666666
mac-06,Project Comet,ram,2025-11-19,75.23958333333333
mac-06,Project Comet,ram,2025-11-20,71.96375
mac-06,Project Comet,ram,2025-11-21,75.72583333333334
mac-06,Project Comet,ram,2025-11-22,74.31333333333333
mac-06,Project Comet,ram,2025-11-23,73.96958333333333
mac-06,Project Comet,ram,2025-11-24,75.46791666666667
mac-06,Project Comet,ram,2025-11-25,75.24833333333333
mac-06,Project Comet,ram,2025-11-26,74.84666666666666
mac-06,Project Comet,ram,2025-11-27,74.52208333333333
mac-06,Project Comet,ram,2025-11-28,73.50916666666667
mac-06,Project Comet,ram,2025-11-29,75.09958333333334
mac-06,Project Comet,ram,2025-11-30,75.20458333333333
mac-06,Project Comet,ram,2025-12-01,75.16041666666666
mac-06,Project Comet,ram,2025-12-02,74.7725
mac-06,Project Comet,ram,2025-12-03,77.11625
mac-06,Project Comet,ram,2025-12-04,74.15958333333333
mac-06,Project Comet,ram,2025-12-05,74.87333333333333
mac-06,Project Comet,ram,2025-12-06,75.71791666666667
mac-06,Project Comet,ram,2025-12-07,76.39416666666666
mac-06,Project Comet,ram,2025-12-08,74.64708333333333
mac-06,Project Comet,ram,2025-12-09,74.57666666666667
mac-06,Project Comet,ram,2025-12-10,75.22458333333334
mac-06,Project Comet,ram,2025-12-11,75.31625
mac-06,Project Comet,ram,2025-12-12,75.88166666666667
mac-06,Project Comet,ram,2025-12-13,74.89333333333333
mac-06,Project Comet,ram,2025-12-14,74.85458333333334
mac-06,Project Comet,ram,2025-12-15,74.48791666666666
mac-06,Project Comet,ram,2025-12-16,75.01541666666667
mac-06,Project Comet,ram,2025-12-17,76.57041666666667
mac-06,Project Comet,ram,2025-12-18,75.51583333333333
mac-06,Project Comet,ram,2025-12-19,74.07916666666667
mac-06,Project Comet,ram,2025-12-20,75.38
mac-06,Project Comet,ram,2025-12-21,75.05125
mac-06,Project Comet,ram,2025-12-22,75.28333333333333
mac-06,Project Comet,ram,2025-12-23,75.23416666666667
mac-06,Project Comet,ram,2025-12-24,74.16041666666666
mac-06,Project Comet,ram,2025-12-25,74.12916666666666
mac-06,Project Comet,ram,2025-12-26,75.47291666666666
mac-06,Project Comet,ram,2025-12-27,77.35666666666667
mac-06,Project Comet,ram,2025-12-28,74.49708333333334
mac-06,Project Comet,ram,2025-12-29,76.515
mac-06,Project Comet,ram,2025-12-30,74.29416666666667
mac-06,Project Comet,ram,2025-12-31,77.5175
mac-07,Project Vega,cpu,2025-01-01,19.818749999999998
mac-07,Project Vega,cpu,2025-01-02,19.73375
mac-07,Project Vega,cpu,2025-01-03,20.437083333333334
mac-07,Project Vega,cpu,2025-01-04,18.202083333333334
mac-07,Project Vega,cpu,2025-01-05,18.94875
mac-07,Project Vega,cpu,2025-01-06,19.838333333333335
mac-07,Project Vega,cpu,2025-01-07,17.72458333333333
mac-07,Project Vega,cpu,2025-01-08,19.33875
mac-07,Project Vega,cpu,2025-01-09,19.255416666666665
mac-07,Project Vega,cpu,2025-01-10,19.66625
mac-07,Project Vega,cpu,2025-01-11,19.542083333333334
mac-07,Project Vega,cpu,2025-01-12,20.307916666666667
mac-07,Project Vega,cpu,2025-01-13,18.76625
mac-07,Project Vega,cpu,2025-01-14,19.832916666666666
mac-07,Project Vega,cpu,2025-01-15,20.22375
mac-07,Project Vega,cpu,2025-01-16,18.375416666666666
mac-07,Project Vega,cpu,2025-01-17,19.052916666666665
mac-07,Project Vega,cpu,2025-01-18,18.29041666666667
mac-07,Project Vega,cpu,2025-01-19,18.927083333333332
mac-07,Project Vega,cpu,2025-01-20,19.26
mac-07,Project Vega,cpu,2025-01-21,20.5675
mac-07,Project Vega,cpu,2025-01-22,19.749166666666667
mac-07,Project Vega,cpu,2025-01-23,18.379583333333333
mac-07,Project Vega,cpu,2025-01-24,18.592916666666667
mac-07,Project Vega,cpu,2025-01-25,19.36916666666667
mac-07,Project Vega,cpu,2025-01-26,20.249583333333334
mac-07,Project Vega,cpu,2025-01-27,19.442916666666665
mac-07,Project Vega,cpu,2025-01-28,19.47458333333333
mac-07,Project Vega,cpu,2025-01-29,18.834999999999997
mac-07,Project Vega,cpu,2025-01-30,21.264583333333334
mac-07,Project Vega,cpu,2025-01-31,20.96708333333333
mac-07,Project Vega,cpu,2025-02-01,20.504583333333333
mac-07,Project Vega,cpu,2025-02-02,20.061666666666667
mac-07,Project Vega,cpu,2025-02-03,19.78625
mac-07,Project Vega,cpu,2025-02-04,19.058333333333334
mac-07,Project Vega,cpu,2025-02-05,19.614583333333332
mac-07,Project Vega,cpu,2025-02-06,20.33875
mac-07,Project Vega,cpu,2025-02-07,20.01125
mac-07,Project Vega,cpu,2025-02-08,18.62
mac-07,Project Vega,cpu,2025-02-09,19.786666666666665
mac-07,Project Vega,cpu,2025-02-10,20.510416666666668
mac-07,Project Vega,cpu,2025-02-11,19.47375
mac-07,Project Vega,cpu,2025-02-12,21.681250000000002
mac-07,Project Vega,cpu,2025-02-13,19.41625
mac-07,Project Vega,cpu,2025-02-14,19.572916666666668
mac-07,Project Vega,cpu,2025-02-15,19.78625
mac-07,Project Vega,cpu,2025-02-16,18.915833333333335
mac-07,Project Vega,cpu,2025-02-17,18.567916666666665
mac-07,Project Vega,cpu,2025-02-18,19.994583333333335
mac-07,Project Vega,cpu,2025-02-19,20.09
mac-07,Project Vega,cpu,2025-02-20,19.396666666666665
mac-07,Project Vega,cpu,2025-02-21,18.59375
mac-07,Project Vega,cpu,2025-02-22,20.26
mac-07,Project Vega,cpu,2025-02-23,19.4475
mac-07,Project Vega,cpu,2025-02-24,20.88
mac-07,Project Vega,cpu,2025-02-25,19.353333333333335
mac-07,Project Vega,cpu,2025-02-26,19.3125
mac-07,Project Vega,cpu,2025-02-27,19.140833333333333
mac-07,Project Vega,cpu,2025-02-28,21.375416666666666
mac-07,Project Vega,cpu,2025-03-01,20.254583333333333
mac-07,Project Vega,cpu,2025-03-02,20.49875
mac-07,Project Vega,cpu,2025-03-03,18.905833333333334
mac-07,Project Vega,cpu,2025-03-04,19.228333333333335
mac-07,Project Vega,cpu,2025-03-05,19.072083333333335
mac-07,Project Vega,cpu,2025-03-06,19.833333333333332
mac-07,Project Vega,cpu,2025-03-07,19.062083333333334
mac-07,Project Vega,cpu,2025-03-08,18.655
mac-07,Project Vega,cpu,2025-03-09,18.863333333333333
mac-07,Project Vega,cpu,2025-03-10,19.4475
mac-07,Project Vega,cpu,2025-03-11,18.5625
mac-07,Project Vega,cpu,2025-03-12,19.125
mac-07,Project Vega,cpu,2025-03-13,18.619583333333335
mac-07,Project Vega,cpu,2025-03-14,20.807916666666667
mac-07,Project Vega,cpu,2025-03-15,19.807083333333335
mac-07,Project Vega,cpu,2025-03-16,19.453333333333333
mac-07,Project Vega,cpu,2025-03-17,17.670416666666668
mac-07,Project Vega,cpu,2025-03-18,19.08875
mac-07,Project Vega,cpu,2025-03-19,20.254583333333333
mac-07,Project Vega,cpu,2025-03-20,18.399166666666666
mac-07,Project Vega,cpu,2025-03-21,18.921666666666667
mac-07,Project Vega,cpu,2025-03-22,20.546666666666667
mac-07,Project Vega,cpu,2025-03-23,19.322916666666668
mac-07,Project Vega,cpu,2025-03-24,19.015833333333333
mac-07,Project Vega,cpu,2025-03-25,20.228333333333335
mac-07,Project Vega,cpu,2025-03-26,20.400833333333335
mac-07,Project Vega,cpu,2025-03-27,19.77541666666667
mac-07,Project Vega,cpu,2025-03-28,19.770416666666666
mac-07,Project Vega,cpu,2025-03-29,19.375416666666666
mac-07,Project Vega,cpu,2025-03-30,21.3075
mac-07,Project Vega,cpu,2025-03-31,19.46291666666667
mac-07,Project Vega,cpu,2025-04-01,19.16625
mac-07,Project Vega,cpu,2025-04-02,19.245416666666667
mac-07,Project Vega,cpu,2025-04-03,18.317083333333333
mac-07,Project Vega,cpu,2025-04-04,19.08791666666667
mac-07,Project Vega,cpu,2025-04-05,18.089583333333334
mac-07,Project Vega,cpu,2025-04-06,17.90125
mac-07,Project Vega,cpu,2025-04-07,19.089166666666667
mac-07,Project Vega,cpu,2025-04-08,20.355
mac-07,Project Vega,cpu,2025-04-09,20.150833333333335
mac-07,Project Vega,cpu,2025-04-10,18.947916666666668
mac-07,Project Vega,cpu,2025-04-11,19.115
mac-07,Project Vega,cpu,2025-04-12,20.65041666666667
mac-07,Project Vega,cpu,2025-04-13,18.33875
mac-07,Project Vega,cpu,2025-04-14,19.71291666666667
mac-07,Project Vega,cpu,2025-04-15,18.849166666666665
mac-07,Project Vega,cpu,2025-04-16,19.6825
mac-07,Project Vega,cpu,2025-04-17,18.890416666666667
mac-07,Project Vega,cpu,2025-04-18,20.17125
mac-07,Project Vega,cpu,2025-04-19,20.78625
mac-07,Project Vega,cpu,2025-04-20,20.035833333333333
mac-07,Project Vega,cpu,2025-04-21,18.58458333333333
mac-07,Project Vega,cpu,2025-04-22,18.5425
mac-07,Project Vega,cpu,2025-04-23,20.0
mac-07,Project Vega,cpu,2025-04-24,18.754583333333333
mac-07,Project Vega,cpu,2025-04-25,18.509583333333335
mac-07,Project Vega,cpu,2025-04-26,19.88416666666667
mac-07,Project Vega,cpu,2025-04-27,19.40041666666667
mac-07,Project Vega,cpu,2025-04-28,20.515
mac-07,Project Vega,cpu,2025-04-29,18.807083333333335
mac-07,Project Vega,cpu,2025-04-30,18.510416666666668
mac-07,Project Vega,cpu,2025-05-01,20.073333333333334
mac-07,Project Vega,cpu,2025-05-02,20.29625
mac-07,Project Vega,cpu,2025-05-03,19.025000000000002
mac-07,Project Vega,cpu,2025-05-04,19.292083333333334
mac-07,Project Vega,cpu,2025-05-05,20.635
mac-07,Project Vega,cpu,2025-05-06,18.88
mac-07,Project Vega,cpu,2025-05-07,19.005416666666665
mac-07,Project Vega,cpu,2025-05-08,18.924583333333334
mac-07,Project Vega,cpu,2025-05-09,20.28708333333333
mac-07,Project Vega,cpu,2025-05-10,18.822083333333335
mac-07,Project Vega,cpu,2025-05-11,19.66125
mac-07,Project Vega,cpu,2025-05-12,20.077083333333334
mac-07,Project Vega,cpu,2025-05-13,20.597916666666666
mac-07,Project Vega,cpu,2025-05-14,20.291666666666668
mac-07,Project Vega,cpu,2025-05-15,21.203333333333333
mac-07,Project Vega,cpu,2025-05-16,18.194166666666668
mac-07,Project Vega,cpu,2025-05-17,19.162499999999998
mac-07,Project Vega,cpu,2025-05-18,19.3325
mac-07,Project Vega,cpu,2025-05-19,19.73
mac-07,Project Vega,cpu,2025-05-20,20.614166666666666
mac-07,Project Vega,cpu,2025-05-21,18.86583333333333
mac-07,Project Vega,cpu,2025-05-22,20.687083333333334
mac-07,Project Vega,cpu,2025-05-23,19.56833333333333
mac-07,Project Vega,cpu,2025-05-24,18.364166666666666
mac-07,Project Vega,cpu,2025-05-25,20.516666666666666
mac-07,Project Vega,cpu,2025-05-26,18.905833333333334
mac-07,Project Vega,cpu,2025-05-27,20.3125
mac-07,Project Vega,cpu,2025-05-28,19.6975
mac-07,Project Vega,cpu,2025-05-29,19.52541666666667
mac-07,Project Vega,cpu,2025-05-30,19.6925
mac-07,Project Vega,cpu,2025-05-31,18.368333333333332
mac-07,Project Vega,cpu,2025-06-01,19.1875
mac-07,Project Vega,cpu,2025-06-02,19.614166666666666
mac-07,Project Vega,cpu,2025-06-03,19.618750000000002
mac-07,Project Vega,cpu,2025-06-04,18.827083333333334
mac-07,Project Vega,cpu,2025-06-05,20.609166666666667
mac-07,Project Vega,cpu,2025-06-06,21.493333333333336
mac-07,Project Vega,cpu,2025-06-07,18.738333333333333
mac-07,Project Vega,cpu,2025-06-08,19.932916666666667
mac-07,Project Vega,cpu,2025-06-09,19.609166666666667
mac-07,Project Vega,cpu,2025-06-10,20.33875
mac-07,Project Vega,cpu,2025-06-11,18.759583333333335
mac-07,Project Vega,cpu,2025-06-12,19.694166666666668
mac-07,Project Vega,cpu,2025-06-13,18.10291666666667
mac-07,Project Vega,cpu,2025-06-14,21.18166666666667
mac-07,Project Vega,cpu,2025-06-15,19.910833333333333
mac-07,Project Vega,cpu,2025-06-16,17.291666666666668
mac-07,Project Vega,cpu,2025-06-17,18.65625
mac-07,Project Vega,cpu,2025-06-18,19.694166666666668
mac-07,Project Vega,cpu,2025-06-19,21.345
mac-07,Project Vega,cpu,2025-06-20,19.879583333333333
mac-07,Project Vega,cpu,2025-06-21,18.900833333333335
mac-07,Project Vega,cpu,2025-06-22,19.234166666666667
mac-07,Project Vega,cpu,2025-06-23,19.542083333333334
mac-07,Project Vega,cpu,2025-06-24,18.45375
mac-07,Project Vega,cpu,2025-06-25,19.422083333333333
mac-07,Project Vega,cpu,2025-06-26,18.61916666666667
mac-07,Project Vega,cpu,2025-06-27,18.89625
mac-07,Project Vega,cpu,2025-06-28,19.54625
mac-07,Project Vega,cpu,2025-06-29,18.108333333333334
mac-07,Project Vega,cpu,2025-06-30,19.546666666666667
mac-07,Project Vega,cpu,2025-07-01,20.16541666666667
mac-07,Project Vega,cpu,2025-07-02,19.233333333333334
mac-07,Project Vega,cpu,2025-07-03,19.754583333333333
mac-07,Project Vega,cpu,2025-07-04,19.932916666666667
mac-07,Project Vega,cpu,2025-07-05,18.8275
mac-07,Project Vega,cpu,2025-07-06,20.104166666666668
mac-07,Project Vega,cpu,2025-07-07,20.47375
mac-07,Project Vega,cpu,2025-07-08,19.734166666666667
mac-07,Project Vega,cpu,2025-07-09,20.192916666666665
mac-07,Project Vega,cpu,2025-07-10,19.089583333333334
mac-07,Project Vega,cpu,2025-07-11,18.854583333333334
mac-07,Project Vega,cpu,2025-07-12,19.567083333333333
mac-07,Project Vega,cpu,2025-07-13,19.02541666666667
mac-07,Project Vega,cpu,2025-07-14,20.286666666666665
mac-07,Project Vega,cpu,2025-07-15,18.828333333333333
mac-07,Project Vega,cpu,2025-07-16,19.536666666666665
mac-07,Project Vega,cpu,2025-07-17,19.105
mac-07,Project Vega,cpu,2025-07-18,19.714583333333334
mac-07,Project Vega,cpu,2025-07-19,18.245
mac-07,Project Vega,cpu,2025-07-20,18.249583333333334
mac-07,Project Vega,cpu,2025-07-21,20.224166666666665
mac-07,Project Vega,cpu,2025-07-22,19.614583333333332
mac-07,Project Vega,cpu,2025-07-23,18.31833333333333
mac-07,Project Vega,cpu,2025-07-24,19.353333333333335
mac-07,Project Vega,cpu,2025-07-25,18.567916666666665
mac-07,Project Vega,cpu,2025-07-26,21.035
mac-07,Project Vega,cpu,2025-07-27,18.484166666666667
mac-07,Project Vega,cpu,2025-07-28,19.94875
mac-07,Project Vega,cpu,2025-07-29,18.025833333333335
mac-07,Project Vega,cpu,2025-07-30,19.484166666666667
mac-07,Project Vega,cpu,2025-07-31,19.964166666666667
mac-07,Project Vega,cpu,2025-08-01,19.682916666666667
mac-07,Project Vega,cpu,2025-08-02,17.6775
mac-07,Project Vega,cpu,2025-08-03,20.6775
mac-07,Project Vega,cpu,2025-08-04,18.885
mac-07,Project Vega,cpu,2025-08-05,20.52
mac-07,Project Vega,cpu,2025-08-06,19.297916666666666
mac-07,Project Vega,cpu,2025-08-07,19.91541666666667
mac-07,Project Vega,cpu,2025-08-08,19.0575
mac-07,Project Vega,cpu,2025-08-09,20.134583333333335
mac-07,Project Vega,cpu,2025-08-10,18.390416666666667
mac-07,Project Vega,cpu,2025-08-11,19.823333333333334
mac-07,Project Vega,cpu,2025-08-12,18.5
mac-07,Project Vega,cpu,2025-08-13,19.675833333333333
mac-07,Project Vega,cpu,2025-08-14,19.29625
mac-07,Project Vega,cpu,2025-08-15,20.12
mac-07,Project Vega,cpu,2025-08-16,19.780416666666667
mac-07,Project Vega,cpu,2025-08-17,20.381249999999998
mac-07,Project Vega,cpu,2025-08-18,18.969166666666666
mac-07,Project Vega,cpu,2025-08-19,18.988333333333333
mac-07,Project Vega,cpu,2025-08-20,20.009583333333335
mac-07,Project Vega,cpu,2025-08-21,20.343333333333334
mac-07,Project Vega,cpu,2025-08-22,18.405833333333334
mac-07,Project Vega,cpu,2025-08-23,19.661666666666665
mac-07,Project Vega,cpu,2025-08-24,21.26625
mac-07,Project Vega,cpu,2025-08-25,18.317083333333333
mac-07,Project Vega,cpu,2025-08-26,19.760416666666668
mac-07,Project Vega,cpu,2025-08-27,19.641666666666666
mac-07,Project Vega,cpu,2025-08-28,17.91208333333333
mac-07,Project Vega,cpu,2025-08-29,17.739166666666666
mac-07,Project Vega,cpu,2025-08-30,18.755
mac-07,Project Vega,cpu,2025-08-31,20.005416666666665
mac-07,Project Vega,cpu,2025-09-01,19.5625
mac-07,Project Vega,cpu,2025-09-02,20.229166666666668
mac-07,Project Vega,cpu,2025-09-03,19.489166666666666
mac-07,Project Vega,cpu,2025-09-04,19.030833333333334
mac-07,Project Vega,cpu,2025-09-05,20.27541666666667
mac-07,Project Vega,cpu,2025-09-06,20.23375
mac-07,Project Vega,cpu,2025-09-07,19.260416666666668
mac-07,Project Vega,cpu,2025-09-08,20.499166666666667
mac-07,Project Vega,cpu,2025-09-09,19.739583333333332
mac-07,Project Vega,cpu,2025-09-10,18.113333333333333
mac-07,Project Vega,cpu,2025-09-11,20.494583333333335
mac-07,Project Vega,cpu,2025-09-12,19.8025
mac-07,Project Vega,cpu,2025-09-13,20.3125
mac-07,Project Vega,cpu,2025-09-14,19.640416666666667
mac-07,Project Vega,cpu,2025-09-15,18.994583333333335
mac-07,Project Vega,cpu,2025-09-16,19.7075
mac-07,Project Vega,cpu,2025-09-17,18.5825
mac-07,Project Vega,cpu,2025-09-18,18.63
mac-07,Project Vega,cpu,2025-09-19,19.21291666666667
mac-07,Project Vega,cpu,2025-09-20,19.505416666666665
mac-07,Project Vega,cpu,2025-09-21,21.072083333333335
mac-07,Project Vega,cpu,2025-09-22,18.96291666666667
mac-07,Project Vega,cpu,2025-09-23,19.462500000000002
mac-07,Project Vega,cpu,2025-09-24,19.355833333333333
mac-07,Project Vega,cpu,2025-09-25,19.28125
mac-07,Project Vega,cpu,2025-09-26,19.72875
mac-07,Project Vega,cpu,2025-09-27,18.400833333333335
mac-07,Project Vega,cpu,2025-09-28,19.072916666666668
mac-07,Project Vega,cpu,2025-09-29,20.305833333333336
mac-07,Project Vega,cpu,2025-09-30,19.245833333333334
mac-07,Project Vega,cpu,2025-10-01,19.8225
mac-07,Project Vega,cpu,2025-10-02,18.395833333333332
mac-07,Project Vega,cpu,2025-10-03,19.485833333333336
mac-07,Project Vega,cpu,2025-10-04,18.6925
mac-07,Project Vega,cpu,2025-10-05,18.9725
mac-07,Project Vega,cpu,2025-10-06,20.760833333333334
mac-07,Project Vega,cpu,2025-10-07,19.620416666666667
mac-07,Project Vega,cpu,2025-10-08,20.0425
mac-07,Project Vega,cpu,2025-10-09,20.255416666666665
mac-07,Project Vega,cpu,2025-10-10,19.38416666666667
mac-07,Project Vega,cpu,2025-10-11,20.577916666666667
mac-07,Project Vega,cpu,2025-10-12,19.052083333333332
mac-07,Project Vega,cpu,2025-10-13,18.20375
mac-07,Project Vega,cpu,2025-10-14,19.172083333333333
mac-07,Project Vega,cpu,2025-10-15,18.0625
mac-07,Project Vega,cpu,2025-10-16,18.74416666666667
mac-07,Project Vega,cpu,2025-10-17,20.671666666666667
mac-07,Project Vega,cpu,2025-10-18,19.765416666666667
mac-07,Project Vega,cpu,2025-10-19,19.078333333333333
mac-07,Project Vega,cpu,2025-10-20,18.30125
mac-07,Project Vega,cpu,2025-10-21,19.01
mac-07,Project Vega,cpu,2025-10-22,19.686249999999998
mac-07,Project Vega,cpu,2025-10-23,19.18625
mac-07,Project Vega,cpu,2025-10-24,19.07375
mac-07,Project Vega,cpu,2025-10-25,20.13625
mac-07,Project Vega,cpu,2025-10-26,19.657083333333333
mac-07,Project Vega,cpu,2025-10-27,19.480416666666667
mac-07,Project Vega,cpu,2025-10-28,18.990416666666665
mac-07,Project Vega,cpu,2025-10-29,19.365
mac-07,Project Vega,cpu,2025-10-30,18.64625
mac-07,Project Vega,cpu,2025-10-31,20.2225
mac-07,Project Vega,cpu,2025-11-01,19.4175
mac-07,Project Vega,cpu,2025-11-02,19.443749999999998
mac-07,Project Vega,cpu,2025-11-03,20.088333333333335
mac-07,Project Vega,cpu,2025-11-04,20.817083333333333
mac-07,Project Vega,cpu,2025-11-05,19.47375
mac-07,Project Vega,cpu,2025-11-06,20.16125
mac-07,Project Vega,cpu,2025-11-07,19.650833333333335
mac-07,Project Vega,cpu,2025-11-08,19.734583333333333
mac-07,Project Vega,cpu,2025-11-09,20.485
mac-07,Project Vega,cpu,2025-11-10,18.87875
mac-07,Project Vega,cpu,2025-11-11,19.83875
mac-07,Project Vega,cpu,2025-11-12,19.796666666666667
mac-07,Project Vega,cpu,2025-11-13,19.515833333333333
mac-07,Project Vega,cpu,2025-11-14,20.09375
mac-07,Project Vega,cpu,2025-11-15,20.426666666666666
mac-07,Project Vega,cpu,2025-11-16,18.542916666666667
mac-07,Project Vega,cpu,2025-11-17,18.921666666666667
mac-07,Project Vega,cpu,2025-11-18,19.47375
mac-07,Project Vega,cpu,2025-11-19,20.514166666666664
mac-07,Project Vega,cpu,2025-11-20,19.270416666666666
mac-07,Project Vega,cpu,2025-11-21,20.802916666666665
mac-07,Project Vega,cpu,2025-11-22,19.622916666666665
mac-07,Project Vega,cpu,2025-11-23,18.53625
mac-07,Project Vega,cpu,2025-11-24,19.099999999999998
mac-07,Project Vega,cpu,2025-11-25,19.36916666666667
mac-07,Project Vega,cpu,2025-11-26,19.53125
mac-07,Project Vega,cpu,2025-11-27,19.380416666666665
mac-07,Project Vega,cpu,2025-11-28,18.78708333333333
mac-07,Project Vega,cpu,2025-11-29,20.306250000000002
mac-07,Project Vega,cpu,2025-11-30,19.41541666666667
mac-07,Project Vega,cpu,2025-12-01,17.82875
mac-07,Project Vega,cpu,2025-12-02,18.208333333333332
mac-07,Project Vega,cpu,2025-12-03,19.729583333333334
mac-07,Project Vega,cpu,2025-12-04,19.839583333333334
mac-07,Project Vega,cpu,2025-12-05,17.640833333333333
mac-07,Project Vega,cpu,2025-12-06,18.865416666666665
mac-07,Project Vega,cpu,2025-12-07,19.0675
mac-07,Project Vega,cpu,2025-12-08,20.010833333333334
mac-07,Project Vega,cpu,2025-12-09,18.48875
mac-07,Project Vega,cpu,2025-12-10,18.65041666666667
mac-07,Project Vega,cpu,2025-12-11,19.03125
mac-07,Project Vega,cpu,2025-12-12,21.833333333333332
mac-07,Project Vega,cpu,2025-12-13,19.614583333333332
mac-07,Project Vega,cpu,2025-12-14,21.00583333333333
mac-07,Project Vega,cpu,2025-12-15,19.03708333333333
mac-07,Project Vega,cpu,2025-12-16,19.384583333333335
mac-07,Project Vega,cpu,2025-12-17,19.089166666666667
mac-07,Project Vega,cpu,2025-12-18,19.093333333333334
mac-07,Project Vega,cpu,2025-12-19,21.052083333333332
mac-07,Project Vega,cpu,2025-12-20,20.91208333333333
mac-07,Project Vega,cpu,2025-12-21,19.01125
mac-07,Project Vega,cpu,2025-12-22,20.625833333333333
mac-07,Project Vega,cpu,2025-12-23,19.76625
mac-07,Project Vega,cpu,2025-12-24,20.254583333333333
mac-07,Project Vega,cpu,2025-12-25,19.780833333333334
mac-07,Project Vega,cpu,2025-12-26,19.65041666666667
mac-07,Project Vega,cpu,2025-12-27,20.50583333333333
mac-07,Project Vega,cpu,2025-12-28,20.170833333333334
mac-07,Project Vega,cpu,2025-12-29,19.26
mac-07,Project Vega,cpu,2025-12-30,19.140833333333333
mac-07,Project Vega,cpu,2025-12-31,18.884583333333335
mac-07,Project Vega,disk,2025-01-01,20.975416666666668
mac-07,Project Vega,disk,2025-01-02,21.502499999999998
mac-07,Project Vega,disk,2025-01-03,22.5825
mac-07,Project Vega,disk,2025-01-04,22.1425
mac-07,Project Vega,disk,2025-01-05,21.403333333333332
mac-07,Project Vega,disk,2025-01-06,22.1675
mac-07,Project Vega,disk,2025-01-07,21.428749999999997
mac-07,Project Vega,disk,2025-01-08,21.033333333333335
mac-07,Project Vega,disk,2025-01-09,21.895
mac-07,Project Vega,disk,2025-01-10,21.635416666666668
mac-07,Project Vega,disk,2025-01-11,20.746666666666666
mac-07,Project Vega,disk,2025-01-12,23.045
mac-07,Project Vega,disk,2025-01-13,20.527083333333334
mac-07,Project Vega,disk,2025-01-14,21.295416666666664
mac-07,Project Vega,disk,2025-01-15,22.857916666666668
mac-07,Project Vega,disk,2025-01-16,22.905
mac-07,Project Vega,disk,2025-01-17,23.040833333333335
mac-07,Project Vega,disk,2025-01-18,21.232916666666668
mac-07,Project Vega,disk,2025-01-19,20.552083333333332
mac-07,Project Vega,disk,2025-01-20,21.69666666666667
mac-07,Project Vega,disk,2025-01-21,22.392916666666665
mac-07,Project Vega,disk,2025-01-22,22.12125
mac-07,Project Vega,disk,2025-01-23,21.450416666666666
mac-07,Project Vega,disk,2025-01-24,21.354166666666668
mac-07,Project Vega,disk,2025-01-25,21.445833333333336
mac-07,Project Vega,disk,2025-01-26,23.205
mac-07,Project Vega,disk,2025-01-27,21.16
mac-07,Project Vega,disk,2025-01-28,20.823333333333334
mac-07,Project Vega,disk,2025-01-29,21.149583333333332
mac-07,Project Vega,disk,2025-01-30,22.275000000000002
mac-07,Project Vega,disk,2025-01-31,22.387916666666666
mac-07,Project Vega,disk,2025-02-01,21.98875
mac-07,Project Vega,disk,2025-02-02,21.339583333333334
mac-07,Project Vega,disk,2025-02-03,20.4925
mac-07,Project Vega,disk,2025-02-04,22.672916666666666
mac-07,Project Vega,disk,2025-02-05,21.4225
mac-07,Project Vega,disk,2025-02-06,20.977083333333333
mac-07,Project Vega,disk,2025-02-07,21.691666666666666
mac-07,Project Vega,disk,2025-02-08,21.2525
mac-07,Project Vega,disk,2025-02-09,21.885833333333334
mac-07,Project Vega,disk,2025-02-10,21.587083333333336
mac-07,Project Vega,disk,2025-02-11,22.142083333333332
mac-07,Project Vega,disk,2025-02-12,22.37708333333333
mac-07,Project Vega,disk,2025-02-13,21.685000000000002
mac-07,Project Vega,disk,2025-02-14,21.24833333333333
mac-07,Project Vega,disk,2025-02-15,22.249166666666667
mac-07,Project Vega,disk,2025-02-16,20.90458333333333
mac-07,Project Vega,disk,2025-02-17,22.167916666666667
mac-07,Project Vega,disk,2025-02-18,23.493750000000002
mac-07,Project Vega,disk,2025-02-19,21.90125
mac-07,Project Vega,disk,2025-02-20,20.12875
mac-07,Project Vega,disk,2025-02-21,21.075416666666666
mac-07,Project Vega,disk,2025-02-22,21.214583333333334
mac-07,Project Vega,disk,2025-02-23,21.669166666666666
mac-07,Project Vega,disk,2025-02-24,22.73875
mac-07,Project Vega,disk,2025-02-25,21.801666666666666
mac-07,Project Vega,disk,2025-02-26,22.792083333333334
mac-07,Project Vega,disk,2025-02-27,23.2025
mac-07,Project Vega,disk,2025-02-28,22.655416666666667
mac-07,Project Vega,disk,2025-03-01,21.069166666666668
mac-07,Project Vega,disk,2025-03-02,21.86583333333333
mac-07,Project Vega,disk,2025-03-03,21.138333333333332
mac-07,Project Vega,disk,2025-03-04,22.7175
mac-07,Project Vega,disk,2025-03-05,21.842916666666667
mac-07,Project Vega,disk,2025-03-06,21.53333333333333
mac-07,Project Vega,disk,2025-03-07,22.374166666666667
mac-07,Project Vega,disk,2025-03-08,21.312083333333334
mac-07,Project Vega,disk,2025-03-09,22.698333333333334
mac-07,Project Vega,disk,2025-03-10,21.54375
mac-07,Project Vega,disk,2025-03-11,23.31041666666667
mac-07,Project Vega,disk,2025-03-12,22.044583333333335
mac-07,Project Vega,disk,2025-03-13,21.618750000000002
mac-07,Project Vega,disk,2025-03-14,22.79375
mac-07,Project Vega,disk,2025-03-15,21.727500000000003
mac-07,Project Vega,disk,2025-03-16,22.444166666666664
mac-07,Project Vega,disk,2025-03-17,21.51375
mac-07,Project Vega,disk,2025-03-18,21.347916666666666
mac-07,Project Vega,disk,2025-03-19,21.76875
mac-07,Project Vega,disk,2025-03-20,20.23875
mac-07,Project Vega,disk,2025-03-21,22.34583333333333
mac-07,Project Vega,disk,2025-03-22,21.941666666666666
mac-07,Project Vega,disk,2025-03-23,21.8475
mac-07,Project Vega,disk,2025-03-24,21.209166666666665
mac-07,Project Vega,disk,2025-03-25,22.18958333333333
mac-07,Project Vega,disk,2025-03-26,22.209166666666665
mac-07,Project Vega,disk,2025-03-27,21.197083333333335
mac-07,Project Vega,disk,2025-03-28,22.51291666666667
mac-07,Project Vega,disk,2025-03-29,20.12666666666667
mac-07,Project Vega,disk,2025-03-30,21.395833333333332
mac-07,Project Vega,disk,2025-03-31,21.644166666666667
mac-07,Project Vega,disk,2025-04-01,21.670416666666668
mac-07,Project Vega,disk,2025-04-02,22.278333333333332
mac-07,Project Vega,disk,2025-04-03,21.442916666666665
mac-07,Project Vega,disk,2025-04-04,21.7
mac-07,Project Vega,disk,2025-04-05,23.11125
mac-07,Project Vega,disk,2025-04-06,21.325
mac-07,Project Vega,disk,2025-04-07,21.282083333333333
mac-07,Project Vega,disk,2025-04-08,23.040000000000003
mac-07,Project Vega,disk,2025-04-09,21.631249999999998
mac-07,Project Vega,disk,2025-04-10,21.703333333333333
mac-07,Project Vega,disk,2025-04-11,22.174583333333334
mac-07,Project Vega,disk,2025-04-12,21.39708333333333
mac-07,Project Vega,disk,2025-04-13,22.791666666666668
mac-07,Project Vega,disk,2025-04-14,21.437083333333334
mac-07,Project Vega,disk,2025-04-15,22.126666666666665
mac-07,Project Vega,disk,2025-04-16,21.14625
mac-07,Project Vega,disk,2025-04-17,23.00208333333333
mac-07,Project Vega,disk,2025-04-18,20.575833333333332
mac-07,Project Vega,disk,2025-04-19,22.258333333333336
mac-07,Project Vega,disk,2025-04-20,22.47875
mac-07,Project Vega,disk,2025-04-21,22.037916666666664
mac-07,Project Vega,disk,2025-04-22,19.773333333333333
mac-07,Project Vega,disk,2025-04-23,22.260416666666668
mac-07,Project Vega,disk,2025-04-24,21.985416666666666
mac-07,Project Vega,disk,2025-04-25,22.72083333333333
mac-07,Project Vega,disk,2025-04-26,21.57166666666667
mac-07,Project Vega,disk,2025-04-27,21.766666666666666
mac-07,Project Vega,disk,2025-04-28,21.4175
mac-07,Project Vega,disk,2025-04-29,20.952083333333334
mac-07,Project Vega,disk,2025-04-30,22.305833333333336
mac-07,Project Vega,disk,2025-05-01,22.369583333333335
mac-07,Project Vega,disk,2025-05-02,22.216250000000002
mac-07,Project Vega,disk,2025-05-03,21.074583333333333
mac-07,Project Vega,disk,2025-05-04,21.222083333333334
mac-07,Project Vega,disk,2025-05-05,21.852500000000003
mac-07,Project Vega,disk,2025-05-06,20.569583333333334
mac-07,Project Vega,disk,2025-05-07,20.782083333333333
mac-07,Project Vega,disk,2025-05-08,19.420833333333334
mac-07,Project Vega,disk,2025-05-09,21.94
mac-07,Project Vega,disk,2025-05-10,21.836250000000003
mac-07,Project Vega,disk,2025-05-11,21.013333333333332
mac-07,Project Vega,disk,2025-05-12,22.4075
mac-07,Project Vega,disk,2025-05-13,21.237916666666667
mac-07,Project Vega,disk,2025-05-14,21.08375
mac-07,Project Vega,disk,2025-05-15,20.652083333333334
mac-07,Project Vega,disk,2025-05-16,22.024583333333336
mac-07,Project Vega,disk,2025-05-17,21.607916666666668
mac-07,Project Vega,disk,2025-05-18,22.84958333333333
mac-07,Project Vega,disk,2025-05-19,21.182916666666667
mac-07,Project Vega,disk,2025-05-20,22.269166666666667
mac-07,Project Vega,disk,2025-05-21,21.258750000000003
mac-07,Project Vega,disk,2025-05-22,20.881666666666668
mac-07,Project Vega,disk,2025-05-23,20.5625
mac-07,Project Vega,disk,2025-05-24,22.54041666666667
mac-07,Project Vega,disk,2025-05-25,22.086250000000003
mac-07,Project Vega,disk,2025-05-26,22.284583333333334
mac-07,Project Vega,disk,2025-05-27,22.266666666666666
mac-07,Project Vega,disk,2025-05-28,23.072916666666668
mac-07,Project Vega,disk,2025-05-29,22.22875
mac-07,Project Vega,disk,2025-05-30,22.806250000000002
mac-07,Project Vega,disk,2025-05-31,23.0725
mac-07,Project Vega,disk,2025-06-01,22.070833333333336
mac-07,Project Vega,disk,2025-06-02,22.425416666666667
mac-07,Project Vega,disk,2025-06-03,21.771666666666665
mac-07,Project Vega,disk,2025-06-04,22.274583333333336
mac-07,Project Vega,disk,2025-06-05,22.169166666666666
mac-07,Project Vega,disk,2025-06-06,20.755
mac-07,Project Vega,disk,2025-06-07,20.97791666666667
mac-07,Project Vega,disk,2025-06-08,21.637083333333333
mac-07,Project Vega,disk,2025-06-09,21.48375
mac-07,Project Vega,disk,2025-06-10,18.90375
mac-07,Project Vega,disk,2025-06-11,21.7075
mac-07,Project Vega,disk,2025-06-12,21.679999999999996
mac-07,Project Vega,disk,2025-06-13,22.4325
mac-07,Project Vega,disk,2025-06-14,22.389166666666668
mac-07,Project Vega,disk,2025-06-15,21.627499999999998
mac-07,Project Vega,disk,2025-06-16,22.133333333333336
mac-07,Project Vega,disk,2025-06-17,21.185
mac-07,Project Vega,disk,2025-06-18,21.972916666666666
mac-07,Project Vega,disk,2025-06-19,21.342916666666667
mac-07,Project Vega,disk,2025-06-20,21.539583333333336
mac-07,Project Vega,disk,2025-06-21,21.19125
mac-07,Project Vega,disk,2025-06-22,22.910416666666666
mac-07,Project Vega,disk,2025-06-23,21.843333333333334
mac-07,Project Vega,disk,2025-06-24,22.875833333333333
mac-07,Project Vega,disk,2025-06-25,21.31083333333333
mac-07,Project Vega,disk,2025-06-26,21.410416666666666
mac-07,Project Vega,disk,2025-06-27,23.76875
mac-07,Project Vega,disk,2025-06-28,21.885
mac-07,Project Vega,disk,2025-06-29,21.069166666666668
mac-07,Project Vega,disk,2025-06-30,22.325
mac-07,Project Vega,disk,2025-07-01,21.459166666666665
mac-07,Project Vega,disk,2025-07-02,21.7625
mac-07,Project Vega,disk,2025-07-03,20.530833333333334
mac-07,Project Vega,disk,2025-07-04,22.33875
mac-07,Project Vega,disk,2025-07-05,22.252916666666668
mac-07,Project Vega,disk,2025-07-06,21.337083333333336
mac-07,Project Vega,disk,2025-07-07,21.237916666666667
mac-07,Project Vega,disk,2025-07-08,19.962083333333336
mac-07,Project Vega,disk,2025-07-09,21.383750000000003
mac-07,Project Vega,disk,2025-07-10,20.95375
mac-07,Project Vega,disk,2025-07-11,22.384583333333335
mac-07,Project Vega,disk,2025-07-12,21.61583333333333
mac-07,Project Vega,disk,2025-07-13,22.035
mac-07,Project Vega,disk,2025-07-14,21.386666666666667
mac-07,Project Vega,disk,2025-07-15,20.224999999999998
mac-07,Project Vega,disk,2025-07-16,20.85875
mac-07,Project Vega,disk,2025-07-17,21.884583333333335
mac-07,Project Vega,disk,2025-07-18,23.64916666666667
mac-07,Project Vega,disk,2025-07-19,21.230416666666667
mac-07,Project Vega,disk,2025-07-20,22.249583333333334
mac-07,Project Vega,disk,2025-07-21,20.66
mac-07,Project Vega,disk,2025-07-22,21.37
mac-07,Project Vega,disk,2025-07-23,21.083333333333332
mac-07,Project Vega,disk,2025-07-24,21.98125
mac-07,Project Vega,disk,2025-07-25,22.065416666666664
mac-07,Project Vega,disk,2025-07-26,22.019583333333333
mac-07,Project Vega,disk,2025-07-27,22.413749999999997
mac-07,Project Vega,disk,2025-07-28,20.807916666666667
mac-07,Project Vega,disk,2025-07-29,22.100416666666664
mac-07,Project Vega,disk,2025-07-30,21.37625
mac-07,Project Vega,disk,2025-07-31,22.487083333333334
mac-07,Project Vega,disk,2025-08-01,22.312083333333334
mac-07,Project Vega,disk,2025-08-02,21.00583333333333
mac-07,Project Vega,disk,2025-08-03,21.390833333333333
mac-07,Project Vega,disk,2025-08-04,22.315833333333334
mac-07,Project Vega,disk,2025-08-05,21.847916666666666
mac-07,Project Vega,disk,2025-08-06,21.874166666666667
mac-07,Project Vega,disk,2025-08-07,21.044999999999998
mac-07,Project Vega,disk,2025-08-08,20.618333333333336
mac-07,Project Vega,disk,2025-08-09,21.142916666666668
mac-07,Project Vega,disk,2025-08-10,21.8125
mac-07,Project Vega,disk,2025-08-11,21.4025
mac-07,Project Vega,disk,2025-08-12,21.45875
mac-07,Project Vega,disk,2025-08-13,23.517083333333332
mac-07,Project Vega,disk,2025-08-14,22.226249999999997
mac-07,Project Vega,disk,2025-08-15,21.756666666666664
mac-07,Project Vega,disk,2025-08-16,22.846666666666668
mac-07,Project Vega,disk,2025-08-17,21.991249999999997
mac-07,Project Vega,disk,2025-08-18,21.93375
mac-07,Project Vega,disk,2025-08-19,21.7
mac-07,Project Vega,disk,2025-08-20,21.0675
mac-07,Project Vega,disk,2025-08-21,21.677083333333332
mac-07,Project Vega,disk,2025-08-22,22.66875
mac-07,Project Vega,disk,2025-08-23,21.332083333333333
mac-07,Project Vega,disk,2025-08-24,20.837500000000002
mac-07,Project Vega,disk,2025-08-25,22.232083333333335
mac-07,Project Vega,disk,2025-08-26,22.468333333333334
mac-07,Project Vega,disk,2025-08-27,21.995
mac-07,Project Vega,disk,2025-08-28,21.081666666666667
mac-07,Project Vega,disk,2025-08-29,21.73625
mac-07,Project Vega,disk,2025-08-30,22.837083333333336
mac-07,Project Vega,disk,2025-08-31,21.442083333333333
mac-07,Project Vega,disk,2025-09-01,22.13625
mac-07,Project Vega,disk,2025-09-02,20.472916666666666
mac-07,Project Vega,disk,2025-09-03,22.25916666666667
mac-07,Project Vega,disk,2025-09-04,23.3025
mac-07,Project Vega,disk,2025-09-05,22.213333333333335
mac-07,Project Vega,disk,2025-09-06,20.365416666666665
mac-07,Project Vega,disk,2025-09-07,20.524583333333332
mac-07,Project Vega,disk,2025-09-08,21.7775
mac-07,Project Vega,disk,2025-09-09,22.585416666666664
mac-07,Project Vega,disk,2025-09-10,20.517916666666668
mac-07,Project Vega,disk,2025-09-11,20.63375
mac-07,Project Vega,disk,2025-09-12,21.982083333333335
mac-07,Project Vega,disk,2025-09-13,20.981666666666666
mac-07,Project Vega,disk,2025-09-14,21.8225
mac-07,Project Vega,disk,2025-09-15,21.076249999999998
mac-07,Project Vega,disk,2025-09-16,22.034166666666664
mac-07,Project Vega,disk,2025-09-17,20.719166666666666
mac-07,Project Vega,disk,2025-09-18,21.531666666666666
mac-07,Project Vega,disk,2025-09-19,22.580833333333334
mac-07,Project Vega,disk,2025-09-20,23.46875
mac-07,Project Vega,disk,2025-09-21,21.612916666666667
mac-07,Project Vega,disk,2025-09-22,22.239166666666666
mac-07,Project Vega,disk,2025-09-23,20.7025
mac-07,Project Vega,disk,2025-09-24,22.38
mac-07,Project Vega,disk,2025-09-25,21.525000000000002
mac-07,Project Vega,disk,2025-09-26,22.107083333333335
mac-07,Project Vega,disk,2025-09-27,21.487916666666667
mac-07,Project Vega,disk,2025-09-28,19.516666666666666
mac-07,Project Vega,disk,2025-09-29,21.589166666666667
mac-07,Project Vega,disk,2025-09-30,20.850833333333334
mac-07,Project Vega,disk,2025-10-01,22.986666666666665
mac-07,Project Vega,disk,2025-10-02,22.094583333333333
mac-07,Project Vega,disk,2025-10-03,21.203333333333333
mac-07,Project Vega,disk,2025-10-04,21.714583333333334
mac-07,Project Vega,disk,2025-10-05,20.944583333333334
mac-07,Project Vega,disk,2025-10-06,21.014583333333334
mac-07,Project Vega,disk,2025-10-07,22.308333333333334
mac-07,Project Vega,disk,2025-10-08,21.742500000000003
mac-07,Project Vega,disk,2025-10-09,21.25583333333333
mac-07,Project Vega,disk,2025-10-10,23.09
mac-07,Project Vega,disk,2025-10-11,21.860416666666666
mac-07,Project Vega,disk,2025-10-12,23.674166666666665
mac-07,Project Vega,disk,2025-10-13,21.490416666666665
mac-07,Project Vega,disk,2025-10-14,21.09125
mac-07,Project Vega,disk,2025-10-15,20.539583333333333
mac-07,Project Vega,disk,2025-10-16,21.21708333333333
mac-07,Project Vega,disk,2025-10-17,21.319166666666668
mac-07,Project Vega,disk,2025-10-18,21.335416666666664
mac-07,Project Vega,disk,2025-10-19,23.599166666666665
mac-07,Project Vega,disk,2025-10-20,20.502916666666668
mac-07,Project Vega,disk,2025-10-21,21.31833333333333
mac-07,Project Vega,disk,2025-10-22,20.39375
mac-07,Project Vega,disk,2025-10-23,20.41
mac-07,Project Vega,disk,2025-10-24,20.237916666666667
mac-07,Project Vega,disk,2025-10-25,22.07625
mac-07,Project Vega,disk,2025-10-26,20.155416666666667
mac-07,Project Vega,disk,2025-10-27,22.081666666666667
mac-07,Project Vega,disk,2025-10-28,21.015833333333333
mac-07,Project Vega,disk,2025-10-29,21.15458333333333
mac-07,Project Vega,disk,2025-10-30,21.452083333333334
mac-07,Project Vega,disk,2025-10-31,21.072916666666668
mac-07,Project Vega,disk,2025-11-01,22.064166666666665
mac-07,Project Vega,disk,2025-11-02,19.667083333333334
mac-07,Project Vega,disk,2025-11-03,20.82375
mac-07,Project Vega,disk,2025-11-04,19.607083333333332
mac-07,Project Vega,disk,2025-11-05,22.484583333333333
mac-07,Project Vega,disk,2025-11-06,22.24625
mac-07,Project Vega,disk,2025-11-07,20.315416666666668
mac-07,Project Vega,disk,2025-11-08,22.00791666666667
mac-07,Project Vega,disk,2025-11-09,21.67833333333333
mac-07,Project Vega,disk,2025-11-10,22.673333333333332
mac-07,Project Vega,disk,2025-11-11,20.80333333333333
mac-07,Project Vega,disk,2025-11-12,23.228333333333335
mac-07,Project Vega,disk,2025-11-13,22.56625
mac-07,Project Vega,disk,2025-11-14,21.53708333333333
mac-07,Project Vega,disk,2025-11-15,21.07875
mac-07,Project Vega,disk,2025-11-16,21.19
mac-07,Project Vega,disk,2025-11-17,22.285833333333333
mac-07,Project Vega,disk,2025-11-18,21.22458333333333
mac-07,Project Vega,disk,2025-11-19,21.67625
mac-07,Project Vega,disk,2025-11-20,20.90375
mac-07,Project Vega,disk,2025-11-21,21.58125
mac-07,Project Vega,disk,2025-11-22,20.949166666666667
mac-07,Project Vega,disk,2025-11-23,22.649583333333336
mac-07,Project Vega,disk,2025-11-24,21.993750000000002
mac-07,Project Vega,disk,2025-11-25,21.568749999999998
mac-07,Project Vega,disk,2025-11-26,21.1675
mac-07,Project Vega,disk,2025-11-27,21.68958333333333
mac-07,Project Vega,disk,2025-11-28,20.324166666666667
mac-07,Project Vega,disk,2025-11-29,22.695833333333336
mac-07,Project Vega,disk,2025-11-30,22.00375
mac-07,Project Vega,disk,2025-12-01,22.291666666666668
mac-07,Project Vega,disk,2025-12-02,22.4525
mac-07,Project Vega,disk,2025-12-03,21.575416666666666
mac-07,Project Vega,disk,2025-12-04,23.39708333333333
mac-07,Project Vega,disk,2025-12-05,20.81416666666667
mac-07,Project Vega,disk,2025-12-06,20.635833333333334
mac-07,Project Vega,disk,2025-12-07,20.99083333333333
mac-07,Project Vega,disk,2025-12-08,22.747083333333332
mac-07,Project Vega,disk,2025-12-09,22.035
mac-07,Project Vega,disk,2025-12-10,21.115833333333335
mac-07,Project Vega,disk,2025-12-11,21.55
mac-07,Project Vega,disk,2025-12-12,20.4075
mac-07,Project Vega,disk,2025-12-13,21.796666666666667
mac-07,Project Vega,disk,2025-12-14,22.644166666666667
mac-07,Project Vega,disk,2025-12-15,22.127916666666668
mac-07,Project Vega,disk,2025-12-16,21.31375
mac-07,Project Vega,disk,2025-12-17,20.835416666666667
mac-07,Project Vega,disk,2025-12-18,20.493750000000002
mac-07,Project Vega,disk,2025-12-19,21.534583333333334
mac-07,Project Vega,disk,2025-12-20,21.3225
mac-07,Project Vega,disk,2025-12-21,20.749166666666667
mac-07,Project Vega,disk,2025-12-22,21.924166666666668
mac-07,Project Vega,disk,2025-12-23,21.561666666666667
mac-07,Project Vega,disk,2025-12-24,21.155416666666667
mac-07,Project Vega,disk,2025-12-25,22.205416666666665
mac-07,Project Vega,disk,2025-12-26,20.752083333333335
mac-07,Project Vega,disk,2025-12-27,21.276666666666667
mac-07,Project Vega,disk,2025-12-28,20.365
mac-07,Project Vega,disk,2025-12-29,21.391666666666666
mac-07,Project Vega,disk,2025-12-30,22.242500000000003
mac-07,Project Vega,disk,2025-12-31,22.246666666666666
mac-07,Project Vega,ram,2025-01-01,17.19
mac-07,Project Vega,ram,2025-01-02,18.062916666666666
mac-07,Project Vega,ram,2025-01-03,17.385
mac-07,Project Vega,ram,2025-01-04,16.867916666666666
mac-07,Project Vega,ram,2025-01-05,17.88
mac-07,Project Vega,ram,2025-01-06,16.3175
mac-07,Project Vega,ram,2025-01-07,17.6875
mac-07,Project Vega,ram,2025-01-08,18.778333333333332
mac-07,Project Vega,ram,2025-01-09,16.815833333333334
mac-07,Project Vega,ram,2025-01-10,17.635416666666668
mac-07,Project Vega,ram,2025-01-11,16.537499999999998
mac-07,Project Vega,ram,2025-01-12,18.452083333333334
mac-07,Project Vega,ram,2025-01-13,18.375416666666666
mac-07,Project Vega,ram,2025-01-14,16.932916666666667
mac-07,Project Vega,ram,2025-01-15,16.503333333333334
mac-07,Project Vega,ram,2025-01-16,15.865416666666667
mac-07,Project Vega,ram,2025-01-17,18.272916666666667
mac-07,Project Vega,ram,2025-01-18,16.95375
mac-07,Project Vega,ram,2025-01-19,18.811666666666667
mac-07,Project Vega,ram,2025-01-20,18.35625
mac-07,Project Vega,ram,2025-01-21,18.602083333333333
mac-07,Project Vega,ram,2025-01-22,18.697916666666668
mac-07,Project Vega,ram,2025-01-23,18.044583333333332
mac-07,Project Vega,ram,2025-01-24,17.455833333333334
mac-07,Project Vega,ram,2025-01-25,18.080833333333334
mac-07,Project Vega,ram,2025-01-26,17.958333333333332
mac-07,Project Vega,ram,2025-01-27,17.627083333333335
mac-07,Project Vega,ram,2025-01-28,17.4225
mac-07,Project Vega,ram,2025-01-29,17.245833333333334
mac-07,Project Vega,ram,2025-01-30,17.52125
mac-07,Project Vega,ram,2025-01-31,19.1925
mac-07,Project Vega,ram,2025-02-01,17.562916666666666
mac-07,Project Vega,ram,2025-02-02,17.312916666666666
mac-07,Project Vega,ram,2025-02-03,15.8775
mac-07,Project Vega,ram,2025-02-04,16.976666666666667
mac-07,Project Vega,ram,2025-02-05,15.894166666666665
mac-07,Project Vega,ram,2025-02-06,17.704583333333336
mac-07,Project Vega,ram,2025-02-07,17.173750000000002
mac-07,Project Vega,ram,2025-02-08,16.58375
mac-07,Project Vega,ram,2025-02-09,16.747083333333332
mac-07,Project Vega,ram,2025-02-10,16.111666666666668
mac-07,Project Vega,ram,2025-02-11,16.827916666666667
mac-07,Project Vega,ram,2025-02-12,18.495
mac-07,Project Vega,ram,2025-02-13,18.194583333333334
mac-07,Project Vega,ram,2025-02-14,18.633333333333333
mac-07,Project Vega,ram,2025-02-15,18.59625
mac-07,Project Vega,ram,2025-02-16,18.83375
mac-07,Project Vega,ram,2025-02-17,18.991666666666667
mac-07,Project Vega,ram,2025-02-18,17.781666666666666
mac-07,Project Vega,ram,2025-02-19,16.55375
mac-07,Project Vega,ram,2025-02-20,18.71875
mac-07,Project Vega,ram,2025-02-21,17.394583333333333
mac-07,Project Vega,ram,2025-02-22,17.478333333333335
mac-07,Project Vega,ram,2025-02-23,17.80333333333333
mac-07,Project Vega,ram,2025-02-24,16.88
mac-07,Project Vega,ram,2025-02-25,17.512916666666666
mac-07,Project Vega,ram,2025-02-26,17.43
mac-07,Project Vega,ram,2025-02-27,15.871250000000002
mac-07,Project Vega,ram,2025-02-28,18.195416666666667
mac-07,Project Vega,ram,2025-03-01,17.209583333333335
mac-07,Project Vega,ram,2025-03-02,17.5925
mac-07,Project Vega,ram,2025-03-03,18.010416666666668
mac-07,Project Vega,ram,2025-03-04,15.73375
mac-07,Project Vega,ram,2025-03-05,18.309583333333332
mac-07,Project Vega,ram,2025-03-06,17.41125
mac-07,Project Vega,ram,2025-03-07,17.29625
mac-07,Project Vega,ram,2025-03-08,17.589583333333334
mac-07,Project Vega,ram,2025-03-09,16.605
mac-07,Project Vega,ram,2025-03-10,17.6825
mac-07,Project Vega,ram,2025-03-11,17.137916666666666
mac-07,Project Vega,ram,2025-03-12,17.5575
mac-07,Project Vega,ram,2025-03-13,16.815
mac-07,Project Vega,ram,2025-03-14,19.333333333333332
mac-07,Project Vega,ram,2025-03-15,17.3225
mac-07,Project Vega,ram,2025-03-16,17.1725
mac-07,Project Vega,ram,2025-03-17,17.791666666666668
mac-07,Project Vega,ram,2025-03-18,18.005416666666665
mac-07,Project Vega,ram,2025-03-19,17.622916666666665
mac-07,Project Vega,ram,2025-03-20,17.536666666666665
mac-07,Project Vega,ram,2025-03-21,18.002083333333335
mac-07,Project Vega,ram,2025-03-22,15.770833333333334
mac-07,Project Vega,ram,2025-03-23,19.227083333333333
mac-07,Project Vega,ram,2025-03-24,17.52375
mac-07,Project Vega,ram,2025-03-25,18.36916666666667
mac-07,Project Vega,ram,2025-03-26,17.424583333333334
mac-07,Project Vega,ram,2025-03-27,16.383333333333333
mac-07,Project Vega,ram,2025-03-28,18.46125
mac-07,Project Vega,ram,2025-03-29,17.011666666666667
mac-07,Project Vega,ram,2025-03-30,17.104583333333334
mac-07,Project Vega,ram,2025-03-31,17.681250000000002
mac-07,Project Vega,ram,2025-04-01,17.700833333333332
mac-07,Project Vega,ram,2025-04-02,17.8525
mac-07,Project Vega,ram,2025-04-03,17.785833333333333
mac-07,Project Vega,ram,2025-04-04,17.060416666666665
mac-07,Project Vega,ram,2025-04-05,17.935
mac-07,Project Vega,ram,2025-04-06,16.144583333333333
mac-07,Project Vega,ram,2025-04-07,17.58875
mac-07,Project Vega,ram,2025-04-08,17.72458333333333
mac-07,Project Vega,ram,2025-04-09,17.468333333333334
mac-07,Project Vega,ram,2025-04-10,18.047083333333333
mac-07,Project Vega,ram,2025-04-11,17.51666666666667
mac-07,Project Vega,ram,2025-04-12,17.02
mac-07,Project Vega,ram,2025-04-13,19.338333333333335
mac-07,Project Vega,ram,2025-04-14,17.260833333333334
mac-07,Project Vega,ram,2025-04-15,18.014166666666664
mac-07,Project Vega,ram,2025-04-16,19.085833333333333
mac-07,Project Vega,ram,2025-04-17,17.728333333333335
mac-07,Project Vega,ram,2025-04-18,17.53875
mac-07,Project Vega,ram,2025-04-19,17.561666666666667
mac-07,Project Vega,ram,2025-04-20,18.8375
mac-07,Project Vega,ram,2025-04-21,16.763749999999998
mac-07,Project Vega,ram,2025-04-22,17.520833333333332
mac-07,Project Vega,ram,2025-04-23,18.260833333333334
mac-07,Project Vega,ram,2025-04-24,17.852083333333333
mac-07,Project Vega,ram,2025-04-25,18.135833333333334
mac-07,Project Vega,ram,2025-04-26,16.620416666666667
mac-07,Project Vega,ram,2025-04-27,16.15375
mac-07,Project Vega,ram,2025-04-28,17.364583333333332
mac-07,Project Vega,ram,2025-04-29,18.076249999999998
mac-07,Project Vega,ram,2025-04-30,18.15125
mac-07,Project Vega,ram,2025-05-01,16.768333333333334
mac-07,Project Vega,ram,2025-05-02,17.064583333333335
mac-07,Project Vega,ram,2025-05-03,16.61583333333333
mac-07,Project Vega,ram,2025-05-04,16.926666666666666
mac-07,Project Vega,ram,2025-05-05,16.65625
mac-07,Project Vega,ram,2025-05-06,17.177916666666665
mac-07,Project Vega,ram,2025-05-07,16.77
mac-07,Project Vega,ram,2025-05-08,17.538333333333334
mac-07,Project Vega,ram,2025-05-09,17.66875
mac-07,Project Vega,ram,2025-05-10,17.926666666666666
mac-07,Project Vega,ram,2025-05-11,19.419166666666666
mac-07,Project Vega,ram,2025-05-12,17.334166666666665
mac-07,Project Vega,ram,2025-05-13,18.424583333333334
mac-07,Project Vega,ram,2025-05-14,19.250416666666666
mac-07,Project Vega,ram,2025-05-15,17.459166666666665
mac-07,Project Vega,ram,2025-05-16,16.203333333333333
mac-07,Project Vega,ram,2025-05-17,17.82
mac-07,Project Vega,ram,2025-05-18,19.289166666666667
mac-07,Project Vega,ram,2025-05-19,18.73
mac-07,Project Vega,ram,2025-05-20,17.33375
mac-07,Project Vega,ram,2025-05-21,18.95625
mac-07,Project Vega,ram,2025-05-22,16.387916666666666
mac-07,Project Vega,ram,2025-05-23,18.481666666666666
mac-07,Project Vega,ram,2025-05-24,18.22875
mac-07,Project Vega,ram,2025-05-25,18.77375
mac-07,Project Vega,ram,2025-05-26,18.137916666666666
mac-07,Project Vega,ram,2025-05-27,18.172083333333333
mac-07,Project Vega,ram,2025-05-28,17.730416666666667
mac-07,Project Vega,ram,2025-05-29,18.832916666666666
mac-07,Project Vega,ram,2025-05-30,17.394166666666667
mac-07,Project Vega,ram,2025-05-31,17.89
mac-07,Project Vega,ram,2025-06-01,18.609583333333333
mac-07,Project Vega,ram,2025-06-02,18.111666666666668
mac-07,Project Vega,ram,2025-06-03,17.34625
mac-07,Project Vega,ram,2025-06-04,18.45
mac-07,Project Vega,ram,2025-06-05,17.872916666666665
mac-07,Project Vega,ram,2025-06-06,17.325416666666666
mac-07,Project Vega,ram,2025-06-07,18.922083333333333
mac-07,Project Vega,ram,2025-06-08,16.4475
mac-07,Project Vega,ram,2025-06-09,18.085416666666667
mac-07,Project Vega,ram,2025-06-10,17.672916666666666
mac-07,Project Vega,ram,2025-06-11,18.531666666666666
mac-07,Project Vega,ram,2025-06-12,17.7425
mac-07,Project Vega,ram,2025-06-13,18.086666666666666
mac-07,Project Vega,ram,2025-06-14,17.39916666666667
mac-07,Project Vega,ram,2025-06-15,17.86916666666667
mac-07,Project Vega,ram,2025-06-16,17.383333333333333
mac-07,Project Vega,ram,2025-06-17,16.48375
mac-07,Project Vega,ram,2025-06-18,17.672083333333333
mac-07,Project Vega,ram,2025-06-19,17.5
mac-07,Project Vega,ram,2025-06-20,17.920833333333334
mac-07,Project Vega,ram,2025-06-21,17.457916666666666
mac-07,Project Vega,ram,2025-06-22,17.743750000000002
mac-07,Project Vega,ram,2025-06-23,18.56
mac-07,Project Vega,ram,2025-06-24,18.637916666666666
mac-07,Project Vega,ram,2025-06-25,18.900000000000002
mac-07,Project Vega,ram,2025-06-26,16.445
mac-07,Project Vega,ram,2025-06-27,17.785833333333333
mac-07,Project Vega,ram,2025-06-28,16.8625
mac-07,Project Vega,ram,2025-06-29,18.39375
mac-07,Project Vega,ram,2025-06-30,18.517916666666668
mac-07,Project Vega,ram,2025-07-01,17.531666666666666
mac-07,Project Vega,ram,2025-07-02,16.97375
mac-07,Project Vega,ram,2025-07-03,17.370416666666667
mac-07,Project Vega,ram,2025-07-04,16.453333333333333
mac-07,Project Vega,ram,2025-07-05,17.270416666666666
mac-07,Project Vega,ram,2025-07-06,17.968333333333334
mac-07,Project Vega,ram,2025-07-07,17.313333333333333
mac-07,Project Vega,ram,2025-07-08,16.969166666666666
mac-07,Project Vega,ram,2025-07-09,16.076249999999998
mac-07,Project Vega,ram,2025-07-10,18.175
mac-07,Project Vega,ram,2025-07-11,17.246666666666666
mac-07,Project Vega,ram,2025-07-12,17.65125
mac-07,Project Vega,ram,2025-07-13,18.374166666666667
mac-07,Project Vega,ram,2025-07-14,16.827916666666667
mac-07,Project Vega,ram,2025-07-15,18.950416666666666
mac-07,Project Vega,ram,2025-07-16,18.734583333333333
mac-07,Project Vega,ram,2025-07-17,18.098333333333333
mac-07,Project Vega,ram,2025-07-18,18.807916666666667
mac-07,Project Vega,ram,2025-07-19,18.780416666666667
mac-07,Project Vega,ram,2025-07-20,16.881249999999998
mac-07,Project Vega,ram,2025-07-21,19.08125
mac-07,Project Vega,ram,2025-07-22,17.200416666666666
mac-07,Project Vega,ram,2025-07-23,17.289166666666667
mac-07,Project Vega,ram,2025-07-24,18.207916666666666
mac-07,Project Vega,ram,2025-07-25,19.285416666666666
mac-07,Project Vega,ram,2025-07-26,17.27
mac-07,Project Vega,ram,2025-07-27,17.62375
mac-07,Project Vega,ram,2025-07-28,17.156666666666666
mac-07,Project Vega,ram,2025-07-29,17.332916666666666
mac-07,Project Vega,ram,2025-07-30,18.365
mac-07,Project Vega,ram,2025-07-31,18.265416666666667
mac-07,Project Vega,ram,2025-08-01,18.40625
mac-07,Project Vega,ram,2025-08-02,18.655833333333334
mac-07,Project Vega,ram,2025-08-03,19.616666666666667
mac-07,Project Vega,ram,2025-08-04,16.367916666666666
mac-07,Project Vega,ram,2025-08-05,17.799583333333334
mac-07,Project Vega,ram,2025-08-06,18.94
mac-07,Project Vega,ram,2025-08-07,16.65791666666667
mac-07,Project Vega,ram,2025-08-08,18.09125
mac-07,Project Vega,ram,2025-08-09,15.61
mac-07,Project Vega,ram,2025-08-10,16.07875
mac-07,Project Vega,ram,2025-08-11,19.652083333333334
mac-07,Project Vega,ram,2025-08-12,16.25125
mac-07,Project Vega,ram,2025-08-13,17.801666666666666
mac-07,Project Vega,ram,2025-08-14,19.047083333333333
mac-07,Project Vega,ram,2025-08-15,16.795833333333334
mac-07,Project Vega,ram,2025-08-16,18.41875
mac-07,Project Vega,ram,2025-08-17,16.825416666666666
mac-07,Project Vega,ram,2025-08-18,17.078333333333333
mac-07,Project Vega,ram,2025-08-19,16.351666666666667
mac-07,Project Vega,ram,2025-08-20,17.785833333333333
mac-07,Project Vega,ram,2025-08-21,17.984166666666667
mac-07,Project Vega,ram,2025-08-22,17.97625
mac-07,Project Vega,ram,2025-08-23,17.497083333333332
mac-07,Project Vega,ram,2025-08-24,18.53375
mac-07,Project Vega,ram,2025-08-25,15.862499999999999
mac-07,Project Vega,ram,2025-08-26,17.642500000000002
mac-07,Project Vega,ram,2025-08-27,18.434583333333332
mac-07,Project Vega,ram,2025-08-28,17.5475
mac-07,Project Vega,ram,2025-08-29,18.40625
mac-07,Project Vega,ram,2025-08-30,16.97875
mac-07,Project Vega,ram,2025-08-31,16.9325
mac-07,Project Vega,ram,2025-09-01,18.4525
mac-07,Project Vega,ram,2025-09-02,17.34625
mac-07,Project Vega,ram,2025-09-03,18.179166666666667
mac-07,Project Vega,ram,2025-09-04,18.094166666666666
mac-07,Project Vega,ram,2025-09-05,20.062083333333334
mac-07,Project Vega,ram,2025-09-06,16.338333333333335
mac-07,Project Vega,ram,2025-09-07,18.440416666666668
mac-07,Project Vega,ram,2025-09-08,18.095833333333335
mac-07,Project Vega,ram,2025-09-09,19.140416666666667
mac-07,Project Vega,ram,2025-09-10,16.885833333333334
mac-07,Project Vega,ram,2025-09-11,16.250416666666666
mac-07,Project Vega,ram,2025-09-12,17.215416666666666
mac-07,Project Vega,ram,2025-09-13,17.099166666666665
mac-07,Project Vega,ram,2025-09-14,16.1375
mac-07,Project Vega,ram,2025-09-15,17.377916666666668
mac-07,Project Vega,ram,2025-09-16,16.415
mac-07,Project Vega,ram,2025-09-17,17.22375
mac-07,Project Vega,ram,2025-09-18,17.69625
mac-07,Project Vega,ram,2025-09-19,17.107499999999998
mac-07,Project Vega,ram,2025-09-20,17.409166666666668
mac-07,Project Vega,ram,2025-09-21,16.66625
mac-07,Project Vega,ram,2025-09-22,17.42125
mac-07,Project Vega,ram,2025-09-23,19.294166666666666
mac-07,Project Vega,ram,2025-09-24,17.461666666666666
mac-07,Project Vega,ram,2025-09-25,17.02208333333333
mac-07,Project Vega,ram,2025-09-26,19.487916666666667
mac-07,Project Vega,ram,2025-09-27,17.177083333333332
mac-07,Project Vega,ram,2025-09-28,17.964583333333334
mac-07,Project Vega,ram,2025-09-29,17.89375
mac-07,Project Vega,ram,2025-09-30,17.225
mac-07,Project Vega,ram,2025-10-01,19.2975
mac-07,Project Vega,ram,2025-10-02,17.81833333333333
mac-07,Project Vega,ram,2025-10-03,19.453333333333333
mac-07,Project Vega,ram,2025-10-04,17.875
mac-07,Project Vega,ram,2025-10-05,15.799583333333333
mac-07,Project Vega,ram,2025-10-06,16.760416666666668
mac-07,Project Vega,ram,2025-10-07,17.43
mac-07,Project Vega,ram,2025-10-08,19.067083333333333
mac-07,Project Vega,ram,2025-10-09,18.327916666666667
mac-07,Project Vega,ram,2025-10-10,17.776666666666667
mac-07,Project Vega,ram,2025-10-11,17.710833333333333
mac-07,Project Vega,ram,2025-10-12,18.148333333333333
mac-07,Project Vega,ram,2025-10-13,18.134166666666665
mac-07,Project Vega,ram,2025-10-14,19.5125
mac-07,Project Vega,ram,2025-10-15,18.28125
mac-07,Project Vega,ram,2025-10-16,17.923333333333336
mac-07,Project Vega,ram,2025-10-17,16.799166666666668
mac-07,Project Vega,ram,2025-10-18,17.68625
mac-07,Project Vega,ram,2025-10-19,17.775833333333335
mac-07,Project Vega,ram,2025-10-20,17.522916666666667
mac-07,Project Vega,ram,2025-10-21,16.84625
mac-07,Project Vega,ram,2025-10-22,16.975416666666668
mac-07,Project Vega,ram,2025-10-23,17.0625
mac-07,Project Vega,ram,2025-10-24,16.452916666666667
mac-07,Project Vega,ram,2025-10-25,17.04375
mac-07,Project Vega,ram,2025-10-26,17.027916666666666
mac-07,Project Vega,ram,2025-10-27,17.807083333333335
mac-07,Project Vega,ram,2025-10-28,17.75583333333333
mac-07,Project Vega,ram,2025-10-29,18.127083333333335
mac-07,Project Vega,ram,2025-10-30,18.562916666666666
mac-07,Project Vega,ram,2025-10-31,17.11916666666667
mac-07,Project Vega,ram,2025-11-01,15.866666666666667
mac-07,Project Vega,ram,2025-11-02,17.235416666666666
mac-07,Project Vega,ram,2025-11-03,18.125833333333333
mac-07,Project Vega,ram,2025-11-04,16.62
mac-07,Project Vega,ram,2025-11-05,18.6675
mac-07,Project Vega,ram,2025-11-06,16.363333333333333
mac-07,Project Vega,ram,2025-11-07,17.282083333333333
mac-07,Project Vega,ram,2025-11-08,17.819166666666668
mac-07,Project Vega,ram,2025-11-09,17.94333333333333
mac-07,Project Vega,ram,2025-11-10,18.43166666666667
mac-07,Project Vega,ram,2025-11-11,17.74
mac-07,Project Vega,ram,2025-11-12,17.73375
mac-07,Project Vega,ram,2025-11-13,18.61916666666667
mac-07,Project Vega,ram,2025-11-14,17.715833333333332
mac-07,Project Vega,ram,2025-11-15,16.645
mac-07,Project Vega,ram,2025-11-16,16.891666666666666
mac-07,Project Vega,ram,2025-11-17,17.890416666666667
mac-07,Project Vega,ram,2025-11-18,19.290000000000003
mac-07,Project Vega,ram,2025-11-19,17.04125
mac-07,Project Vega,ram,2025-11-20,18.012916666666666
mac-07,Project Vega,ram,2025-11-21,17.8025
mac-07,Project Vega,ram,2025-11-22,18.62
mac-07,Project Vega,ram,2025-11-23,17.445833333333333
mac-07,Project Vega,ram,2025-11-24,17.185416666666665
mac-07,Project Vega,ram,2025-11-25,17.132083333333334
mac-07,Project Vega,ram,2025-11-26,17.18
mac-07,Project Vega,ram,2025-11-27,18.770833333333332
mac-07,Project Vega,ram,2025-11-28,18.226666666666667
mac-07,Project Vega,ram,2025-11-29,17.109583333333333
mac-07,Project Vega,ram,2025-11-30,16.286666666666665
mac-07,Project Vega,ram,2025-12-01,16.07166666666667
mac-07,Project Vega,ram,2025-12-02,18.070416666666667
mac-07,Project Vega,ram,2025-12-03,17.0775
mac-07,Project Vega,ram,2025-12-04,18.15875
mac-07,Project Vega,ram,2025-12-05,18.08375
mac-07,Project Vega,ram,2025-12-06,18.104583333333334
mac-07,Project Vega,ram,2025-12-07,17.35625
mac-07,Project Vega,ram,2025-12-08,17.749583333333334
mac-07,Project Vega,ram,2025-12-09,18.040833333333335
mac-07,Project Vega,ram,2025-12-10,18.117916666666666
mac-07,Project Vega,ram,2025-12-11,17.645416666666666
mac-07,Project Vega,ram,2025-12-12,18.162916666666668
mac-07,Project Vega,ram,2025-12-13,15.14625
mac-07,Project Vega,ram,2025-12-14,16.59375
mac-07,Project Vega,ram,2025-12-15,19.104583333333334
mac-07,Project Vega,ram,2025-12-16,16.326666666666664
mac-07,Project Vega,ram,2025-12-17,17.705833333333334
mac-07,Project Vega,ram,2025-12-18,17.882916666666667
mac-07,Project Vega,ram,2025-12-19,17.422083333333333
mac-07,Project Vega,ram,2025-12-20,17.408333333333335
mac-07,Project Vega,ram,2025-12-21,17.700833333333332
mac-07,Project Vega,ram,2025-12-22,16.651666666666667
mac-07,Project Vega,ram,2025-12-23,17.335416666666667
mac-07,Project Vega,ram,2025-12-24,17.030833333333334
mac-07,Project Vega,ram,2025-12-25,17.635833333333334
mac-07,Project Vega,ram,2025-12-26,17.826666666666664
mac-07,Project Vega,ram,2025-12-27,16.737083333333334
mac-07,Project Vega,ram,2025-12-28,16.184583333333332
mac-07,Project Vega,ram,2025-12-29,18.479166666666668
mac-07,Project Vega,ram,2025-12-30,18.203333333333333
mac-07,Project Vega,ram,2025-12-31,16.620416666666667
mac-08,Project Lumen,cpu,2025-01-01,79.07916666666667
mac-08,Project Lumen,cpu,2025-01-02,79.51666666666667
mac-08,Project Lumen,cpu,2025-01-03,80.125
mac-08,Project Lumen,cpu,2025-01-04,80.07083333333334
mac-08,Project Lumen,cpu,2025-01-05,79.7375
mac-08,Project Lumen,cpu,2025-01-06,79.77083333333333
mac-08,Project Lumen,cpu,2025-01-07,80.0625
mac-08,Project Lumen,cpu,2025-01-08,79.63333333333334
mac-08,Project Lumen,cpu,2025-01-09,80.4875
mac-08,Project Lumen,cpu,2025-01-10,79.40416666666667
mac-08,Project Lumen,cpu,2025-01-11,78.60833333333333
mac-08,Project Lumen,cpu,2025-01-12,77.675
mac-08,Project Lumen,cpu,2025-01-13,79.05833333333334
mac-08,Project Lumen,cpu,2025-01-14,80.25416666666666
mac-08,Project Lumen,cpu,2025-01-15,79.80833333333334
mac-08,Project Lumen,cpu,2025-01-16,79.0625
mac-08,Project Lumen,cpu,2025-01-17,81.71666666666667
mac-08,Project Lumen,cpu,2025-01-18,79.04583333333333
mac-08,Project Lumen,cpu,2025-01-19,78.98333333333333
mac-08,Project Lumen,cpu,2025-01-20,79.27916666666667
mac-08,Project Lumen,cpu,2025-01-21,81.4125
mac-08,Project Lumen,cpu,2025-01-22,80.58333333333333
mac-08,Project Lumen,cpu,2025-01-23,79.98333333333333
mac-08,Project Lumen,cpu,2025-01-24,80.78333333333333
mac-08,Project Lumen,cpu,2025-01-25,79.32083333333334
mac-08,Project Lumen,cpu,2025-01-26,81.14166666666667
mac-08,Project Lumen,cpu,2025-01-27,79.5625
mac-08,Project Lumen,cpu,2025-01-28,79.78750000000001
mac-08,Project Lumen,cpu,2025-01-29,79.24166666666666
mac-08,Project Lumen,cpu,2025-01-30,80.55833333333334
mac-08,Project Lumen,cpu,2025-01-31,78.71249999999999
mac-08,Project Lumen,cpu,2025-02-01,79.61666666666666
mac-08,Project Lumen,cpu,2025-02-02,81.10833333333333
mac-08,Project Lumen,cpu,2025-02-03,79.50416666666666
mac-08,Project Lumen,cpu,2025-02-04,80.6375
mac-08,Project Lumen,cpu,2025-02-05,80.10833333333333
mac-08,Project Lumen,cpu,2025-02-06,81.51666666666667
mac-08,Project Lumen,cpu,2025-02-07,80.70833333333333
mac-08,Project Lumen,cpu,2025-02-08,79.83333333333333
mac-08,Project Lumen,cpu,2025-02-09,80.075
mac-08,Project Lumen,cpu,2025-02-10,79.22500000000001
mac-08,Project Lumen,cpu,2025-02-11,80.15416666666667
mac-08,Project Lumen,cpu,2025-02-12,80.37916666666666
mac-08,Project Lumen,cpu,2025-02-13,79.825
mac-08,Project Lumen,cpu,2025-02-14,80.53333333333333
mac-08,Project Lumen,cpu,2025-02-15,80.38333333333334
mac-08,Project Lumen,cpu,2025-02-16,80.50416666666668
mac-08,Project Lumen,cpu,2025-02-17,80.54166666666667
mac-08,Project Lumen,cpu,2025-02-18,81.16250000000001
mac-08,Project Lumen,cpu,2025-02-19,80.20833333333333
mac-08,Project Lumen,cpu,2025-02-20,80.36666666666666
mac-08,Project Lumen,cpu,2025-02-21,80.84583333333333
mac-08,Project Lumen,cpu,2025-02-22,80.0125
mac-08,Project Lumen,cpu,2025-02-23,79.8875
mac-08,Project Lumen,cpu,2025-02-24,80.4375
mac-08,Project Lumen,cpu,2025-02-25,80.79166666666667
mac-08,Project Lumen,cpu,2025-02-26,80.89583333333333
mac-08,Project Lumen,cpu,2025-02-27,79.1375
mac-08,Project Lumen,cpu,2025-02-28,80.33749999999999
mac-08,Project Lumen,cpu,2025-03-01,81.6125
mac-08,Project Lumen,cpu,2025-03-02,79.7
mac-08,Project Lumen,cpu,2025-03-03,81.87916666666666
mac-08,Project Lumen,cpu,2025-03-04,80.70416666666667
mac-08,Project Lumen,cpu,2025-03-05,81.425
mac-08,Project Lumen,cpu,2025-03-06,81.7375
mac-08,Project Lumen,cpu,2025-03-07,80.61666666666666
mac-08,Project Lumen,cpu,2025-03-08,80.39583333333333
mac-08,Project Lumen,cpu,2025-03-09,79.825
mac-08,Project Lumen,cpu,2025-03-10,80.625
mac-08,Project Lumen,cpu,2025-03-11,81.625
mac-08,Project Lumen,cpu,2025-03-12,80.34166666666667
mac-08,Project Lumen,cpu,2025-03-13,80.675
mac-08,Project Lumen,cpu,2025-03-14,80.38333333333334
mac-08,Project Lumen,cpu,2025-03-15,81.12083333333334
mac-08,Project Lumen,cpu,2025-03-16,80.83333333333333
mac-08,Project Lumen,cpu,2025-03-17,80.03333333333333
mac-08,Project Lumen,cpu,2025-03-18,80.12083333333334
mac-08,Project Lumen,cpu,2025-03-19,80.33749999999999
mac-08,Project Lumen,cpu,2025-03-20,81.53750000000001
mac-08,Project Lumen,cpu,2025-03-21,81.30833333333334
mac-08,Project Lumen,cpu,2025-03-22,82.28333333333333
mac-08,Project Lumen,cpu,2025-03-23,81.30416666666666
mac-08,Project Lumen,cpu,2025-03-24,82.2
mac-08,Project Lumen,cpu,2025-03-25,80.95416666666667
mac-08,Project Lumen,cpu,2025-03-26,80.56666666666666
mac-08,Project Lumen,cpu,2025-03-27,80.37083333333334
mac-08,Project Lumen,cpu,2025-03-28,80.66250000000001
mac-08,Project Lumen,cpu,2025-03-29,82.55416666666666
mac-08,Project Lumen,cpu,2025-03-30,80.22916666666667
mac-08,Project Lumen,cpu,2025-03-31,80.6875
mac-08,Project Lumen,cpu,2025-04-01,80.69583333333334
mac-08,Project Lumen,cpu,2025-04-02,81.47500000000001
mac-08,Project Lumen,cpu,2025-04-03,81.47916666666667
mac-08,Project Lumen,cpu,2025-04-04,81.41666666666667
mac-08,Project Lumen,cpu,2025-04-05,81.0
mac-08,Project Lumen,cpu,2025-04-06,81.31666666666666
mac-08,Project Lumen,cpu,2025-04-07,81.2
mac-08,Project Lumen,cpu,2025-04-08,81.125
mac-08,Project Lumen,cpu,2025-04-09,81.5625
mac-08,Project Lumen,cpu,2025-04-10,80.99166666666666
mac-08,Project Lumen,cpu,2025-04-11,81.55833333333334
mac-08,Project Lumen,cpu,2025-04-12,82.48333333333333
mac-08,Project Lumen,cpu,2025-04-13,81.87083333333334
mac-08,Project Lumen,cpu,2025-04-14,81.37916666666666
mac-08,Project Lumen,cpu,2025-04-15,81.3625
mac-08,Project Lumen,cpu,2025-04-16,80.62916666666666
mac-08,Project Lumen,cpu,2025-04-17,80.65416666666667
mac-08,Project Lumen,cpu,2025-04-18,81.64166666666667
mac-08,Project Lumen,cpu,2025-04-19,81.14583333333333
mac-08,Project Lumen,cpu,2025-04-20,83.21666666666667
mac-08,Project Lumen,cpu,2025-04-21,81.79583333333333
mac-08,Project Lumen,cpu,2025-04-22,81.08749999999999
mac-08,Project Lumen,cpu,2025-04-23,81.15416666666667
mac-08,Project Lumen,cpu,2025-04-24,81.025
mac-08,Project Lumen,cpu,2025-04-25,82.39583333333333
mac-08,Project Lumen,cpu,2025-04-26,83.29583333333333
mac-08,Project Lumen,cpu,2025-04-27,79.68333333333334
mac-08,Project Lumen,cpu,2025-04-28,82.14166666666667
mac-08,Project Lumen,cpu,2025-04-29,82.97916666666667
mac-08,Project Lumen,cpu,2025-04-30,81.85000000000001
mac-08,Project Lumen,cpu,2025-05-01,81.93333333333334
mac-08,Project Lumen,cpu,2025-05-02,81.89166666666667
mac-08,Project Lumen,cpu,2025-05-03,81.39583333333333
mac-08,Project Lumen,cpu,2025-05-04,81.87916666666666
mac-08,Project Lumen,cpu,2025-05-05,82.3125
mac-08,Project Lumen,cpu,2025-05-06,82.64999999999999
mac-08,Project Lumen,cpu,2025-05-07,81.40416666666667
mac-08,Project Lumen,cpu,2025-05-08,82.96249999999999
mac-08,Project Lumen,cpu,2025-05-09,81.08749999999999
mac-08,Project Lumen,cpu,2025-05-10,80.94583333333334
mac-08,Project Lumen,cpu,2025-05-11,82.8875
mac-08,Project Lumen,cpu,2025-05-12,80.925
mac-08,Project Lumen,cpu,2025-05-13,81.625
mac-08,Project Lumen,cpu,2025-05-14,80.56666666666666
mac-08,Project Lumen,cpu,2025-05-15,81.3
mac-08,Project Lumen,cpu,2025-05-16,82.69583333333334
mac-08,Project Lumen,cpu,2025-05-17,81.54583333333333
mac-08,Project Lumen,cpu,2025-05-18,82.47916666666667
mac-08,Project Lumen,cpu,2025-05-19,81.5125
mac-08,Project Lumen,cpu,2025-05-20,80.12083333333334
mac-08,Project Lumen,cpu,2025-05-21,82.78750000000001
mac-08,Project Lumen,cpu,2025-05-22,82.38333333333334
mac-08,Project Lumen,cpu,2025-05-23,82.16666666666667
mac-08,Project Lumen,cpu,2025-05-24,81.3875
mac-08,Project Lumen,cpu,2025-05-25,81.08749999999999
mac-08,Project Lumen,cpu,2025-05-26,82.57916666666667
mac-08,Project Lumen,cpu,2025-05-27,83.42083333333333
mac-08,Project Lumen,cpu,2025-05-28,82.99583333333334
mac-08,Project Lumen,cpu,2025-05-29,83.35000000000001
mac-08,Project Lumen,cpu,2025-05-30,82.6375
mac-08,Project Lumen,cpu,2025-05-31,83.03750000000001
mac-08,Project Lumen,cpu,2025-06-01,82.05
mac-08,Project Lumen,cpu,2025-06-02,80.15833333333333
mac-08,Project Lumen,cpu,2025-06-03,82.97500000000001
mac-08,Project Lumen,cpu,2025-06-04,80.65416666666667
mac-08,Project Lumen,cpu,2025-06-05,81.80833333333334
mac-08,Project Lumen,cpu,2025-06-06,82.37083333333334
mac-08,Project Lumen,cpu,2025-06-07,82.37083333333334
mac-08,Project Lumen,cpu,2025-06-08,82.0125
mac-08,Project Lumen,cpu,2025-06-09,82.03333333333333
mac-08,Project Lumen,cpu,2025-06-10,81.72916666666667
mac-08,Project Lumen,cpu,2025-06-11,83.37916666666666
mac-08,Project Lumen,cpu,2025-06-12,82.75833333333334
mac-08,Project Lumen,cpu,2025-06-13,83.09166666666667
mac-08,Project Lumen,cpu,2025-06-14,82.32083333333334
mac-08,Project Lumen,cpu,2025-06-15,81.47083333333333
mac-08,Project Lumen,cpu,2025-06-16,80.8
mac-08,Project Lumen,cpu,2025-06-17,83.52083333333333
mac-08,Project Lumen,cpu,2025-06-18,82.06666666666666
mac-08,Project Lumen,cpu,2025-06-19,81.3625
mac-08,Project Lumen,cpu,2025-06-20,82.02083333333333
mac-08,Project Lumen,cpu,2025-06-21,81.3875
mac-08,Project Lumen,cpu,2025-06-22,82.09583333333333
mac-08,Project Lumen,cpu,2025-06-23,81.825
mac-08,Project Lumen,cpu,2025-06-24,82.58749999999999
mac-08,Project Lumen,cpu,2025-06-25,82.97083333333333
mac-08,Project Lumen,cpu,2025-06-26,82.75416666666666
mac-08,Project Lumen,cpu,2025-06-27,82.69583333333334
mac-08,Project Lumen,cpu,2025-06-28,83.04583333333333
mac-08,Project Lumen,cpu,2025-06-29,82.60000000000001
mac-08,Project Lumen,cpu,2025-06-30,82.07916666666667
mac-08,Project Lumen,cpu,2025-07-01,83.1125
mac-08,Project Lumen,cpu,2025-07-02,83.3875
mac-08,Project Lumen,cpu,2025-07-03,82.99166666666666
mac-08,Project Lumen,cpu,2025-07-04,81.77499999999999
mac-08,Project Lumen,cpu,2025-07-05,82.90416666666667
mac-08,Project Lumen,cpu,2025-07-06,82.04166666666667
mac-08,Project Lumen,cpu,2025-07-07,83.06666666666666
mac-08,Project Lumen,cpu,2025-07-08,82.5
mac-08,Project Lumen,cpu,2025-07-09,83.00833333333334
mac-08,Project Lumen,cpu,2025-07-10,83.66666666666667
mac-08,Project Lumen,cpu,2025-07-11,82.57916666666667
mac-08,Project Lumen,cpu,2025-07-12,82.94583333333334
mac-08,Project Lumen,cpu,2025-07-13,82.72916666666667
mac-08,Project Lumen,cpu,2025-07-14,83.8
mac-08,Project Lumen,cpu,2025-07-15,82.74166666666666
mac-08,Project Lumen,cpu,2025-07-16,83.77083333333333
mac-08,Project Lumen,cpu,2025-07-17,83.32916666666667
mac-08,Project Lumen,cpu,2025-07-18,82.325
mac-08,Project Lumen,cpu,2025-07-19,82.85000000000001
mac-08,Project Lumen,cpu,2025-07-20,83.39166666666667
mac-08,Project Lumen,cpu,2025-07-21,83.15833333333333
mac-08,Project Lumen,cpu,2025-07-22,83.68333333333334
mac-08,Project Lumen,cpu,2025-07-23,83.62083333333334
mac-08,Project Lumen,cpu,2025-07-24,82.54166666666667
mac-08,Project Lumen,cpu,2025-07-25,82.60833333333333
mac-08,Project Lumen,cpu,2025-07-26,82.66250000000001
mac-08,Project Lumen,cpu,2025-07-27,83.95416666666667
mac-08,Project Lumen,cpu,2025-07-28,83.41666666666667
mac-08,Project Lumen,cpu,2025-07-29,84.09166666666667
mac-08,Project Lumen,cpu,2025-07-30,83.90833333333333
mac-08,Project Lumen,cpu,2025-07-31,83.23333333333333
mac-08,Project Lumen,cpu,2025-08-01,83.4875
mac-08,Project Lumen,cpu,2025-08-02,81.99166666666666
mac-08,Project Lumen,cpu,2025-08-03,83.15416666666667
mac-08,Project Lumen,cpu,2025-08-04,83.85000000000001
mac-08,Project Lumen,cpu,2025-08-05,83.11666666666666
mac-08,Project Lumen,cpu,2025-08-06,83.02499999999999
mac-08,Project Lumen,cpu,2025-08-07,83.85000000000001
mac-08,Project Lumen,cpu,2025-08-08,82.23333333333333
mac-08,Project Lumen,cpu,2025-08-09,82.97083333333333
mac-08,Project Lumen,cpu,2025-08-10,83.93333333333334
mac-08,Project Lumen,cpu,2025-08-11,85.21249999999999
mac-08,Project Lumen,cpu,2025-08-12,83.84583333333333
mac-08,Project Lumen,cpu,2025-08-13,83.85000000000001
mac-08,Project Lumen,cpu,2025-08-14,83.18333333333334
mac-08,Project Lumen,cpu,2025-08-15,83.29583333333333
mac-08,Project Lumen,cpu,2025-08-16,83.94583333333334
mac-08,Project Lumen,cpu,2025-08-17,83.39166666666667
mac-08,Project Lumen,cpu,2025-08-18,83.31666666666666
mac-08,Project Lumen,cpu,2025-08-19,82.65416666666667
mac-08,Project Lumen,cpu,2025-08-20,83.46666666666667
mac-08,Project Lumen,cpu,2025-08-21,84.1375
mac-08,Project Lumen,cpu,2025-08-22,82.70416666666667
mac-08,Project Lumen,cpu,2025-08-23,83.82916666666667
mac-08,Project Lumen,cpu,2025-08-24,83.57916666666667
mac-08,Project Lumen,cpu,2025-08-25,82.77083333333333
mac-08,Project Lumen,cpu,2025-08-26,84.15833333333333
mac-08,Project Lumen,cpu,2025-08-27,84.41250000000001
mac-08,Project Lumen,cpu,2025-08-28,82.25416666666666
mac-08,Project Lumen,cpu,2025-08-29,83.39999999999999
mac-08,Project Lumen,cpu,2025-08-30,83.4625
mac-08,Project Lumen,cpu,2025-08-31,84.62916666666666
mac-08,Project Lumen,cpu,2025-09-01,83.65833333333333
mac-08,Project Lumen,cpu,2025-09-02,83.97500000000001
mac-08,Project Lumen,cpu,2025-09-03,82.77083333333333
mac-08,Project Lumen,cpu,2025-09-04,83.48333333333333
mac-08,Project Lumen,cpu,2025-09-05,82.74166666666666
mac-08,Project Lumen,cpu,2025-09-06,83.9875
mac-08,Project Lumen,cpu,2025-09-07,83.94583333333334
mac-08,Project Lumen,cpu,2025-09-08,83.3
mac-08,Project Lumen,cpu,2025-09-09,84.125
mac-08,Project Lumen,cpu,2025-09-10,84.19583333333334
mac-08,Project Lumen,cpu,2025-09-11,84.40416666666667
mac-08,Project Lumen,cpu,2025-09-12,83.625
mac-08,Project Lumen,cpu,2025-09-13,83.77499999999999
mac-08,Project Lumen,cpu,2025-09-14,83.6375
mac-08,Project Lumen,cpu,2025-09-15,83.80416666666666
mac-08,Project Lumen,cpu,2025-09-16,84.0
mac-08,Project Lumen,cpu,2025-09-17,84.21666666666667
mac-08,Project Lumen,cpu,2025-09-18,84.25
mac-08,Project Lumen,cpu,2025-09-19,84.68333333333334
mac-08,Project Lumen,cpu,2025-09-20,83.05
mac-08,Project Lumen,cpu,2025-09-21,84.92916666666666
mac-08,Project Lumen,cpu,2025-09-22,83.125
mac-08,Project Lumen,cpu,2025-09-23,84.23333333333333
mac-08,Project Lumen,cpu,2025-09-24,84.74583333333334
mac-08,Project Lumen,cpu,2025-09-25,83.25416666666666
mac-08,Project Lumen,cpu,2025-09-26,83.88333333333334
mac-08,Project Lumen,cpu,2025-09-27,83.72083333333333
mac-08,Project Lumen,cpu,2025-09-28,83.62916666666666
mac-08,Project Lumen,cpu,2025-09-29,84.56666666666666
mac-08,Project Lumen,cpu,2025-09-30,83.14166666666667
mac-08,Project Lumen,cpu,2025-10-01,84.5625
mac-08,Project Lumen,cpu,2025-10-02,82.94166666666666
mac-08,Project Lumen,cpu,2025-10-03,85.34583333333335
mac-08,Project Lumen,cpu,2025-10-04,85.0125
mac-08,Project Lumen,cpu,2025-10-05,85.27916666666667
mac-08,Project Lumen,cpu,2025-10-06,84.48333333333333
mac-08,Project Lumen,cpu,2025-10-07,83.1375
mac-08,Project Lumen,cpu,2025-10-08,84.99583333333332
mac-08,Project Lumen,cpu,2025-10-09,83.14583333333333
mac-08,Project Lumen,cpu,2025-10-10,82.925
mac-08,Project Lumen,cpu,2025-10-11,83.8
mac-08,Project Lumen,cpu,2025-10-12,83.77499999999999
mac-08,Project Lumen,cpu,2025-10-13,83.36666666666666
mac-08,Project Lumen,cpu,2025-10-14,84.81666666666668
mac-08,Project Lumen,cpu,2025-10-15,84.78750000000001
mac-08,Project Lumen,cpu,2025-10-16,83.35833333333333
mac-08,Project Lumen,cpu,2025-10-17,84.63333333333334
mac-08,Project Lumen,cpu,2025-10-18,83.64583333333333
mac-08,Project Lumen,cpu,2025-10-19,84.73333333333333
mac-08,Project Lumen,cpu,2025-10-20,84.0625
mac-08,Project Lumen,cpu,2025-10-21,84.875
mac-08,Project Lumen,cpu,2025-10-22,84.22916666666667
mac-08,Project Lumen,cpu,2025-10-23,83.97083333333333
mac-08,Project Lumen,cpu,2025-10-24,84.91250000000001
mac-08,Project Lumen,cpu,2025-10-25,83.85000000000001
mac-08,Project Lumen,cpu,2025-10-26,85.89583333333333
mac-08,Project Lumen,cpu,2025-10-27,85.16250000000001
mac-08,Project Lumen,cpu,2025-10-28,86.38333333333333
mac-08,Project Lumen,cpu,2025-10-29,84.325
mac-08,Project Lumen,cpu,2025-10-30,84.05416666666666
mac-08,Project Lumen,cpu,2025-10-31,84.38333333333334
mac-08,Project Lumen,cpu,2025-11-01,84.14583333333333
mac-08,Project Lumen,cpu,2025-11-02,85.75416666666666
mac-08,Project Lumen,cpu,2025-11-03,84.29166666666667
mac-08,Project Lumen,cpu,2025-11-04,85.2375
mac-08,Project Lumen,cpu,2025-11-05,85.25833333333334
mac-08,Project Lumen,cpu,2025-11-06,83.88333333333334
mac-08,Project Lumen,cpu,2025-11-07,83.57916666666667
mac-08,Project Lumen,cpu,2025-11-08,84.5625
mac-08,Project Lumen,cpu,2025-11-09,85.51666666666667
mac-08,Project Lumen,cpu,2025-11-10,84.53333333333333
mac-08,Project Lumen,cpu,2025-11-11,84.97500000000001
mac-08,Project Lumen,cpu,2025-11-12,83.95416666666667
mac-08,Project Lumen,cpu,2025-11-13,84.99583333333334
mac-08,Project Lumen,cpu,2025-11-14,84.90416666666667
mac-08,Project Lumen,cpu,2025-11-15,85.44166666666666
mac-08,Project Lumen,cpu,2025-11-16,83.77916666666667
mac-08,Project Lumen,cpu,2025-11-17,86.09583333333335
mac-08,Project Lumen,cpu,2025-11-18,85.05
mac-08,Project Lumen,cpu,2025-11-19,85.25833333333334
mac-08,Project Lumen,cpu,2025-11-20,84.26666666666667
mac-08,Project Lumen,cpu,2025-11-21,84.73333333333333
mac-08,Project Lumen,cpu,2025-11-22,85.16666666666667
mac-08,Project Lumen,cpu,2025-11-23,84.47500000000001
mac-08,Project Lumen,cpu,2025-11-24,84.77499999999999
mac-08,Project Lumen,cpu,2025-11-25,84.0
mac-08,Project Lumen,cpu,2025-11-26,84.22500000000001
mac-08,Project Lumen,cpu,2025-11-27,85.325
mac-08,Project Lumen,cpu,2025-11-28,84.54583333333333
mac-08,Project Lumen,cpu,2025-11-29,85.40833333333335
mac-08,Project Lumen,cpu,2025-11-30,84.86666666666666
mac-08,Project Lumen,cpu,2025-12-01,85.675
mac-08,Project Lumen,cpu,2025-12-02,85.67083333333333
mac-08,Project Lumen,cpu,2025-12-03,85.67083333333333
mac-08,Project Lumen,cpu,2025-12-04,83.45833333333333
mac-08,Project Lumen,cpu,2025-12-05,84.9375
mac-08,Project Lumen,cpu,2025-12-06,85.29166666666667
mac-08,Project Lumen,cpu,2025-12-07,85.85000000000001
mac-08,Project Lumen,cpu,2025-12-08,83.45416666666667
mac-08,Project Lumen,cpu,2025-12-09,84.76666666666667
mac-08,Project Lumen,cpu,2025-12-10,85.13333333333334
mac-08,Project Lumen,cpu,2025-12-11,83.7
mac-08,Project Lumen,cpu,2025-12-12,86.20833333333333
mac-08,Project Lumen,cpu,2025-12-13,85.34583333333335
mac-08,Project Lumen,cpu,2025-12-14,85.3
mac-08,Project Lumen,cpu,2025-12-15,86.5625
mac-08,Project Lumen,cpu,2025-12-16,85.73333333333333
mac-08,Project Lumen,cpu,2025-12-17,85.5
mac-08,Project Lumen,cpu,2025-12-18,84.55416666666666
mac-08,Project Lumen,cpu,2025-12-19,85.7
mac-08,Project Lumen,cpu,2025-12-20,84.05
mac-08,Project Lumen,cpu,2025-12-21,85.64999999999999
mac-08,Project Lumen,cpu,2025-12-22,85.64583333333333
mac-08,Project Lumen,cpu,2025-12-23,86.02916666666665
mac-08,Project Lumen,cpu,2025-12-24,86.4375
mac-08,Project Lumen,cpu,2025-12-25,86.07916666666667
mac-08,Project Lumen,cpu,2025-12-26,85.58749999999999
mac-08,Project Lumen,cpu,2025-12-27,85.6125
mac-08,Project Lumen,cpu,2025-12-28,87.75416666666666
mac-08,Project Lumen,cpu,2025-12-29,85.53750000000001
mac-08,Project Lumen,cpu,2025-12-30,85.76666666666667
mac-08,Project Lumen,cpu,2025-12-31,84.10833333333333
mac-08,Project Lumen,disk,2025-01-01,70.05
mac-08,Project Lumen,disk,2025-01-02,68.19833333333334
mac-08,Project Lumen,disk,2025-01-03,70.79541666666667
mac-08,Project Lumen,disk,2025-01-04,69.77125
mac-08,Project Lumen,disk,2025-01-05,70.405
mac-08,Project Lumen,disk,2025-01-06,69.68291666666667
mac-08,Project Lumen,disk,2025-01-07,68.91916666666667
mac-08,Project Lumen,disk,2025-01-08,70.40875
mac-08,Project Lumen,disk,2025-01-09,69.53083333333333
mac-08,Project Lumen,disk,2025-01-10,69.61791666666666
mac-08,Project Lumen,disk,2025-01-11,70.9525
mac-08,Project Lumen,disk,2025-01-12,70.42125
mac-08,Project Lumen,disk,2025-01-13,69.92958333333333
mac-08,Project Lumen,disk,2025-01-14,69.69833333333334
mac-08,Project Lumen,disk,2025-01-15,70.18666666666667
mac-08,Project Lumen,disk,2025-01-16,71.17666666666666
mac-08,Project Lumen,disk,2025-01-17,71.11291666666666
mac-08,Project Lumen,disk,2025-01-18,69.77583333333332
mac-08,Project Lumen,disk,2025-01-19,70.83
mac-08,Project Lumen,disk,2025-01-20,69.73625
mac-08,Project Lumen,disk,2025-01-21,69.83916666666666
mac-08,Project Lumen,disk,2025-01-22,70.38916666666667
mac-08,Project Lumen,disk,2025-01-23,69.345
mac-08,Project Lumen,disk,2025-01-24,71.42708333333333
mac-08,Project Lumen,disk,2025-01-25,70.405
mac-08,Project Lumen,disk,2025-01-26,70.88833333333334
mac-08,Project Lumen,disk,2025-01-27,70.57541666666667
mac-08,Project Lumen,disk,2025-01-28,70.55583333333333
mac-08,Project Lumen,disk,2025-01-29,71.16208333333333
mac-08,Project Lumen,disk,2025-01-30,70.64291666666666
mac-08,Project Lumen,disk,2025-01-31,71.09875
mac-08,Project Lumen,disk,2025-02-01,71.37791666666666
mac-08,Project Lumen,disk,2025-02-02,70.58541666666666
mac-08,Project Lumen,disk,2025-02-03,69.66208333333334
mac-08,Project Lumen,disk,2025-02-04,70.375
mac-08,Project Lumen,disk,2025-02-05,71.49041666666666
mac-08,Project Lumen,disk,2025-02-06,69.86083333333333
mac-08,Project Lumen,disk,2025-02-07,70.81125
mac-08,Project Lumen,disk,2025-02-08,70.47208333333333
mac-08,Project Lumen,disk,2025-02-09,70.01375
mac-08,Project Lumen,disk,2025-02-10,70.21166666666666
mac-08,Project Lumen,disk,2025-02-11,70.9425
mac-08,Project Lumen,disk,2025-02-12,70.22583333333334
mac-08,Project Lumen,disk,2025-02-13,69.185
mac-08,Project Lumen,disk,2025-02-14,69.35583333333334
mac-08,Project Lumen,disk,2025-02-15,70.64291666666666
mac-08,Project Lumen,disk,2025-02-16,69.59708333333333
mac-08,Project Lumen,disk,2025-02-17,70.24166666666666
mac-08,Project Lumen,disk,2025-02-18,71.59791666666666
mac-08,Project Lumen,disk,2025-02-19,71.04666666666667
mac-08,Project Lumen,disk,2025-02-20,70.31291666666667
mac-08,Project Lumen,disk,2025-02-21,70.21
mac-08,Project Lumen,disk,2025-02-22,69.99625
mac-08,Project Lumen,disk,2025-02-23,72.56458333333333
mac-08,Project Lumen,disk,2025-02-24,72.30749999999999
mac-08,Project Lumen,disk,2025-02-25,70.49083333333333
mac-08,Project Lumen,disk,2025-02-26,69.54791666666667
mac-08,Project Lumen,disk,2025-02-27,71.11791666666666
mac-08,Project Lumen,disk,2025-02-28,71.13333333333334
mac-08,Project Lumen,disk,2025-03-01,70.78166666666667
mac-08,Project Lumen,disk,2025-03-02,71.64541666666666
mac-08,Project Lumen,disk,2025-03-03,71.605
mac-08,Project Lumen,disk,2025-03-04,72.7225
mac-08,Project Lumen,disk,2025-03-05,72.37916666666666
mac-08,Project Lumen,disk,2025-03-06,71.05333333333333
mac-08,Project Lumen,disk,2025-03-07,70.21708333333333
mac-08,Project Lumen,disk,2025-03-08,72.58166666666666
mac-08,Project Lumen,disk,2025-03-09,70.88916666666667
mac-08,Project Lumen,disk,2025-03-10,71.08125
mac-08,Project Lumen,disk,2025-03-11,71.67041666666667
mac-08,Project Lumen,disk,2025-03-12,69.72083333333333
mac-08,Project Lumen,disk,2025-03-13,71.08666666666666
mac-08,Project Lumen,disk,2025-03-14,71.02291666666666
mac-08,Project Lumen,disk,2025-03-15,70.40916666666666
mac-08,Project Lumen,disk,2025-03-16,69.56958333333334
mac-08,Project Lumen,disk,2025-03-17,70.56375
mac-08,Project Lumen,disk,2025-03-18,71.19291666666668
mac-08,Project Lumen,disk,2025-03-19,70.60375
mac-08,Project Lumen,disk,2025-03-20,71.8775
mac-08,Project Lumen,disk,2025-03-21,70.21583333333334
mac-08,Project Lumen,disk,2025-03-22,70.50583333333334
mac-08,Project Lumen,disk,2025-03-23,70.13833333333334
mac-08,Project Lumen,disk,2025-03-24,72.09916666666666
mac-08,Project Lumen,disk,2025-03-25,71.03875000000001
mac-08,Project Lumen,disk,2025-03-26,72.185
mac-08,Project Lumen,disk,2025-03-27,70.64333333333333
mac-08,Project Lumen,disk,2025-03-28,71.9725
mac-08,Project Lumen,disk,2025-03-29,71.47083333333333
mac-08,Project Lumen,disk,2025-03-30,70.93625
mac-08,Project Lumen,disk,2025-03-31,70.83083333333333
mac-08,Project Lumen,disk,2025-04-01,70.44583333333334
mac-08,Project Lumen,disk,2025-04-02,71.31166666666667
mac-08,Project Lumen,disk,2025-04-03,71.57166666666667
mac-08,Project Lumen,disk,2025-04-04,71.93916666666667
mac-08,Project Lumen,disk,2025-04-05,71.66666666666667
mac-08,Project Lumen,disk,2025-04-06,71.20666666666666
mac-08,Project Lumen,disk,2025-04-07,71.45041666666667
mac-08,Project Lumen,disk,2025-04-08,70.64708333333333
mac-08,Project Lumen,disk,2025-04-09,70.36208333333333
mac-08,Project Lumen,disk,2025-04-10,71.16375000000001
mac-08,Project Lumen,disk,2025-04-11,70.9975
mac-08,Project Lumen,disk,2025-04-12,72.04791666666667
mac-08,Project Lumen,disk,2025-04-13,71.11916666666667
mac-08,Project Lumen,disk,2025-04-14,72.81875000000001
mac-08,Project Lumen,disk,2025-04-15,71.78750000000001
mac-08,Project Lumen,disk,2025-04-16,72.99374999999999
mac-08,Project Lumen,disk,2025-04-17,71.64291666666666
mac-08,Project Lumen,disk,2025-04-18,71.56625
mac-08,Project Lumen,disk,2025-04-19,72.44541666666667
mac-08,Project Lumen,disk,2025-04-20,71.10791666666667
mac-08,Project Lumen,disk,2025-04-21,71.34333333333333
mac-08,Project Lumen,disk,2025-04-22,72.23625
mac-08,Project Lumen,disk,2025-04-23,71.08166666666666
mac-08,Project Lumen,disk,2025-04-24,72.08125
mac-08,Project Lumen,disk,2025-04-25,72.04666666666667
mac-08,Project Lumen,disk,2025-04-26,71.5175
mac-08,Project Lumen,disk,2025-04-27,70.94375000000001
mac-08,Project Lumen,disk,2025-04-28,71.4175
mac-08,Project Lumen,disk,2025-04-29,73.18458333333334
mac-08,Project Lumen,disk,2025-04-30,71.51958333333333
mac-08,Project Lumen,disk,2025-05-01,73.32208333333334
mac-08,Project Lumen,disk,2025-05-02,72.02916666666667
mac-08,Project Lumen,disk,2025-05-03,70.80833333333334
mac-08,Project Lumen,disk,2025-05-04,72.71583333333334
mac-08,Project Lumen,disk,2025-05-05,72.72958333333334
mac-08,Project Lumen,disk,2025-05-06,73.27624999999999
mac-08,Project Lumen,disk,2025-05-07,72.11458333333333
mac-08,Project Lumen,disk,2025-05-08,72.20791666666666
mac-08,Project Lumen,disk,2025-05-09,71.58458333333333
mac-08,Project Lumen,disk,2025-05-10,72.08875
mac-08,Project Lumen,disk,2025-05-11,70.90333333333334
mac-08,Project Lumen,disk,2025-05-12,72.53541666666666
mac-08,Project Lumen,disk,2025-05-13,72.31041666666667
mac-08,Project Lumen,disk,2025-05-14,72.27791666666667
mac-08,Project Lumen,disk,2025-05-15,71.83916666666667
mac-08,Project Lumen,disk,2025-05-16,73.25
mac-08,Project Lumen,disk,2025-05-17,74.04458333333334
mac-08,Project Lumen,disk,2025-05-18,71.73083333333334
mac-08,Project Lumen,disk,2025-05-19,71.83958333333334
mac-08,Project Lumen,disk,2025-05-20,72.7075
mac-08,Project Lumen,disk,2025-05-21,72.73125
mac-08,Project Lumen,disk,2025-05-22,71.76583333333333
mac-08,Project Lumen,disk,2025-05-23,71.62541666666667
mac-08,Project Lumen,disk,2025-05-24,70.69625
mac-08,Project Lumen,disk,2025-05-25,72.54333333333334
mac-08,Project Lumen,disk,2025-05-26,71.89708333333333
mac-08,Project Lumen,disk,2025-05-27,73.34791666666666
mac-08,Project Lumen,disk,2025-05-28,72.40625
mac-08,Project Lumen,disk,2025-05-29,72.76291666666667
mac-08,Project Lumen,disk,2025-05-30,72.63583333333334
mac-08,Project Lumen,disk,2025-05-31,72.36583333333333
mac-08,Project Lumen,disk,2025-06-01,70.82291666666667
mac-08,Project Lumen,disk,2025-06-02,72.84708333333333
mac-08,Project Lumen,disk,2025-06-03,72.28375
mac-08,Project Lumen,disk,2025-06-04,71.82000000000001
mac-08,Project Lumen,disk,2025-06-05,72.17166666666667
mac-08,Project Lumen,disk,2025-06-06,74.06666666666666
mac-08,Project Lumen,disk,2025-06-07,74.13375
mac-08,Project Lumen,disk,2025-06-08,73.79541666666667
mac-08,Project Lumen,disk,2025-06-09,71.9525
mac-08,Project Lumen,disk,2025-06-10,72.75916666666667
mac-08,Project Lumen,disk,2025-06-11,73.03750000000001
mac-08,Project Lumen,disk,2025-06-12,72.92166666666667
mac-08,Project Lumen,disk,2025-06-13,74.22333333333333
mac-08,Project Lumen,disk,2025-06-14,72.42
mac-08,Project Lumen,disk,2025-06-15,71.76416666666667
mac-08,Project Lumen,disk,2025-06-16,74.02416666666666
mac-08,Project Lumen,disk,2025-06-17,72.745
mac-08,Project Lumen,disk,2025-06-18,73.16875
mac-08,Project Lumen,disk,2025-06-19,72.94
mac-08,Project Lumen,disk,2025-06-20,72.66166666666668
mac-08,Project Lumen,disk,2025-06-21,72.58125
mac-08,Project Lumen,disk,2025-06-22,73.38416666666667
mac-08,Project Lumen,disk,2025-06-23,73.39208333333333
mac-08,Project Lumen,disk,2025-06-24,74.30125
mac-08,Project Lumen,disk,2025-06-25,73.54041666666667
mac-08,Project Lumen,disk,2025-06-26,73.54583333333333
mac-08,Project Lumen,disk,2025-06-27,73.71958333333333
mac-08,Project Lumen,disk,2025-06-28,72.79041666666667
mac-08,Project Lumen,disk,2025-06-29,72.74791666666667
mac-08,Project Lumen,disk,2025-06-30,74.31333333333333
mac-08,Project Lumen,disk,2025-07-01,74.36625
mac-08,Project Lumen,disk,2025-07-02,71.75875
mac-08,Project Lumen,disk,2025-07-03,73.76291666666667
mac-08,Project Lumen,disk,2025-07-04,73.40041666666666
mac-08,Project Lumen,disk,2025-07-05,72.66416666666667
mac-08,Project Lumen,disk,2025-07-06,74.83166666666666
mac-08,Project Lumen,disk,2025-07-07,73.3225
mac-08,Project Lumen,disk,2025-07-08,72.85125000000001
mac-08,Project Lumen,disk,2025-07-09,73.68541666666667
mac-08,Project Lumen,disk,2025-07-10,73.64874999999999
mac-08,Project Lumen,disk,2025-07-11,72.40791666666667
mac-08,Project Lumen,disk,2025-07-12,73.27083333333333
mac-08,Project Lumen,disk,2025-07-13,73.36583333333333
mac-08,Project Lumen,disk,2025-07-14,71.72583333333334
mac-08,Project Lumen,disk,2025-07-15,73.15291666666667
mac-08,Project Lumen,disk,2025-07-16,74.2275
mac-08,Project Lumen,disk,2025-07-17,73.14
mac-08,Project Lumen,disk,2025-07-18,74.22958333333334
mac-08,Project Lumen,disk,2025-07-19,74.14416666666666
mac-08,Project Lumen,disk,2025-07-20,72.365
mac-08,Project Lumen,disk,2025-07-21,72.80333333333333
mac-08,Project Lumen,disk,2025-07-22,72.12625
mac-08,Project Lumen,disk,2025-07-23,73.62333333333333
mac-08,Project Lumen,disk,2025-07-24,72.92291666666667
mac-08,Project Lumen,disk,2025-07-25,72.015
mac-08,Project Lumen,disk,2025-07-26,72.91916666666667
mac-08,Project Lumen,disk,2025-07-27,71.79291666666667
mac-08,Project Lumen,disk,2025-07-28,74.01166666666667
mac-08,Project Lumen,disk,2025-07-29,73.42999999999999
mac-08,Project Lumen,disk,2025-07-30,73.33041666666666
mac-08,Project Lumen,disk,2025-07-31,71.10875
mac-08,Project Lumen,disk,2025-08-01,73.00583333333334
mac-08,Project Lumen,disk,2025-08-02,74.73958333333333
mac-08,Project Lumen,disk,2025-08-03,73.17166666666667
mac-08,Project Lumen,disk,2025-08-04,75.40375
mac-08,Project Lumen,disk,2025-08-05,72.22125
mac-08,Project Lumen,disk,2025-08-06,72.65541666666667
mac-08,Project Lumen,disk,2025-08-07,73.44541666666667
mac-08,Project Lumen,disk,2025-08-08,74.92625
mac-08,Project Lumen,disk,2025-08-09,73.97833333333334
mac-08,Project Lumen,disk,2025-08-10,73.9825
mac-08,Project Lumen,disk,2025-08-11,73.45958333333333
mac-08,Project Lumen,disk,2025-08-12,73.88375
mac-08,Project Lumen,disk,2025-08-13,74.79416666666667
mac-08,Project Lumen,disk,2025-08-14,74.36166666666666
mac-08,Project Lumen,disk,2025-08-15,74.12875
mac-08,Project Lumen,disk,2025-08-16,73.28583333333334
mac-08,Project Lumen,disk,2025-08-17,74.99583333333332
mac-08,Project Lumen,disk,2025-08-18,72.40875
mac-08,Project Lumen,disk,2025-08-19,74.4775
mac-08,Project Lumen,disk,2025-08-20,73.03041666666667
mac-08,Project Lumen,disk,2025-08-21,72.27208333333333
mac-08,Project Lumen,disk,2025-08-22,73.60375
mac-08,Project Lumen,disk,2025-08-23,74.00916666666667
mac-08,Project Lumen,disk,2025-08-24,74.11166666666666
mac-08,Project Lumen,disk,2025-08-25,73.10166666666667
mac-08,Project Lumen,disk,2025-08-26,73.12958333333334
mac-08,Project Lumen,disk,2025-08-27,74.02666666666667
mac-08,Project Lumen,disk,2025-08-28,72.90666666666667
mac-08,Project Lumen,disk,2025-08-29,74.46708333333333
mac-08,Project Lumen,disk,2025-08-30,74.47625000000001
mac-08,Project Lumen,disk,2025-08-31,74.98208333333334
mac-08,Project Lumen,disk,2025-09-01,75.14916666666666
mac-08,Project Lumen,disk,2025-09-02,73.04875
mac-08,Project Lumen,disk,2025-09-03,73.41000000000001
mac-08,Project Lumen,disk,2025-09-04,73.88958333333333
mac-08,Project Lumen,disk,2025-09-05,72.90666666666667
mac-08,Project Lumen,disk,2025-09-06,74.31375
mac-08,Project Lumen,disk,2025-09-07,74.57833333333333
mac-08,Project Lumen,disk,2025-09-08,74.27125
mac-08,Project Lumen,disk,2025-09-09,74.99625
mac-08,Project Lumen,disk,2025-09-10,74.32708333333333
mac-08,Project Lumen,disk,2025-09-11,74.65916666666666
mac-08,Project Lumen,disk,2025-09-12,73.61999999999999
mac-08,Project Lumen,disk,2025-09-13,73.84333333333333
mac-08,Project Lumen,disk,2025-09-14,74.01166666666667
mac-08,Project Lumen,disk,2025-09-15,75.58458333333333
mac-08,Project Lumen,disk,2025-09-16,73.70958333333333
mac-08,Project Lumen,disk,2025-09-17,73.38291666666667
mac-08,Project Lumen,disk,2025-09-18,73.82000000000001
mac-08,Project Lumen,disk,2025-09-19,73.50291666666666
mac-08,Project Lumen,disk,2025-09-20,74.48083333333334
mac-08,Project Lumen,disk,2025-09-21,74.36458333333333
mac-08,Project Lumen,disk,2025-09-22,73.24666666666667
mac-08,Project Lumen,disk,2025-09-23,75.67875
mac-08,Project Lumen,disk,2025-09-24,75.01583333333333
mac-08,Project Lumen,disk,2025-09-25,74.32625
mac-08,Project Lumen,disk,2025-09-26,74.34791666666666
mac-08,Project Lumen,disk,2025-09-27,75.12583333333333
mac-08,Project Lumen,disk,2025-09-28,74.48833333333333
mac-08,Project Lumen,disk,2025-09-29,73.98708333333333
mac-08,Project Lumen,disk,2025-09-30,73.54
mac-08,Project Lumen,disk,2025-10-01,73.81958333333334
mac-08,Project Lumen,disk,2025-10-02,74.21166666666666
mac-08,Project Lumen,disk,2025-10-03,74.21666666666667
mac-08,Project Lumen,disk,2025-10-04,75.8875
mac-08,Project Lumen,disk,2025-10-05,75.05875
mac-08,Project Lumen,disk,2025-10-06,73.59708333333333
mac-08,Project Lumen,disk,2025-10-07,75.73833333333333
mac-08,Project Lumen,disk,2025-10-08,75.38125000000001
mac-08,Project Lumen,disk,2025-10-09,74.97208333333333
mac-08,Project Lumen,disk,2025-10-10,74.39999999999999
mac-08,Project Lumen,disk,2025-10-11,73.33166666666666
mac-08,Project Lumen,disk,2025-10-12,74.07666666666667
mac-08,Project Lumen,disk,2025-10-13,74.91875
mac-08,Project Lumen,disk,2025-10-14,74.90625
mac-08,Project Lumen,disk,2025-10-15,74.36999999999999
mac-08,Project Lumen,disk,2025-10-16,74.27875
mac-08,Project Lumen,disk,2025-10-17,75.07041666666667
mac-08,Project Lumen,disk,2025-10-18,76.26708333333333
mac-08,Project Lumen,disk,2025-10-19,75.09916666666668
mac-08,Project Lumen,disk,2025-10-20,74.35208333333334
mac-08,Project Lumen,disk,2025-10-21,73.61583333333333
mac-08,Project Lumen,disk,2025-10-22,73.70125
mac-08,Project Lumen,disk,2025-10-23,74.70083333333334
mac-08,Project Lumen,disk,2025-10-24,75.45666666666666
mac-08,Project Lumen,disk,2025-10-25,75.29125
mac-08,Project Lumen,disk,2025-10-26,75.02541666666666
mac-08,Project Lumen,disk,2025-10-27,74.89166666666667
mac-08,Project Lumen,disk,2025-10-28,77.18291666666667
mac-08,Project Lumen,disk,2025-10-29,75.84666666666666
mac-08,Project Lumen,disk,2025-10-30,74.91041666666666
mac-08,Project Lumen,disk,2025-10-31,75.06708333333333
mac-08,Project Lumen,disk,2025-11-01,75.30916666666667
mac-08,Project Lumen,disk,2025-11-02,75.54625
mac-08,Project Lumen,disk,2025-11-03,74.74625
mac-08,Project Lumen,disk,2025-11-04,75.18416666666667
mac-08,Project Lumen,disk,2025-11-05,73.93541666666667
mac-08,Project Lumen,disk,2025-11-06,74.62458333333333
mac-08,Project Lumen,disk,2025-11-07,75.00833333333334
mac-08,Project Lumen,disk,2025-11-08,76.01125
mac-08,Project Lumen,disk,2025-11-09,77.21833333333333
mac-08,Project Lumen,disk,2025-11-10,74.95291666666667
mac-08,Project Lumen,disk,2025-11-11,74.26166666666667
mac-08,Project Lumen,disk,2025-11-12,73.27583333333334
mac-08,Project Lumen,disk,2025-11-13,74.75875
mac-08,Project Lumen,disk,2025-11-14,74.17916666666666
mac-08,Project Lumen,disk,2025-11-15,74.02208333333333
mac-08,Project Lumen,disk,2025-11-16,75.48708333333333
mac-08,Project Lumen,disk,2025-11-17,75.65625
mac-08,Project Lumen,disk,2025-11-18,74.82291666666667
mac-08,Project Lumen,disk,2025-11-19,75.64291666666666
mac-08,Project Lumen,disk,2025-11-20,75.21416666666667
mac-08,Project Lumen,disk,2025-11-21,75.18666666666667
mac-08,Project Lumen,disk,2025-11-22,75.85666666666667
mac-08,Project Lumen,disk,2025-11-23,75.8925
mac-08,Project Lumen,disk,2025-11-24,75.24291666666666
mac-08,Project Lumen,disk,2025-11-25,74.66791666666667
mac-08,Project Lumen,disk,2025-11-26,76.75625000000001
mac-08,Project Lumen,disk,2025-11-27,75.3475
mac-08,Project Lumen,disk,2025-11-28,74.34958333333334
mac-08,Project Lumen,disk,2025-11-29,74.9225
mac-08,Project Lumen,disk,2025-11-30,75.24166666666666
mac-08,Project Lumen,disk,2025-12-01,76.15916666666666
mac-08,Project Lumen,disk,2025-12-02,76.06375
mac-08,Project Lumen,disk,2025-12-03,75.12708333333333
mac-08,Project Lumen,disk,2025-12-04,74.71916666666667
mac-08,Project Lumen,disk,2025-12-05,74.33375
mac-08,Project Lumen,disk,2025-12-06,75.09916666666668
mac-08,Project Lumen,disk,2025-12-07,74.49208333333333
mac-08,Project Lumen,disk,2025-12-08,74.73875
mac-08,Project Lumen,disk,2025-12-09,75.08541666666666
mac-08,Project Lumen,disk,2025-12-10,76.45708333333333
mac-08,Project Lumen,disk,2025-12-11,75.65208333333334
mac-08,Project Lumen,disk,2025-12-12,77.42583333333333
mac-08,Project Lumen,disk,2025-12-13,77.215
mac-08,Project Lumen,disk,2025-12-14,75.91375000000001
mac-08,Project Lumen,disk,2025-12-15,76.73
mac-08,Project Lumen,disk,2025-12-16,75.79333333333334
mac-08,Project Lumen,disk,2025-12-17,76.395
mac-08,Project Lumen,disk,2025-12-18,76.95541666666666
mac-08,Project Lumen,disk,2025-12-19,76.48791666666666
mac-08,Project Lumen,disk,2025-12-20,75.2825
mac-08,Project Lumen,disk,2025-12-21,75.47875
mac-08,Project Lumen,disk,2025-12-22,76.08541666666666
mac-08,Project Lumen,disk,2025-12-23,75.68208333333334
mac-08,Project Lumen,disk,2025-12-24,77.32458333333334
mac-08,Project Lumen,disk,2025-12-25,74.87708333333333
mac-08,Project Lumen,disk,2025-12-26,75.85166666666667
mac-08,Project Lumen,disk,2025-12-27,77.02458333333333
mac-08,Project Lumen,disk,2025-12-28,75.28791666666667
mac-08,Project Lumen,disk,2025-12-29,76.40875
mac-08,Project Lumen,disk,2025-12-30,75.18041666666666
mac-08,Project Lumen,disk,2025-12-31,76.56916666666667
mac-08,Project Lumen,ram,2025-01-01,75.43541666666667
mac-08,Project Lumen,ram,2025-01-02,74.8875
mac-08,Project Lumen,ram,2025-01-03,74.75916666666667
mac-08,Project Lumen,ram,2025-01-04,72.9675
mac-08,Project Lumen,ram,2025-01-05,75.00958333333334
mac-08,Project Lumen,ram,2025-01-06,73.93041666666666
mac-08,Project Lumen,ram,2025-01-07,74.10833333333333
mac-08,Project Lumen,ram,2025-01-08,74.40708333333333
mac-08,Project Lumen,ram,2025-01-09,74.91250000000001
mac-08,Project Lumen,ram,2025-01-10,75.50666666666667
mac-08,Project Lumen,ram,2025-01-11,75.07583333333334
mac-08,Project Lumen,ram,2025-01-12,75.65291666666667
mac-08,Project Lumen,ram,2025-01-13,74.1475
mac-08,Project Lumen,ram,2025-01-14,75.05291666666666
mac-08,Project Lumen,ram,2025-01-15,76.21333333333334
mac-08,Project Lumen,ram,2025-01-16,75.10000000000001
mac-08,Project Lumen,ram,2025-01-17,73.80791666666666
mac-08,Project Lumen,ram,2025-01-18,73.55083333333333
mac-08,Project Lumen,ram,2025-01-19,74.38916666666667
mac-08,Project Lumen,ram,2025-01-20,74.93875
mac-08,Project Lumen,ram,2025-01-21,75.67208333333333
mac-08,Project Lumen,ram,2025-01-22,74.48916666666666
mac-08,Project Lumen,ram,2025-01-23,75.97291666666666
mac-08,Project Lumen,ram,2025-01-24,74.58333333333333
mac-08,Project Lumen,ram,2025-01-25,73.55416666666666
mac-08,Project Lumen,ram,2025-01-26,75.10666666666667
mac-08,Project Lumen,ram,2025-01-27,74.67541666666666
mac-08,Project Lumen,ram,2025-01-28,75.46541666666667
mac-08,Project Lumen,ram,2025-01-29,75.19833333333334
mac-08,Project Lumen,ram,2025-01-30,73.96625
mac-08,Project Lumen,ram,2025-01-31,75.49374999999999
mac-08,Project Lumen,ram,2025-02-01,74.10708333333334
mac-08,Project Lumen,ram,2025-02-02,75.435
mac-08,Project Lumen,ram,2025-02-03,76.23916666666666
mac-08,Project Lumen,ram,2025-02-04,73.98416666666667
mac-08,Project Lumen,ram,2025-02-05,76.78708333333333
mac-08,Project Lumen,ram,2025-02-06,75.35541666666667
mac-08,Project Lumen,ram,2025-02-07,77.54708333333333
mac-08,Project Lumen,ram,2025-02-08,74.46625
mac-08,Project Lumen,ram,2025-02-09,73.97916666666667
mac-08,Project Lumen,ram,2025-02-10,76.06208333333333
mac-08,Project Lumen,ram,2025-02-11,75.0125
mac-08,Project Lumen,ram,2025-02-12,76.39625
mac-08,Project Lumen,ram,2025-02-13,75.50666666666667
mac-08,Project Lumen,ram,2025-02-14,74.24583333333334
mac-08,Project Lumen,ram,2025-02-15,73.78541666666666
mac-08,Project Lumen,ram,2025-02-16,74.44500000000001
mac-08,Project Lumen,ram,2025-02-17,74.79375
mac-08,Project Lumen,ram,2025-02-18,74.24625
mac-08,Project Lumen,ram,2025-02-19,75.49708333333334
mac-08,Project Lumen,ram,2025-02-20,74.425
mac-08,Project Lumen,ram,2025-02-21,74.82791666666667
mac-08,Project Lumen,ram,2025-02-22,74.7925
mac-08,Project Lumen,ram,2025-02-23,75.09416666666667
mac-08,Project Lumen,ram,2025-02-24,75.23416666666667
mac-08,Project Lumen,ram,2025-02-25,74.70166666666667
mac-08,Project Lumen,ram,2025-02-26,75.88458333333334
mac-08,Project Lumen,ram,2025-02-27,75.61791666666666
mac-08,Project Lumen,ram,2025-02-28,75.50833333333334
mac-08,Project Lumen,ram,2025-03-01,75.485
mac-08,Project Lumen,ram,2025-03-02,74.29375
mac-08,Project Lumen,ram,2025-03-03,76.10166666666667
mac-08,Project Lumen,ram,2025-03-04,76.215
mac-08,Project Lumen,ram,2025-03-05,74.53333333333333
mac-08,Project Lumen,ram,2025-03-06,74.0675
mac-08,Project Lumen,ram,2025-03-07,76.04458333333334
mac-08,Project Lumen,ram,2025-03-08,73.83333333333333
mac-08,Project Lumen,ram,2025-03-09,75.99291666666666
mac-08,Project Lumen,ram,2025-03-10,75.915
mac-08,Project Lumen,ram,2025-03-11,75.15375
mac-08,Project Lumen,ram,2025-03-12,75.50041666666667
mac-08,Project Lumen,ram,2025-03-13,74.28958333333334
mac-08,Project Lumen,ram,2025-03-14,76.9725
mac-08,Project Lumen,ram,2025-03-15,77.41583333333334
mac-08,Project Lumen,ram,2025-03-16,76.29875
mac-08,Project Lumen,ram,2025-03-17,75.96333333333332
mac-08,Project Lumen,ram,2025-03-18,75.92625
mac-08,Project Lumen,ram,2025-03-19,75.80166666666666
mac-08,Project Lumen,ram,2025-03-20,75.69958333333334
mac-08,Project Lumen,ram,2025-03-21,75.855
mac-08,Project Lumen,ram,2025-03-22,75.79791666666667
mac-08,Project Lumen,ram,2025-03-23,76.33458333333333
mac-08,Project Lumen,ram,2025-03-24,77.53125
mac-08,Project Lumen,ram,2025-03-25,75.66
mac-08,Project Lumen,ram,2025-03-26,75.62625
mac-08,Project Lumen,ram,2025-03-27,76.27291666666666
mac-08,Project Lumen,ram,2025-03-28,75.95458333333333
mac-08,Project Lumen,ram,2025-03-29,76.12416666666667
mac-08,Project Lumen,ram,2025-03-30,75.78166666666667
mac-08,Project Lumen,ram,2025-03-31,75.21958333333333
mac-08,Project Lumen,ram,2025-04-01,76.0825
mac-08,Project Lumen,ram,2025-04-02,74.99916666666667
mac-08,Project Lumen,ram,2025-04-03,76.62583333333333
mac-08,Project Lumen,ram,2025-04-04,75.30708333333332
mac-08,Project Lumen,ram,2025-04-05,75.61166666666666
mac-08,Project Lumen,ram,2025-04-06,75.5225
mac-08,Project Lumen,ram,2025-04-07,75.6475
mac-08,Project Lumen,ram,2025-04-08,76.19833333333334
mac-08,Project Lumen,ram,2025-04-09,75.47500000000001
mac-08,Project Lumen,ram,2025-04-10,75.79541666666667
mac-08,Project Lumen,ram,2025-04-11,76.3325
mac-08,Project Lumen,ram,2025-04-12,76.08875
mac-08,Project Lumen,ram,2025-04-13,76.2175
mac-08,Project Lumen,ram,2025-04-14,75.93541666666667
mac-08,Project Lumen,ram,2025-04-15,77.42541666666666
mac-08,Project Lumen,ram,2025-04-16,74.90708333333333
mac-08,Project Lumen,ram,2025-04-17,78.07208333333334
mac-08,Project Lumen,ram,2025-04-18,76.26083333333334
mac-08,Project Lumen,ram,2025-04-19,76.58833333333332
mac-08,Project Lumen,ram,2025-04-20,76.64666666666666
mac-08,Project Lumen,ram,2025-04-21,76.92291666666667
mac-08,Project Lumen,ram,2025-04-22,75.83125
mac-08,Project Lumen,ram,2025-04-23,77.04666666666667
mac-08,Project Lumen,ram,2025-04-24,77.33166666666666
mac-08,Project Lumen,ram,2025-04-25,77.37583333333333
mac-08,Project Lumen,ram,2025-04-26,76.30333333333333
mac-08,Project Lumen,ram,2025-04-27,75.73458333333333
mac-08,Project Lumen,ram,2025-04-28,76.92458333333333
mac-08,Project Lumen,ram,2025-04-29,75.93124999999999
mac-08,Project Lumen,ram,2025-04-30,76.25708333333334
mac-08,Project Lumen,ram,2025-05-01,77.04666666666667
mac-08,Project Lumen,ram,2025-05-02,75.73583333333333
mac-08,Project Lumen,ram,2025-05-03,76.63291666666667
mac-08,Project Lumen,ram,2025-05-04,74.58666666666666
mac-08,Project Lumen,ram,2025-05-05,76.14833333333333
mac-08,Project Lumen,ram,2025-05-06,76.13083333333333
mac-08,Project Lumen,ram,2025-05-07,78.64208333333333
mac-08,Project Lumen,ram,2025-05-08,77.30499999999999
mac-08,Project Lumen,ram,2025-05-09,75.95083333333334
mac-08,Project Lumen,ram,2025-05-10,76.54625
mac-08,Project Lumen,ram,2025-05-11,76.23208333333334
mac-08,Project Lumen,ram,2025-05-12,75.77374999999999
mac-08,Project Lumen,ram,2025-05-13,75.5725
mac-08,Project Lumen,ram,2025-05-14,77.74041666666666
mac-08,Project Lumen,ram,2025-05-15,77.64291666666666
mac-08,Project Lumen,ram,2025-05-16,75.52041666666666
mac-08,Project Lumen,ram,2025-05-17,77.79208333333334
mac-08,Project Lumen,ram,2025-05-18,77.77875
mac-08,Project Lumen,ram,2025-05-19,76.85000000000001
mac-08,Project Lumen,ram,2025-05-20,76.14333333333333
mac-08,Project Lumen,ram,2025-05-21,77.49249999999999
mac-08,Project Lumen,ram,2025-05-22,76.24166666666666
mac-08,Project Lumen,ram,2025-05-23,76.58791666666667
mac-08,Project Lumen,ram,2025-05-24,76.83791666666666
mac-08,Project Lumen,ram,2025-05-25,77.35041666666667
mac-08,Project Lumen,ram,2025-05-26,76.29625
mac-08,Project Lumen,ram,2025-05-27,76.67999999999999
mac-08,Project Lumen,ram,2025-05-28,78.03666666666668
mac-08,Project Lumen,ram,2025-05-29,76.13208333333334
mac-08,Project Lumen,ram,2025-05-30,75.69625
mac-08,Project Lumen,ram,2025-05-31,76.91875
mac-08,Project Lumen,ram,2025-06-01,76.8925
mac-08,Project Lumen,ram,2025-06-02,76.54833333333333
mac-08,Project Lumen,ram,2025-06-03,77.35916666666667
mac-08,Project Lumen,ram,2025-06-04,78.94291666666668
mac-08,Project Lumen,ram,2025-06-05,77.70083333333334
mac-08,Project Lumen,ram,2025-06-06,78.0475
mac-08,Project Lumen,ram,2025-06-07,78.125
mac-08,Project Lumen,ram,2025-06-08,76.76791666666666
mac-08,Project Lumen,ram,2025-06-09,77.52666666666667
mac-08,Project Lumen,ram,2025-06-10,78.41
mac-08,Project Lumen,ram,2025-06-11,77.35458333333334
mac-08,Project Lumen,ram,2025-06-12,77.36083333333333
mac-08,Project Lumen,ram,2025-06-13,75.86125
mac-08,Project Lumen,ram,2025-06-14,76.58
mac-08,Project Lumen,ram,2025-06-15,76.97
mac-08,Project Lumen,ram,2025-06-16,79.03041666666667
mac-08,Project Lumen,ram,2025-06-17,78.10583333333334
mac-08,Project Lumen,ram,2025-06-18,76.14083333333333
mac-08,Project Lumen,ram,2025-06-19,76.95958333333333
mac-08,Project Lumen,ram,2025-06-20,77.51875
mac-08,Project Lumen,ram,2025-06-21,77.98833333333333
mac-08,Project Lumen,ram,2025-06-22,78.02791666666667
mac-08,Project Lumen,ram,2025-06-23,77.66291666666667
mac-08,Project Lumen,ram,2025-06-24,77.76375
mac-08,Project Lumen,ram,2025-06-25,76.79791666666667
mac-08,Project Lumen,ram,2025-06-26,77.13416666666667
mac-08,Project Lumen,ram,2025-06-27,76.85125000000001
mac-08,Project Lumen,ram,2025-06-28,78.22541666666667
mac-08,Project Lumen,ram,2025-06-29,77.65958333333333
mac-08,Project Lumen,ram,2025-06-30,77.79083333333334
mac-08,Project Lumen,ram,2025-07-01,78.00791666666667
mac-08,Project Lumen,ram,2025-07-02,77.56958333333334
mac-08,Project Lumen,ram,2025-07-03,78.09
mac-08,Project Lumen,ram,2025-07-04,76.86083333333333
mac-08,Project Lumen,ram,2025-07-05,77.67708333333333
mac-08,Project Lumen,ram,2025-07-06,77.68833333333333
mac-08,Project Lumen,ram,2025-07-07,77.97375
mac-08,Project Lumen,ram,2025-07-08,76.60916666666667
mac-08,Project Lumen,ram,2025-07-09,77.96416666666667
mac-08,Project Lumen,ram,2025-07-10,79.015
mac-08,Project Lumen,ram,2025-07-11,77.97916666666667
mac-08,Project Lumen,ram,2025-07-12,78.12666666666667
mac-08,Project Lumen,ram,2025-07-13,77.32875
mac-08,Project Lumen,ram,2025-07-14,77.21249999999999
mac-08,Project Lumen,ram,2025-07-15,79.45125
mac-08,Project Lumen,ram,2025-07-16,78.63708333333334
mac-08,Project Lumen,ram,2025-07-17,77.94500000000001
mac-08,Project Lumen,ram,2025-07-18,77.03625
mac-08,Project Lumen,ram,2025-07-19,76.51375
mac-08,Project Lumen,ram,2025-07-20,77.92291666666667
mac-08,Project Lumen,ram,2025-07-21,77.92458333333333
mac-08,Project Lumen,ram,2025-07-22,78.20625
mac-08,Project Lumen,ram,2025-07-23,78.77208333333333
mac-08,Project Lumen,ram,2025-07-24,77.98291666666667
mac-08,Project Lumen,ram,2025-07-25,77.60958333333333
mac-08,Project Lumen,ram,2025-07-26,76.79291666666667
mac-08,Project Lumen,ram,2025-07-27,78.03458333333333
mac-08,Project Lumen,ram,2025-07-28,78.74916666666667
mac-08,Project Lumen,ram,2025-07-29,78.9175
mac-08,Project Lumen,ram,2025-07-30,78.29208333333334
mac-08,Project Lumen,ram,2025-07-31,77.30208333333333
mac-08,Project Lumen,ram,2025-08-01,77.53333333333333
mac-08,Project Lumen,ram,2025-08-02,77.41791666666667
mac-08,Project Lumen,ram,2025-08-03,79.01916666666666
mac-08,Project Lumen,ram,2025-08-04,77.56625
mac-08,Project Lumen,ram,2025-08-05,78.13458333333334
mac-08,Project Lumen,ram,2025-08-06,79.53791666666667
mac-08,Project Lumen,ram,2025-08-07,77.94041666666666
mac-08,Project Lumen,ram,2025-08-08,79.52291666666666
mac-08,Project Lumen,ram,2025-08-09,78.29791666666667
mac-08,Project Lumen,ram,2025-08-10,77.60125000000001
mac-08,Project Lumen,ram,2025-08-11,79.82958333333333
mac-08,Project Lumen,ram,2025-08-12,77.86708333333333
mac-08,Project Lumen,ram,2025-08-13,77.8475
mac-08,Project Lumen,ram,2025-08-14,78.42041666666667
mac-08,Project Lumen,ram,2025-08-15,78.63875
mac-08,Project Lumen,ram,2025-08-16,79.95708333333333
mac-08,Project Lumen,ram,2025-08-17,77.92416666666666
mac-08,Project Lumen,ram,2025-08-18,77.74666666666667
mac-08,Project Lumen,ram,2025-08-19,78.88958333333333
mac-08,Project Lumen,ram,2025-08-20,79.36791666666666
mac-08,Project Lumen,ram,2025-08-21,78.91708333333334
mac-08,Project Lumen,ram,2025-08-22,78.1225
mac-08,Project Lumen,ram,2025-08-23,77.9325
mac-08,Project Lumen,ram,2025-08-24,78.41458333333334
mac-08,Project Lumen,ram,2025-08-25,77.95083333333334
mac-08,Project Lumen,ram,2025-08-26,77.42999999999999
mac-08,Project Lumen,ram,2025-08-27,79.87375
mac-08,Project Lumen,ram,2025-08-28,76.46916666666667
mac-08,Project Lumen,ram,2025-08-29,79.16666666666667
mac-08,Project Lumen,ram,2025-08-30,77.42
mac-08,Project Lumen,ram,2025-08-31,79.23916666666666
mac-08,Project Lumen,ram,2025-09-01,77.92958333333333
mac-08,Project Lumen,ram,2025-09-02,77.61208333333333
mac-08,Project Lumen,ram,2025-09-03,78.59
mac-08,Project Lumen,ram,2025-09-04,78.37625
mac-08,Project Lumen,ram,2025-09-05,78.75541666666668
mac-08,Project Lumen,ram,2025-09-06,78.81
mac-08,Project Lumen,ram,2025-09-07,78.43875
mac-08,Project Lumen,ram,2025-09-08,79.52791666666667
mac-08,Project Lumen,ram,2025-09-09,77.17541666666666
mac-08,Project Lumen,ram,2025-09-10,78.38
mac-08,Project Lumen,ram,2025-09-11,78.4775
mac-08,Project Lumen,ram,2025-09-12,78.755
mac-08,Project Lumen,ram,2025-09-13,80.55208333333333
mac-08,Project Lumen,ram,2025-09-14,77.54541666666667
mac-08,Project Lumen,ram,2025-09-15,80.28041666666667
mac-08,Project Lumen,ram,2025-09-16,79.35125000000001
mac-08,Project Lumen,ram,2025-09-17,77.35125000000001
mac-08,Project Lumen,ram,2025-09-18,79.5725
mac-08,Project Lumen,ram,2025-09-19,79.86541666666666
mac-08,Project Lumen,ram,2025-09-20,78.90583333333333
mac-08,Project Lumen,ram,2025-09-21,78.92416666666666
mac-08,Project Lumen,ram,2025-09-22,78.33708333333333
mac-08,Project Lumen,ram,2025-09-23,79.22333333333333
mac-08,Project Lumen,ram,2025-09-24,78.90875
mac-08,Project Lumen,ram,2025-09-25,77.83541666666666
mac-08,Project Lumen,ram,2025-09-26,79.04875
mac-08,Project Lumen,ram,2025-09-27,78.7675
mac-08,Project Lumen,ram,2025-09-28,79.96375
mac-08,Project Lumen,ram,2025-09-29,78.55375
mac-08,Project Lumen,ram,2025-09-30,79.51458333333333
mac-08,Project Lumen,ram,2025-10-01,78.45541666666666
mac-08,Project Lumen,ram,2025-10-02,79.40458333333333
mac-08,Project Lumen,ram,2025-10-03,79.49583333333334
mac-08,Project Lumen,ram,2025-10-04,79.28625
mac-08,Project Lumen,ram,2025-10-05,79.58624999999999
mac-08,Project Lumen,ram,2025-10-06,79.07541666666667
mac-08,Project Lumen,ram,2025-10-07,79.3575
mac-08,Project Lumen,ram,2025-10-08,78.39958333333333
mac-08,Project Lumen,ram,2025-10-09,78.55916666666667
mac-08,Project Lumen,ram,2025-10-10,79.30791666666666
mac-08,Project Lumen,ram,2025-10-11,79.81208333333333
mac-08,Project Lumen,ram,2025-10-12,80.26416666666667
mac-08,Project Lumen,ram,2025-10-13,78.65208333333334
mac-08,Project Lumen,ram,2025-10-14,79.92375
mac-08,Project Lumen,ram,2025-10-15,78.855
mac-08,Project Lumen,ram,2025-10-16,79.8775
mac-08,Project Lumen,ram,2025-10-17,79.56791666666668
mac-08,Project Lumen,ram,2025-10-18,79.42666666666666
mac-08,Project Lumen,ram,2025-10-19,79.45875
mac-08,Project Lumen,ram,2025-10-20,80.005
mac-08,Project Lumen,ram,2025-10-21,78.84875
mac-08,Project Lumen,ram,2025-10-22,79.36458333333333
mac-08,Project Lumen,ram,2025-10-23,78.63333333333334
mac-08,Project Lumen,ram,2025-10-24,80.93166666666666
mac-08,Project Lumen,ram,2025-10-25,78.39375
mac-08,Project Lumen,ram,2025-10-26,80.35833333333333
mac-08,Project Lumen,ram,2025-10-27,79.29291666666667
mac-08,Project Lumen,ram,2025-10-28,78.61541666666666
mac-08,Project Lumen,ram,2025-10-29,80.02583333333332
mac-08,Project Lumen,ram,2025-10-30,79.86958333333332
mac-08,Project Lumen,ram,2025-10-31,78.99208333333333
mac-08,Project Lumen,ram,2025-11-01,80.08958333333334
mac-08,Project Lumen,ram,2025-11-02,79.18958333333333
mac-08,Project Lumen,ram,2025-11-03,80.53750000000001
mac-08,Project Lumen,ram,2025-11-04,79.69666666666667
mac-08,Project Lumen,ram,2025-11-05,79.02833333333334
mac-08,Project Lumen,ram,2025-11-06,80.22375
mac-08,Project Lumen,ram,2025-11-07,80.36583333333333
mac-08,Project Lumen,ram,2025-11-08,80.32583333333334
mac-08,Project Lumen,ram,2025-11-09,80.16791666666667
mac-08,Project Lumen,ram,2025-11-10,79.82916666666667
mac-08,Project Lumen,ram,2025-11-11,79.97416666666668
mac-08,Project Lumen,ram,2025-11-12,79.64
mac-08,Project Lumen,ram,2025-11-13,79.39375
mac-08,Project Lumen,ram,2025-11-14,78.60541666666667
mac-08,Project Lumen,ram,2025-11-15,79.16958333333334
mac-08,Project Lumen,ram,2025-11-16,79.07833333333333
mac-08,Project Lumen,ram,2025-11-17,79.72
mac-08,Project Lumen,ram,2025-11-18,80.47375
mac-08,Project Lumen,ram,2025-11-19,79.61541666666666
mac-08,Project Lumen,ram,2025-11-20,80.36041666666667
mac-08,Project Lumen,ram,2025-11-21,80.64458333333333
mac-08,Project Lumen,ram,2025-11-22,80.98625
mac-08,Project Lumen,ram,2025-11-23,80.52291666666666
mac-08,Project Lumen,ram,2025-11-24,78.83916666666667
mac-08,Project Lumen,ram,2025-11-25,80.30708333333332
mac-08,Project Lumen,ram,2025-11-26,80.40458333333333
mac-08,Project Lumen,ram,2025-11-27,80.82791666666667
mac-08,Project Lumen,ram,2025-11-28,79.42625
mac-08,Project Lumen,ram,2025-11-29,79.68333333333334
mac-08,Project Lumen,ram,2025-11-30,79.75583333333334
mac-08,Project Lumen,ram,2025-12-01,80.31666666666666
mac-08,Project Lumen,ram,2025-12-02,80.03916666666667
mac-08,Project Lumen,ram,2025-12-03,79.73416666666667
mac-08,Project Lumen,ram,2025-12-04,80.53041666666667
mac-08,Project Lumen,ram,2025-12-05,79.49083333333333
mac-08,Project Lumen,ram,2025-12-06,79.94875
mac-08,Project Lumen,ram,2025-12-07,79.91875
mac-08,Project Lumen,ram,2025-12-08,79.255
mac-08,Project Lumen,ram,2025-12-09,79.77041666666666
mac-08,Project Lumen,ram,2025-12-10,81.26958333333333
mac-08,Project Lumen,ram,2025-12-11,80.47583333333334
mac-08,Project Lumen,ram,2025-12-12,79.9775
mac-08,Project Lumen,ram,2025-12-13,79.21333333333334
mac-08,Project Lumen,ram,2025-12-14,80.92916666666666
mac-08,Project Lumen,ram,2025-12-15,81.47916666666667
mac-08,Project Lumen,ram,2025-12-16,80.9525
mac-08,Project Lumen,ram,2025-12-17,80.405
mac-08,Project Lumen,ram,2025-12-18,80.4725
mac-08,Project Lumen,ram,2025-12-19,80.39333333333333
mac-08,Project Lumen,ram,2025-12-20,81.24166666666666
mac-08,Project Lumen,ram,2025-12-21,78.04041666666667
mac-08,Project Lumen,ram,2025-12-22,80.31375
mac-08,Project Lumen,ram,2025-12-23,80.22625000000001
mac-08,Project Lumen,ram,2025-12-24,79.66375000000001
mac-08,Project Lumen,ram,2025-12-25,81.41875
mac-08,Project Lumen,ram,2025-12-26,81.73833333333333
mac-08,Project Lumen,ram,2025-12-27,81.37583333333333
mac-08,Project Lumen,ram,2025-12-28,81.20541666666666
mac-08,Project Lumen,ram,2025-12-29,79.98
mac-08,Project Lumen,ram,2025-12-30,82.56333333333333
mac-08,Project Lumen,ram,2025-12-31,80.35833333333333
