timestamp,mac_id,project_name,resource_type,allocated_capacity,used_capacity,capacity_unit,utilization_pct
2025-01-01 00:00:00,mac-waste-scenario,Project Vega,cpu,12,1.8,cores,15.0
2025-01-01 01:00:00,mac-waste-scenario,Project Vega,cpu,12,1.87,cores,15.6
2025-01-01 02:00:00,mac-waste-scenario,Project Vega,cpu,12,1.73,cores,14.45
2025-01-01 03:00:00,mac-waste-scenario,Project Vega,cpu,12,1.59,cores,13.22
2025-01-01 04:00:00,mac-waste-scenario,Project Vega,cpu,12,1.69,cores,14.09
2025-01-01 05:00:00,mac-waste-scenario,Project Vega,cpu,12,1.56,cores,13.02
2025-01-01 06:00:00,mac-waste-scenario,Project Vega,cpu,12,1.81,cores,15.12
2025-01-01 07:00:00,mac-waste-scenario,Project Vega,cpu,12,2.12,cores,17.68
2025-01-01 08:00:00,mac-waste-scenario,Project Vega,cpu,12,1.68,cores,14.02
2025-01-01 09:00:00,mac-waste-scenario,Project Vega,cpu,12,1.65,cores,13.76
2025-01-01 10:00:00,mac-waste-scenario,Project Vega,cpu,12,1.92,cores,15.98
2025-01-01 11:00:00,mac-waste-scenario,Project Vega,cpu,12,1.89,cores,15.71
2025-01-01 12:00:00,mac-waste-scenario,Project Vega,cpu,12,1.83,cores,15.21
2025-01-01 13:00:00,mac-waste-scenario,Project Vega,cpu,12,1.58,cores,13.14
2025-01-01 14:00:00,mac-waste-scenario,Project Vega,cpu,12,1.79,cores,14.94
2025-01-01 15:00:00,mac-waste-scenario,Project Vega,cpu,12,1.97,cores,16.39
2025-01-01 16:00:00,mac-waste-scenario,Project Vega,cpu,12,1.48,cores,12.31
2025-01-01 17:00:00,mac-waste-scenario,Project Vega,cpu,12,1.69,cores,14.08
2025-01-01 18:00:00,mac-waste-scenario,Project Vega,cpu,12,1.34,cores,11.2
2025-01-01 19:00:00,mac-waste-scenario,Project Vega,cpu,12,1.49,cores,12.42
2025-01-01 20:00:00,mac-waste-scenario,Project Vega,cpu,12,1.36,cores,11.32
2025-01-01 21:00:00,mac-waste-scenario,Project Vega,cpu,12,1.74,cores,14.53
2025-01-01 22:00:00,mac-waste-scenario,Project Vega,cpu,12,1.5,cores,12.47
2025-01-01 23:00:00,mac-waste-scenario,Project Vega,cpu,12,1.87,cores,15.54
2025-01-02 00:00:00,mac-waste-scenario,Project Vega,cpu,12,1.84,cores,15.31
2025-01-02 01:00:00,mac-waste-scenario,Project Vega,cpu,12,1.76,cores,14.63
2025-01-02 02:00:00,mac-waste-scenario,Project Vega,cpu,12,1.2,cores,9.97
2025-01-02 03:00:00,mac-waste-scenario,Project Vega,cpu,12,1.67,cores,13.92
2025-01-02 04:00:00,mac-waste-scenario,Project Vega,cpu,12,1.79,cores,14.9
2025-01-02 05:00:00,mac-waste-scenario,Project Vega,cpu,12,1.83,cores,15.23
2025-01-02 06:00:00,mac-waste-scenario,Project Vega,cpu,12,1.43,cores,11.94
2025-01-02 07:00:00,mac-waste-scenario,Project Vega,cpu,12,1.69,cores,14.04
2025-01-02 08:00:00,mac-waste-scenario,Project Vega,cpu,12,1.57,cores,13.04
2025-01-02 09:00:00,mac-waste-scenario,Project Vega,cpu,12,1.61,cores,13.38
2025-01-02 10:00:00,mac-waste-scenario,Project Vega,cpu,12,2.05,cores,17.12
2025-01-02 11:00:00,mac-waste-scenario,Project Vega,cpu,12,1.61,cores,13.38
2025-01-02 12:00:00,mac-waste-scenario,Project Vega,cpu,12,1.79,cores,14.93
2025-01-02 13:00:00,mac-waste-scenario,Project Vega,cpu,12,2.01,cores,16.77
2025-01-02 14:00:00,mac-waste-scenario,Project Vega,cpu,12,1.66,cores,13.83
2025-01-02 15:00:00,mac-waste-scenario,Project Vega,cpu,12,1.77,cores,14.78
2025-01-02 16:00:00,mac-waste-scenario,Project Vega,cpu,12,1.83,cores,15.22
2025-01-02 17:00:00,mac-waste-scenario,Project Vega,cpu,12,1.82,cores,15.13
2025-01-02 18:00:00,mac-waste-scenario,Project Vega,cpu,12,1.51,cores,12.55
2025-01-02 19:00:00,mac-waste-scenario,Project Vega,cpu,12,1.82,cores,15.15
2025-01-02 20:00:00,mac-waste-scenario,Project Vega,cpu,12,2.13,cores,17.72
2025-01-02 21:00:00,mac-waste-scenario,Project Vega,cpu,12,1.43,cores,11.91
2025-01-02 22:00:00,mac-waste-scenario,Project Vega,cpu,12,2.01,cores,16.72
2025-01-02 23:00:00,mac-waste-scenario,Project Vega,cpu,12,1.83,cores,15.24
2025-01-03 00:00:00,mac-waste-scenario,Project Vega,cpu,12,1.65,cores,13.72
2025-01-03 01:00:00,mac-waste-scenario,Project Vega,cpu,12,2.28,cores,19.0
2025-01-03 02:00:00,mac-waste-scenario,Project Vega,cpu,12,1.98,cores,16.52
2025-01-03 03:00:00,mac-waste-scenario,Project Vega,cpu,12,1.51,cores,12.6
2025-01-03 04:00:00,mac-waste-scenario,Project Vega,cpu,12,1.82,cores,15.15
2025-01-03 05:00:00,mac-waste-scenario,Project Vega,cpu,12,1.94,cores,16.15
2025-01-03 06:00:00,mac-waste-scenario,Project Vega,cpu,12,1.75,cores,14.62
2025-01-03 07:00:00,mac-waste-scenario,Project Vega,cpu,12,1.96,cores,16.37
2025-01-03 08:00:00,mac-waste-scenario,Project Vega,cpu,12,1.78,cores,14.87
2025-01-03 09:00:00,mac-waste-scenario,Project Vega,cpu,12,1.96,cores,16.33
2025-01-03 10:00:00,mac-waste-scenario,Project Vega,cpu,12,2.15,cores,17.88
2025-01-03 11:00:00,mac-waste-scenario,Project Vega,cpu,12,1.64,cores,13.65
2025-01-03 12:00:00,mac-waste-scenario,Project Vega,cpu,12,1.85,cores,15.41
2025-01-03 13:00:00,mac-waste-scenario,Project Vega,cpu,12,1.69,cores,14.07
2025-01-03 14:00:00,mac-waste-scenario,Project Vega,cpu,12,1.83,cores,15.25
2025-01-03 15:00:00,mac-waste-scenario,Project Vega,cpu,12,1.52,cores,12.63
2025-01-03 16:00:00,mac-waste-scenario,Project Vega,cpu,12,1.66,cores,13.84
2025-01-03 17:00:00,mac-waste-scenario,Project Vega,cpu,12,1.75,cores,14.61
2025-01-03 18:00:00,mac-waste-scenario,Project Vega,cpu,12,2.02,cores,16.8
2025-01-03 19:00:00,mac-waste-scenario,Project Vega,cpu,12,2.07,cores,17.29
2025-01-03 20:00:00,mac-waste-scenario,Project Vega,cpu,12,1.48,cores,12.35
2025-01-03 21:00:00,mac-waste-scenario,Project Vega,cpu,12,1.61,cores,13.41
2025-01-03 22:00:00,mac-waste-scenario,Project Vega,cpu,12,1.96,cores,16.29
2025-01-03 23:00:00,mac-waste-scenario,Project Vega,cpu,12,1.32,cores,11.02
2025-01-04 00:00:00,mac-waste-scenario,Project Vega,cpu,12,1.69,cores,14.07
2025-01-04 01:00:00,mac-waste-scenario,Project Vega,cpu,12,1.78,cores,14.81
2025-01-04 02:00:00,mac-waste-scenario,Project Vega,cpu,12,2.1,cores,17.51
2025-01-04 03:00:00,mac-waste-scenario,Project Vega,cpu,12,1.97,cores,16.38
2025-01-04 04:00:00,mac-waste-scenario,Project Vega,cpu,12,1.72,cores,14.35
2025-01-04 05:00:00,mac-waste-scenario,Project Vega,cpu,12,1.71,cores,14.26
2025-01-04 06:00:00,mac-waste-scenario,Project Vega,cpu,12,1.74,cores,14.5
2025-01-04 07:00:00,mac-waste-scenario,Project Vega,cpu,12,2.17,cores,18.05
2025-01-04 08:00:00,mac-waste-scenario,Project Vega,cpu,12,1.7,cores,14.14
2025-01-04 09:00:00,mac-waste-scenario,Project Vega,cpu,12,1.73,cores,14.39
2025-01-04 10:00:00,mac-waste-scenario,Project Vega,cpu,12,1.88,cores,15.71
2025-01-04 11:00:00,mac-waste-scenario,Project Vega,cpu,12,1.77,cores,14.76
2025-01-04 12:00:00,mac-waste-scenario,Project Vega,cpu,12,1.75,cores,14.61
2025-01-04 13:00:00,mac-waste-scenario,Project Vega,cpu,12,1.53,cores,12.77
2025-01-04 14:00:00,mac-waste-scenario,Project Vega,cpu,12,1.8,cores,14.98
2025-01-04 15:00:00,mac-waste-scenario,Project Vega,cpu,12,1.69,cores,14.11
2025-01-04 16:00:00,mac-waste-scenario,Project Vega,cpu,12,2.08,cores,17.33
2025-01-04 17:00:00,mac-waste-scenario,Project Vega,cpu,12,1.96,cores,16.31
2025-01-04 18:00:00,mac-waste-scenario,Project Vega,cpu,12,1.79,cores,14.95
2025-01-04 19:00:00,mac-waste-scenario,Project Vega,cpu,12,1.96,cores,16.34
2025-01-04 20:00:00,mac-waste-scenario,Project Vega,cpu,12,1.72,cores,14.32
2025-01-04 21:00:00,mac-waste-scenario,Project Vega,cpu,12,2.05,cores,17.1
2025-01-04 22:00:00,mac-waste-scenario,Project Vega,cpu,12,1.8,cores,14.99
2025-01-04 23:00:00,mac-waste-scenario,Project Vega,cpu,12,1.94,cores,16.17
2025-01-05 00:00:00,mac-waste-scenario,Project Vega,cpu,12,1.49,cores,12.42
2025-01-05 01:00:00,mac-waste-scenario,Project Vega,cpu,12,1.88,cores,15.69
2025-01-05 02:00:00,mac-waste-scenario,Project Vega,cpu,12,1.39,cores,11.62
2025-01-05 03:00:00,mac-waste-scenario,Project Vega,cpu,12,1.31,cores,10.93
2025-01-05 04:00:00,mac-waste-scenario,Project Vega,cpu,12,1.73,cores,14.39
2025-01-05 05:00:00,mac-waste-scenario,Project Vega,cpu,12,1.58,cores,13.2
2025-01-05 06:00:00,mac-waste-scenario,Project Vega,cpu,12,1.84,cores,15.33
2025-01-05 07:00:00,mac-waste-scenario,Project Vega,cpu,12,2.34,cores,19.49
2025-01-05 08:00:00,mac-waste-scenario,Project Vega,cpu,12,1.6,cores,13.34
2025-01-05 09:00:00,mac-waste-scenario,Project Vega,cpu,12,1.65,cores,13.75
2025-01-05 10:00:00,mac-waste-scenario,Project Vega,cpu,12,1.85,cores,15.41
2025-01-05 11:00:00,mac-waste-scenario,Project Vega,cpu,12,1.92,cores,15.99
2025-01-05 12:00:00,mac-waste-scenario,Project Vega,cpu,12,1.76,cores,14.65
2025-01-05 13:00:00,mac-waste-scenario,Project Vega,cpu,12,1.75,cores,14.59
2025-01-05 14:00:00,mac-waste-scenario,Project Vega,cpu,12,1.97,cores,16.4
2025-01-05 15:00:00,mac-waste-scenario,Project Vega,cpu,12,1.92,cores,16.04
2025-01-05 16:00:00,mac-waste-scenario,Project Vega,cpu,12,1.55,cores,12.93
2025-01-05 17:00:00,mac-waste-scenario,Project Vega,cpu,12,1.78,cores,14.84
2025-01-05 18:00:00,mac-waste-scenario,Project Vega,cpu,12,1.81,cores,15.07
2025-01-05 19:00:00,mac-waste-scenario,Project Vega,cpu,12,1.55,cores,12.89
2025-01-05 20:00:00,mac-waste-scenario,Project Vega,cpu,12,1.86,cores,15.52
2025-01-05 21:00:00,mac-waste-scenario,Project Vega,cpu,12,1.59,cores,13.28
2025-01-05 22:00:00,mac-waste-scenario,Project Vega,cpu,12,2.03,cores,16.94
2025-01-05 23:00:00,mac-waste-scenario,Project Vega,cpu,12,1.85,cores,15.39
2025-01-06 00:00:00,mac-waste-scenario,Project Vega,cpu,12,1.82,cores,15.18
2025-01-06 01:00:00,mac-waste-scenario,Project Vega,cpu,12,1.66,cores,13.82
2025-01-06 02:00:00,mac-waste-scenario,Project Vega,cpu,12,1.77,cores,14.76
2025-01-06 03:00:00,mac-waste-scenario,Project Vega,cpu,12,1.32,cores,11.0
2025-01-06 04:00:00,mac-waste-scenario,Project Vega,cpu,12,1.53,cores,12.74
2025-01-06 05:00:00,mac-waste-scenario,Project Vega,cpu,12,1.89,cores,15.73
2025-01-06 06:00:00,mac-waste-scenario,Project Vega,cpu,12,1.29,cores,10.74
2025-01-06 07:00:00,mac-waste-scenario,Project Vega,cpu,12,2.0,cores,16.69
2025-01-06 08:00:00,mac-waste-scenario,Project Vega,cpu,12,1.38,cores,11.51
2025-01-06 09:00:00,mac-waste-scenario,Project Vega,cpu,12,1.98,cores,16.51
2025-01-06 10:00:00,mac-waste-scenario,Project Vega,cpu,12,1.6,cores,13.31
2025-01-06 11:00:00,mac-waste-scenario,Project Vega,cpu,12,1.99,cores,16.56
2025-01-06 12:00:00,mac-waste-scenario,Project Vega,cpu,12,1.83,cores,15.26
2025-01-06 13:00:00,mac-waste-scenario,Project Vega,cpu,12,1.43,cores,11.93
2025-01-06 14:00:00,mac-waste-scenario,Project Vega,cpu,12,2.1,cores,17.5
2025-01-06 15:00:00,mac-waste-scenario,Project Vega,cpu,12,2.15,cores,17.88
2025-01-06 16:00:00,mac-waste-scenario,Project Vega,cpu,12,1.78,cores,14.87
2025-01-06 17:00:00,mac-waste-scenario,Project Vega,cpu,12,1.73,cores,14.45
2025-01-06 18:00:00,mac-waste-scenario,Project Vega,cpu,12,1.76,cores,14.68
2025-01-06 19:00:00,mac-waste-scenario,Project Vega,cpu,12,1.57,cores,13.05
2025-01-06 20:00:00,mac-waste-scenario,Project Vega,cpu,12,2.06,cores,17.2
2025-01-06 21:00:00,mac-waste-scenario,Project Vega,cpu,12,1.67,cores,13.91
2025-01-06 22:00:00,mac-waste-scenario,Project Vega,cpu,12,1.79,cores,14.9
2025-01-06 23:00:00,mac-waste-scenario,Project Vega,cpu,12,1.61,cores,13.41
2025-01-07 00:00:00,mac-waste-scenario,Project Vega,cpu,12,1.65,cores,13.75
2025-01-07 01:00:00,mac-waste-scenario,Project Vega,cpu,12,1.49,cores,12.44
2025-01-07 02:00:00,mac-waste-scenario,Project Vega,cpu,12,2.1,cores,17.51
2025-01-07 03:00:00,mac-waste-scenario,Project Vega,cpu,12,1.76,cores,14.69
2025-01-07 04:00:00,mac-waste-scenario,Project Vega,cpu,12,2.03,cores,16.93
2025-01-07 05:00:00,mac-waste-scenario,Project Vega,cpu,12,1.8,cores,15.03
2025-01-07 06:00:00,mac-waste-scenario,Project Vega,cpu,12,1.63,cores,13.61
2025-01-07 07:00:00,mac-waste-scenario,Project Vega,cpu,12,1.72,cores,14.35
2025-01-07 08:00:00,mac-waste-scenario,Project Vega,cpu,12,1.67,cores,13.88
2025-01-07 09:00:00,mac-waste-scenario,Project Vega,cpu,12,1.8,cores,15.02
2025-01-07 10:00:00,mac-waste-scenario,Project Vega,cpu,12,1.71,cores,14.25
2025-01-07 11:00:00,mac-waste-scenario,Project Vega,cpu,12,1.73,cores,14.4
2025-01-07 12:00:00,mac-waste-scenario,Project Vega,cpu,12,1.47,cores,12.24
2025-01-07 13:00:00,mac-waste-scenario,Project Vega,cpu,12,1.61,cores,13.39
2025-01-07 14:00:00,mac-waste-scenario,Project Vega,cpu,12,2.2,cores,18.31
2025-01-07 15:00:00,mac-waste-scenario,Project Vega,cpu,12,1.64,cores,13.66
2025-01-07 16:00:00,mac-waste-scenario,Project Vega,cpu,12,1.55,cores,12.89
2025-01-07 17:00:00,mac-waste-scenario,Project Vega,cpu,12,1.88,cores,15.67
2025-01-07 18:00:00,mac-waste-scenario,Project Vega,cpu,12,2.14,cores,17.81
2025-01-07 19:00:00,mac-waste-scenario,Project Vega,cpu,12,1.45,cores,12.09
2025-01-07 20:00:00,mac-waste-scenario,Project Vega,cpu,12,1.75,cores,14.58
2025-01-07 21:00:00,mac-waste-scenario,Project Vega,cpu,12,1.65,cores,13.74
2025-01-07 22:00:00,mac-waste-scenario,Project Vega,cpu,12,1.38,cores,11.48
2025-01-07 23:00:00,mac-waste-scenario,Project Vega,cpu,12,1.98,cores,16.47
2025-01-08 00:00:00,mac-waste-scenario,Project Vega,cpu,12,1.79,cores,14.95
2025-01-08 01:00:00,mac-waste-scenario,Project Vega,cpu,12,1.82,cores,15.14
2025-01-08 02:00:00,mac-waste-scenario,Project Vega,cpu,12,1.62,cores,13.5
2025-01-08 03:00:00,mac-waste-scenario,Project Vega,cpu,12,1.91,cores,15.91
2025-01-08 04:00:00,mac-waste-scenario,Project Vega,cpu,12,1.67,cores,13.92
2025-01-08 05:00:00,mac-waste-scenario,Project Vega,cpu,12,1.77,cores,14.71
2025-01-08 06:00:00,mac-waste-scenario,Project Vega,cpu,12,1.53,cores,12.78
2025-01-08 07:00:00,mac-waste-scenario,Project Vega,cpu,12,1.51,cores,12.57
2025-01-08 08:00:00,mac-waste-scenario,Project Vega,cpu,12,2.12,cores,17.67
2025-01-08 09:00:00,mac-waste-scenario,Project Vega,cpu,12,1.68,cores,13.99
2025-01-08 10:00:00,mac-waste-scenario,Project Vega,cpu,12,1.87,cores,15.58
2025-01-08 11:00:00,mac-waste-scenario,Project Vega,cpu,12,1.79,cores,14.93
2025-01-08 12:00:00,mac-waste-scenario,Project Vega,cpu,12,1.69,cores,14.12
2025-01-08 13:00:00,mac-waste-scenario,Project Vega,cpu,12,1.68,cores,13.98
2025-01-08 14:00:00,mac-waste-scenario,Project Vega,cpu,12,1.95,cores,16.26
2025-01-08 15:00:00,mac-waste-scenario,Project Vega,cpu,12,1.73,cores,14.4
2025-01-08 16:00:00,mac-waste-scenario,Project Vega,cpu,12,1.76,cores,14.7
2025-01-08 17:00:00,mac-waste-scenario,Project Vega,cpu,12,1.81,cores,15.04
2025-01-08 18:00:00,mac-waste-scenario,Project Vega,cpu,12,2.08,cores,17.35
2025-01-08 19:00:00,mac-waste-scenario,Project Vega,cpu,12,1.96,cores,16.36
2025-01-08 20:00:00,mac-waste-scenario,Project Vega,cpu,12,1.89,cores,15.77
2025-01-08 21:00:00,mac-waste-scenario,Project Vega,cpu,12,1.66,cores,13.87
2025-01-08 22:00:00,mac-waste-scenario,Project Vega,cpu,12,1.47,cores,12.24
2025-01-08 23:00:00,mac-waste-scenario,Project Vega,cpu,12,2.03,cores,16.9
2025-01-09 00:00:00,mac-waste-scenario,Project Vega,cpu,12,2.03,cores,16.93
2025-01-09 01:00:00,mac-waste-scenario,Project Vega,cpu,12,1.77,cores,14.72
2025-01-09 02:00:00,mac-waste-scenario,Project Vega,cpu,12,1.93,cores,16.08
2025-01-09 03:00:00,mac-waste-scenario,Project Vega,cpu,12,1.99,cores,16.56
2025-01-09 04:00:00,mac-waste-scenario,Project Vega,cpu,12,2.0,cores,16.66
2025-01-09 05:00:00,mac-waste-scenario,Project Vega,cpu,12,2.02,cores,16.84
2025-01-09 06:00:00,mac-waste-scenario,Project Vega,cpu,12,1.69,cores,14.09
2025-01-09 07:00:00,mac-waste-scenario,Project Vega,cpu,12,2.16,cores,18.03
2025-01-09 08:00:00,mac-waste-scenario,Project Vega,cpu,12,1.5,cores,12.51
2025-01-09 09:00:00,mac-waste-scenario,Project Vega,cpu,12,2.01,cores,16.72
2025-01-09 10:00:00,mac-waste-scenario,Project Vega,cpu,12,1.92,cores,15.99
2025-01-09 11:00:00,mac-waste-scenario,Project Vega,cpu,12,2.01,cores,16.75
2025-01-09 12:00:00,mac-waste-scenario,Project Vega,cpu,12,2.25,cores,18.76
2025-01-09 13:00:00,mac-waste-scenario,Project Vega,cpu,12,2.16,cores,17.97
2025-01-09 14:00:00,mac-waste-scenario,Project Vega,cpu,12,1.53,cores,12.71
2025-01-09 15:00:00,mac-waste-scenario,Project Vega,cpu,12,1.39,cores,11.62
2025-01-09 16:00:00,mac-waste-scenario,Project Vega,cpu,12,2.0,cores,16.63
2025-01-09 17:00:00,mac-waste-scenario,Project Vega,cpu,12,1.56,cores,12.97
2025-01-09 18:00:00,mac-waste-scenario,Project Vega,cpu,12,1.8,cores,14.98
2025-01-09 19:00:00,mac-waste-scenario,Project Vega,cpu,12,2.0,cores,16.68
2025-01-09 20:00:00,mac-waste-scenario,Project Vega,cpu,12,1.41,cores,11.71
2025-01-09 21:00:00,mac-waste-scenario,Project Vega,cpu,12,1.29,cores,10.78
2025-01-09 22:00:00,mac-waste-scenario,Project Vega,cpu,12,1.86,cores,15.52
2025-01-09 23:00:00,mac-waste-scenario,Project Vega,cpu,12,1.81,cores,15.09
2025-01-10 00:00:00,mac-waste-scenario,Project Vega,cpu,12,1.74,cores,14.51
2025-01-10 01:00:00,mac-waste-scenario,Project Vega,cpu,12,1.81,cores,15.08
2025-01-10 02:00:00,mac-waste-scenario,Project Vega,cpu,12,1.59,cores,13.28
2025-01-10 03:00:00,mac-waste-scenario,Project Vega,cpu,12,1.44,cores,11.97
2025-01-10 04:00:00,mac-waste-scenario,Project Vega,cpu,12,1.76,cores,14.67
2025-01-10 05:00:00,mac-waste-scenario,Project Vega,cpu,12,1.57,cores,13.06
2025-01-10 06:00:00,mac-waste-scenario,Project Vega,cpu,12,1.41,cores,11.71
2025-01-10 07:00:00,mac-waste-scenario,Project Vega,cpu,12,1.92,cores,16.01
2025-01-10 08:00:00,mac-waste-scenario,Project Vega,cpu,12,1.79,cores,14.88
2025-01-10 09:00:00,mac-waste-scenario,Project Vega,cpu,12,1.9,cores,15.81
2025-01-10 10:00:00,mac-waste-scenario,Project Vega,cpu,12,1.56,cores,13.02
2025-01-10 11:00:00,mac-waste-scenario,Project Vega,cpu,12,1.64,cores,13.68
2025-01-10 12:00:00,mac-waste-scenario,Project Vega,cpu,12,1.56,cores,13.0
2025-01-10 13:00:00,mac-waste-scenario,Project Vega,cpu,12,1.59,cores,13.23
2025-01-10 14:00:00,mac-waste-scenario,Project Vega,cpu,12,1.85,cores,15.39
2025-01-10 15:00:00,mac-waste-scenario,Project Vega,cpu,12,1.61,cores,13.43
2025-01-10 16:00:00,mac-waste-scenario,Project Vega,cpu,12,1.89,cores,15.71
2025-01-10 17:00:00,mac-waste-scenario,Project Vega,cpu,12,1.88,cores,15.68
2025-01-10 18:00:00,mac-waste-scenario,Project Vega,cpu,12,2.29,cores,19.05
2025-01-10 19:00:00,mac-waste-scenario,Project Vega,cpu,12,1.47,cores,12.21
2025-01-10 20:00:00,mac-waste-scenario,Project Vega,cpu,12,2.01,cores,16.78
2025-01-10 21:00:00,mac-waste-scenario,Project Vega,cpu,12,1.78,cores,14.82
2025-01-10 22:00:00,mac-waste-scenario,Project Vega,cpu,12,1.8,cores,14.97
2025-01-10 23:00:00,mac-waste-scenario,Project Vega,cpu,12,1.45,cores,12.1
2025-01-11 00:00:00,mac-waste-scenario,Project Vega,cpu,12,1.69,cores,14.08
2025-01-11 01:00:00,mac-waste-scenario,Project Vega,cpu,12,1.98,cores,16.49
2025-01-11 02:00:00,mac-waste-scenario,Project Vega,cpu,12,1.78,cores,14.84
2025-01-11 03:00:00,mac-waste-scenario,Project Vega,cpu,12,1.82,cores,15.16
2025-01-11 04:00:00,mac-waste-scenario,Project Vega,cpu,12,1.73,cores,14.42
2025-01-11 05:00:00,mac-waste-scenario,Project Vega,cpu,12,2.08,cores,17.31
2025-01-11 06:00:00,mac-waste-scenario,Project Vega,cpu,12,1.79,cores,14.96
2025-01-11 07:00:00,mac-waste-scenario,Project Vega,cpu,12,1.27,cores,10.6
2025-01-11 08:00:00,mac-waste-scenario,Project Vega,cpu,12,1.63,cores,13.62
2025-01-11 09:00:00,mac-waste-scenario,Project Vega,cpu,12,1.33,cores,11.06
2025-01-11 10:00:00,mac-waste-scenario,Project Vega,cpu,12,1.02,cores,8.5
2025-01-11 11:00:00,mac-waste-scenario,Project Vega,cpu,12,1.67,cores,13.94
2025-01-11 12:00:00,mac-waste-scenario,Project Vega,cpu,12,2.12,cores,17.67
2025-01-11 13:00:00,mac-waste-scenario,Project Vega,cpu,12,1.81,cores,15.09
2025-01-11 14:00:00,mac-waste-scenario,Project Vega,cpu,12,1.52,cores,12.65
2025-01-11 15:00:00,mac-waste-scenario,Project Vega,cpu,12,1.57,cores,13.12
2025-01-11 16:00:00,mac-waste-scenario,Project Vega,cpu,12,2.07,cores,17.26
2025-01-11 17:00:00,mac-waste-scenario,Project Vega,cpu,12,1.84,cores,15.32
2025-01-11 18:00:00,mac-waste-scenario,Project Vega,cpu,12,1.81,cores,15.1
2025-01-11 19:00:00,mac-waste-scenario,Project Vega,cpu,12,1.79,cores,14.89
2025-01-11 20:00:00,mac-waste-scenario,Project Vega,cpu,12,1.81,cores,15.08
2025-01-11 21:00:00,mac-waste-scenario,Project Vega,cpu,12,1.99,cores,16.61
2025-01-11 22:00:00,mac-waste-scenario,Project Vega,cpu,12,1.93,cores,16.11
2025-01-11 23:00:00,mac-waste-scenario,Project Vega,cpu,12,1.85,cores,15.43
2025-01-12 00:00:00,mac-waste-scenario,Project Vega,cpu,12,1.55,cores,12.91
2025-01-12 01:00:00,mac-waste-scenario,Project Vega,cpu,12,1.92,cores,16.02
2025-01-12 02:00:00,mac-waste-scenario,Project Vega,cpu,12,1.64,cores,13.63
2025-01-12 03:00:00,mac-waste-scenario,Project Vega,cpu,12,2.06,cores,17.19
2025-01-12 04:00:00,mac-waste-scenario,Project Vega,cpu,12,1.49,cores,12.46
2025-01-12 05:00:00,mac-waste-scenario,Project Vega,cpu,12,1.77,cores,14.72
2025-01-12 06:00:00,mac-waste-scenario,Project Vega,cpu,12,1.8,cores,14.99
2025-01-12 07:00:00,mac-waste-scenario,Project Vega,cpu,12,1.48,cores,12.35
2025-01-12 08:00:00,mac-waste-scenario,Project Vega,cpu,12,2.21,cores,18.44
2025-01-12 09:00:00,mac-waste-scenario,Project Vega,cpu,12,2.15,cores,17.92
2025-01-12 10:00:00,mac-waste-scenario,Project Vega,cpu,12,1.69,cores,14.07
2025-01-12 11:00:00,mac-waste-scenario,Project Vega,cpu,12,1.99,cores,16.54
2025-01-12 12:00:00,mac-waste-scenario,Project Vega,cpu,12,1.89,cores,15.76
2025-01-12 13:00:00,mac-waste-scenario,Project Vega,cpu,12,1.17,cores,9.77
2025-01-12 14:00:00,mac-waste-scenario,Project Vega,cpu,12,1.86,cores,15.5
2025-01-12 15:00:00,mac-waste-scenario,Project Vega,cpu,12,1.79,cores,14.88
2025-01-12 16:00:00,mac-waste-scenario,Project Vega,cpu,12,1.82,cores,15.17
2025-01-12 17:00:00,mac-waste-scenario,Project Vega,cpu,12,1.54,cores,12.85
2025-01-12 18:00:00,mac-waste-scenario,Project Vega,cpu,12,1.74,cores,14.46
2025-01-12 19:00:00,mac-waste-scenario,Project Vega,cpu,12,1.76,cores,14.64
2025-01-12 20:00:00,mac-waste-scenario,Project Vega,cpu,12,2.09,cores,17.38
2025-01-12 21:00:00,mac-waste-scenario,Project Vega,cpu,12,1.88,cores,15.67
2025-01-12 22:00:00,mac-waste-scenario,Project Vega,cpu,12,1.8,cores,14.99
2025-01-12 23:00:00,mac-waste-scenario,Project Vega,cpu,12,2.17,cores,18.06
2025-01-13 00:00:00,mac-waste-scenario,Project Vega,cpu,12,1.67,cores,13.89
2025-01-13 01:00:00,mac-waste-scenario,Project Vega,cpu,12,1.71,cores,14.22
2025-01-13 02:00:00,mac-waste-scenario,Project Vega,cpu,12,1.36,cores,11.37
2025-01-13 03:00:00,mac-waste-scenario,Project Vega,cpu,12,2.18,cores,18.14
2025-01-13 04:00:00,mac-waste-scenario,Project Vega,cpu,12,2.03,cores,16.93
2025-01-13 05:00:00,mac-waste-scenario,Project Vega,cpu,12,2.02,cores,16.83
2025-01-13 06:00:00,mac-waste-scenario,Project Vega,cpu,12,1.96,cores,16.34
2025-01-13 07:00:00,mac-waste-scenario,Project Vega,cpu,12,1.83,cores,15.22
2025-01-13 08:00:00,mac-waste-scenario,Project Vega,cpu,12,1.85,cores,15.43
2025-01-13 09:00:00,mac-waste-scenario,Project Vega,cpu,12,1.74,cores,14.5
2025-01-13 10:00:00,mac-waste-scenario,Project Vega,cpu,12,1.75,cores,14.59
2025-01-13 11:00:00,mac-waste-scenario,Project Vega,cpu,12,1.81,cores,15.11
2025-01-13 12:00:00,mac-waste-scenario,Project Vega,cpu,12,2.16,cores,18.02
2025-01-13 13:00:00,mac-waste-scenario,Project Vega,cpu,12,1.93,cores,16.11
2025-01-13 14:00:00,mac-waste-scenario,Project Vega,cpu,12,1.79,cores,14.88
2025-01-13 15:00:00,mac-waste-scenario,Project Vega,cpu,12,1.66,cores,13.84
2025-01-13 16:00:00,mac-waste-scenario,Project Vega,cpu,12,1.65,cores,13.73
2025-01-13 17:00:00,mac-waste-scenario,Project Vega,cpu,12,2.18,cores,18.21
2025-01-13 18:00:00,mac-waste-scenario,Project Vega,cpu,12,1.92,cores,16.01
2025-01-13 19:00:00,mac-waste-scenario,Project Vega,cpu,12,1.82,cores,15.14
2025-01-13 20:00:00,mac-waste-scenario,Project Vega,cpu,12,1.72,cores,14.31
2025-01-13 21:00:00,mac-waste-scenario,Project Vega,cpu,12,1.53,cores,12.78
2025-01-13 22:00:00,mac-waste-scenario,Project Vega,cpu,12,1.78,cores,14.87
2025-01-13 23:00:00,mac-waste-scenario,Project Vega,cpu,12,2.01,cores,16.75
2025-01-14 00:00:00,mac-waste-scenario,Project Vega,cpu,12,1.71,cores,14.21
2025-01-14 01:00:00,mac-waste-scenario,Project Vega,cpu,12,1.75,cores,14.55
2025-01-14 02:00:00,mac-waste-scenario,Project Vega,cpu,12,1.75,cores,14.56
2025-01-14 03:00:00,mac-waste-scenario,Project Vega,cpu,12,1.83,cores,15.22
2025-01-14 04:00:00,mac-waste-scenario,Project Vega,cpu,12,1.42,cores,11.81
2025-01-14 05:00:00,mac-waste-scenario,Project Vega,cpu,12,1.74,cores,14.53
2025-01-14 06:00:00,mac-waste-scenario,Project Vega,cpu,12,1.59,cores,13.29
2025-01-14 07:00:00,mac-waste-scenario,Project Vega,cpu,12,2.01,cores,16.77
2025-01-14 08:00:00,mac-waste-scenario,Project Vega,cpu,12,1.62,cores,13.46
2025-01-14 09:00:00,mac-waste-scenario,Project Vega,cpu,12,1.94,cores,16.15
2025-01-14 10:00:00,mac-waste-scenario,Project Vega,cpu,12,2.17,cores,18.05
2025-01-14 11:00:00,mac-waste-scenario,Project Vega,cpu,12,1.72,cores,14.37
2025-01-14 12:00:00,mac-waste-scenario,Project Vega,cpu,12,1.66,cores,13.8
2025-01-14 13:00:00,mac-waste-scenario,Project Vega,cpu,12,1.85,cores,15.38
2025-01-14 14:00:00,mac-waste-scenario,Project Vega,cpu,12,1.8,cores,15.0
2025-01-14 15:00:00,mac-waste-scenario,Project Vega,cpu,12,1.56,cores,13.01
2025-01-14 16:00:00,mac-waste-scenario,Project Vega,cpu,12,1.91,cores,15.92
2025-01-14 17:00:00,mac-waste-scenario,Project Vega,cpu,12,2.28,cores,19.03
2025-01-14 18:00:00,mac-waste-scenario,Project Vega,cpu,12,1.74,cores,14.48
2025-01-14 19:00:00,mac-waste-scenario,Project Vega,cpu,12,1.75,cores,14.59
2025-01-14 20:00:00,mac-waste-scenario,Project Vega,cpu,12,1.55,cores,12.91
2025-01-14 21:00:00,mac-waste-scenario,Project Vega,cpu,12,1.88,cores,15.64
2025-01-14 22:00:00,mac-waste-scenario,Project Vega,cpu,12,1.5,cores,12.51
2025-01-14 23:00:00,mac-waste-scenario,Project Vega,cpu,12,1.53,cores,12.79
2025-01-15 00:00:00,mac-waste-scenario,Project Vega,cpu,12,2.11,cores,17.56
2025-01-15 01:00:00,mac-waste-scenario,Project Vega,cpu,12,1.58,cores,13.19
2025-01-15 02:00:00,mac-waste-scenario,Project Vega,cpu,12,2.06,cores,17.16
2025-01-15 03:00:00,mac-waste-scenario,Project Vega,cpu,12,2.17,cores,18.05
2025-01-15 04:00:00,mac-waste-scenario,Project Vega,cpu,12,1.86,cores,15.52
2025-01-15 05:00:00,mac-waste-scenario,Project Vega,cpu,12,1.93,cores,16.11
2025-01-15 06:00:00,mac-waste-scenario,Project Vega,cpu,12,2.27,cores,18.9
2025-01-15 07:00:00,mac-waste-scenario,Project Vega,cpu,12,1.75,cores,14.61
2025-01-15 08:00:00,mac-waste-scenario,Project Vega,cpu,12,1.66,cores,13.81
2025-01-15 09:00:00,mac-waste-scenario,Project Vega,cpu,12,1.48,cores,12.29
2025-01-15 10:00:00,mac-waste-scenario,Project Vega,cpu,12,1.81,cores,15.08
2025-01-15 11:00:00,mac-waste-scenario,Project Vega,cpu,12,2.15,cores,17.96
2025-01-15 12:00:00,mac-waste-scenario,Project Vega,cpu,12,2.03,cores,16.92
2025-01-15 13:00:00,mac-waste-scenario,Project Vega,cpu,12,1.57,cores,13.12
2025-01-15 14:00:00,mac-waste-scenario,Project Vega,cpu,12,1.59,cores,13.29
2025-01-15 15:00:00,mac-waste-scenario,Project Vega,cpu,12,1.68,cores,13.99
2025-01-15 16:00:00,mac-waste-scenario,Project Vega,cpu,12,1.87,cores,15.58
2025-01-15 17:00:00,mac-waste-scenario,Project Vega,cpu,12,1.75,cores,14.59
2025-01-15 18:00:00,mac-waste-scenario,Project Vega,cpu,12,1.85,cores,15.43
2025-01-15 19:00:00,mac-waste-scenario,Project Vega,cpu,12,1.87,cores,15.59
2025-01-15 20:00:00,mac-waste-scenario,Project Vega,cpu,12,1.73,cores,14.4
2025-01-15 21:00:00,mac-waste-scenario,Project Vega,cpu,12,1.79,cores,14.92
2025-01-15 22:00:00,mac-waste-scenario,Project Vega,cpu,12,1.85,cores,15.41
2025-01-15 23:00:00,mac-waste-scenario,Project Vega,cpu,12,1.78,cores,14.83
2025-01-16 00:00:00,mac-waste-scenario,Project Vega,cpu,12,1.92,cores,16.01
2025-01-16 01:00:00,mac-waste-scenario,Project Vega,cpu,12,2.25,cores,18.74
2025-01-16 02:00:00,mac-waste-scenario,Project Vega,cpu,12,1.94,cores,16.18
2025-01-16 03:00:00,mac-waste-scenario,Project Vega,cpu,12,1.81,cores,15.11
2025-01-16 04:00:00,mac-waste-scenario,Project Vega,cpu,12,1.4,cores,11.63
2025-01-16 05:00:00,mac-waste-scenario,Project Vega,cpu,12,1.89,cores,15.78
2025-01-16 06:00:00,mac-waste-scenario,Project Vega,cpu,12,1.33,cores,11.11
2025-01-16 07:00:00,mac-waste-scenario,Project Vega,cpu,12,1.46,cores,12.18
2025-01-16 08:00:00,mac-waste-scenario,Project Vega,cpu,12,2.01,cores,16.71
2025-01-16 09:00:00,mac-waste-scenario,Project Vega,cpu,12,1.97,cores,16.41
2025-01-16 10:00:00,mac-waste-scenario,Project Vega,cpu,12,1.76,cores,14.7
2025-01-16 11:00:00,mac-waste-scenario,Project Vega,cpu,12,1.39,cores,11.58
2025-01-16 12:00:00,mac-waste-scenario,Project Vega,cpu,12,1.71,cores,14.26
2025-01-16 13:00:00,mac-waste-scenario,Project Vega,cpu,12,1.64,cores,13.64
2025-01-16 14:00:00,mac-waste-scenario,Project Vega,cpu,12,1.95,cores,16.27
2025-01-16 15:00:00,mac-waste-scenario,Project Vega,cpu,12,2.34,cores,19.52
2025-01-16 16:00:00,mac-waste-scenario,Project Vega,cpu,12,1.85,cores,15.43
2025-01-16 17:00:00,mac-waste-scenario,Project Vega,cpu,12,1.61,cores,13.44
2025-01-16 18:00:00,mac-waste-scenario,Project Vega,cpu,12,1.52,cores,12.66
2025-01-16 19:00:00,mac-waste-scenario,Project Vega,cpu,12,1.79,cores,14.89
2025-01-16 20:00:00,mac-waste-scenario,Project Vega,cpu,12,1.76,cores,14.65
2025-01-16 21:00:00,mac-waste-scenario,Project Vega,cpu,12,1.52,cores,12.7
2025-01-16 22:00:00,mac-waste-scenario,Project Vega,cpu,12,1.83,cores,15.23
2025-01-16 23:00:00,mac-waste-scenario,Project Vega,cpu,12,1.52,cores,12.7
2025-01-17 00:00:00,mac-waste-scenario,Project Vega,cpu,12,2.07,cores,17.22
2025-01-17 01:00:00,mac-waste-scenario,Project Vega,cpu,12,2.06,cores,17.13
2025-01-17 02:00:00,mac-waste-scenario,Project Vega,cpu,12,2.06,cores,17.17
2025-01-17 03:00:00,mac-waste-scenario,Project Vega,cpu,12,1.69,cores,14.05
2025-01-17 04:00:00,mac-waste-scenario,Project Vega,cpu,12,1.92,cores,16.03
2025-01-17 05:00:00,mac-waste-scenario,Project Vega,cpu,12,1.77,cores,14.74
2025-01-17 06:00:00,mac-waste-scenario,Project Vega,cpu,12,1.71,cores,14.22
2025-01-17 07:00:00,mac-waste-scenario,Project Vega,cpu,12,1.72,cores,14.32
2025-01-17 08:00:00,mac-waste-scenario,Project Vega,cpu,12,1.49,cores,12.4
2025-01-17 09:00:00,mac-waste-scenario,Project Vega,cpu,12,1.45,cores,12.11
2025-01-17 10:00:00,mac-waste-scenario,Project Vega,cpu,12,1.99,cores,16.59
2025-01-17 11:00:00,mac-waste-scenario,Project Vega,cpu,12,1.75,cores,14.62
2025-01-17 12:00:00,mac-waste-scenario,Project Vega,cpu,12,1.85,cores,15.43
2025-01-17 13:00:00,mac-waste-scenario,Project Vega,cpu,12,2.04,cores,17.0
2025-01-17 14:00:00,mac-waste-scenario,Project Vega,cpu,12,1.38,cores,11.53
2025-01-17 15:00:00,mac-waste-scenario,Project Vega,cpu,12,1.61,cores,13.43
2025-01-17 16:00:00,mac-waste-scenario,Project Vega,cpu,12,1.84,cores,15.35
2025-01-17 17:00:00,mac-waste-scenario,Project Vega,cpu,12,1.89,cores,15.78
2025-01-17 18:00:00,mac-waste-scenario,Project Vega,cpu,12,1.71,cores,14.25
2025-01-17 19:00:00,mac-waste-scenario,Project Vega,cpu,12,2.05,cores,17.06
2025-01-17 20:00:00,mac-waste-scenario,Project Vega,cpu,12,1.85,cores,15.42
2025-01-17 21:00:00,mac-waste-scenario,Project Vega,cpu,12,1.51,cores,12.57
2025-01-17 22:00:00,mac-waste-scenario,Project Vega,cpu,12,1.58,cores,13.14
2025-01-17 23:00:00,mac-waste-scenario,Project Vega,cpu,12,1.99,cores,16.61
2025-01-18 00:00:00,mac-waste-scenario,Project Vega,cpu,12,1.91,cores,15.93
2025-01-18 01:00:00,mac-waste-scenario,Project Vega,cpu,12,1.34,cores,11.2
2025-01-18 02:00:00,mac-waste-scenario,Project Vega,cpu,12,2.12,cores,17.7
2025-01-18 03:00:00,mac-waste-scenario,Project Vega,cpu,12,1.94,cores,16.2
2025-01-18 04:00:00,mac-waste-scenario,Project Vega,cpu,12,2.12,cores,17.69
2025-01-18 05:00:00,mac-waste-scenario,Project Vega,cpu,12,1.71,cores,14.23
2025-01-18 06:00:00,mac-waste-scenario,Project Vega,cpu,12,1.73,cores,14.41
2025-01-18 07:00:00,mac-waste-scenario,Project Vega,cpu,12,1.53,cores,12.75
2025-01-18 08:00:00,mac-waste-scenario,Project Vega,cpu,12,2.41,cores,20.07
2025-01-18 09:00:00,mac-waste-scenario,Project Vega,cpu,12,1.76,cores,14.65
2025-01-18 10:00:00,mac-waste-scenario,Project Vega,cpu,12,2.18,cores,18.18
2025-01-18 11:00:00,mac-waste-scenario,Project Vega,cpu,12,1.64,cores,13.71
2025-01-18 12:00:00,mac-waste-scenario,Project Vega,cpu,12,1.84,cores,15.33
2025-01-18 13:00:00,mac-waste-scenario,Project Vega,cpu,12,1.4,cores,11.66
2025-01-18 14:00:00,mac-waste-scenario,Project Vega,cpu,12,1.71,cores,14.23
2025-01-18 15:00:00,mac-waste-scenario,Project Vega,cpu,12,2.04,cores,16.97
2025-01-18 16:00:00,mac-waste-scenario,Project Vega,cpu,12,1.5,cores,12.5
2025-01-18 17:00:00,mac-waste-scenario,Project Vega,cpu,12,2.06,cores,17.14
2025-01-18 18:00:00,mac-waste-scenario,Project Vega,cpu,12,1.88,cores,15.67
2025-01-18 19:00:00,mac-waste-scenario,Project Vega,cpu,12,1.55,cores,12.91
2025-01-18 20:00:00,mac-waste-scenario,Project Vega,cpu,12,1.68,cores,14.0
2025-01-18 21:00:00,mac-waste-scenario,Project Vega,cpu,12,1.69,cores,14.08
2025-01-18 22:00:00,mac-waste-scenario,Project Vega,cpu,12,1.79,cores,14.9
2025-01-18 23:00:00,mac-waste-scenario,Project Vega,cpu,12,1.67,cores,13.93
2025-01-19 00:00:00,mac-waste-scenario,Project Vega,cpu,12,1.6,cores,13.35
2025-01-19 01:00:00,mac-waste-scenario,Project Vega,cpu,12,1.73,cores,14.39
2025-01-19 02:00:00,mac-waste-scenario,Project Vega,cpu,12,1.55,cores,12.95
2025-01-19 03:00:00,mac-waste-scenario,Project Vega,cpu,12,1.49,cores,12.42
2025-01-19 04:00:00,mac-waste-scenario,Project Vega,cpu,12,1.79,cores,14.9
2025-01-19 05:00:00,mac-waste-scenario,Project Vega,cpu,12,2.01,cores,16.77
2025-01-19 06:00:00,mac-waste-scenario,Project Vega,cpu,12,1.43,cores,11.94
2025-01-19 07:00:00,mac-waste-scenario,Project Vega,cpu,12,1.8,cores,15.01
2025-01-19 08:00:00,mac-waste-scenario,Project Vega,cpu,12,1.64,cores,13.7
2025-01-19 09:00:00,mac-waste-scenario,Project Vega,cpu,12,1.57,cores,13.05
2025-01-19 10:00:00,mac-waste-scenario,Project Vega,cpu,12,2.0,cores,16.71
2025-01-19 11:00:00,mac-waste-scenario,Project Vega,cpu,12,1.68,cores,13.96
2025-01-19 12:00:00,mac-waste-scenario,Project Vega,cpu,12,2.16,cores,18.0
2025-01-19 13:00:00,mac-waste-scenario,Project Vega,cpu,12,1.61,cores,13.44
2025-01-19 14:00:00,mac-waste-scenario,Project Vega,cpu,12,1.89,cores,15.77
2025-01-19 15:00:00,mac-waste-scenario,Project Vega,cpu,12,1.75,cores,14.55
2025-01-19 16:00:00,mac-waste-scenario,Project Vega,cpu,12,1.62,cores,13.49
2025-01-19 17:00:00,mac-waste-scenario,Project Vega,cpu,12,1.94,cores,16.18
2025-01-19 18:00:00,mac-waste-scenario,Project Vega,cpu,12,1.76,cores,14.69
2025-01-19 19:00:00,mac-waste-scenario,Project Vega,cpu,12,1.94,cores,16.21
2025-01-19 20:00:00,mac-waste-scenario,Project Vega,cpu,12,1.79,cores,14.91
2025-01-19 21:00:00,mac-waste-scenario,Project Vega,cpu,12,1.54,cores,12.83
2025-01-19 22:00:00,mac-waste-scenario,Project Vega,cpu,12,1.78,cores,14.8
2025-01-19 23:00:00,mac-waste-scenario,Project Vega,cpu,12,1.81,cores,15.1
2025-01-20 00:00:00,mac-waste-scenario,Project Vega,cpu,12,2.03,cores,16.92
2025-01-20 01:00:00,mac-waste-scenario,Project Vega,cpu,12,1.58,cores,13.19
2025-01-20 02:00:00,mac-waste-scenario,Project Vega,cpu,12,1.79,cores,14.92
2025-01-20 03:00:00,mac-waste-scenario,Project Vega,cpu,12,1.39,cores,11.56
2025-01-20 04:00:00,mac-waste-scenario,Project Vega,cpu,12,1.96,cores,16.3
2025-01-20 05:00:00,mac-waste-scenario,Project Vega,cpu,12,1.54,cores,12.84
2025-01-20 06:00:00,mac-waste-scenario,Project Vega,cpu,12,1.37,cores,11.39
2025-01-20 07:00:00,mac-waste-scenario,Project Vega,cpu,12,1.79,cores,14.88
2025-01-20 08:00:00,mac-waste-scenario,Project Vega,cpu,12,2.07,cores,17.21
2025-01-20 09:00:00,mac-waste-scenario,Project Vega,cpu,12,1.43,cores,11.95
2025-01-20 10:00:00,mac-waste-scenario,Project Vega,cpu,12,1.54,cores,12.82
2025-01-20 11:00:00,mac-waste-scenario,Project Vega,cpu,12,1.62,cores,13.51
2025-01-20 12:00:00,mac-waste-scenario,Project Vega,cpu,12,1.53,cores,12.74
2025-01-20 13:00:00,mac-waste-scenario,Project Vega,cpu,12,1.89,cores,15.76
2025-01-20 14:00:00,mac-waste-scenario,Project Vega,cpu,12,1.61,cores,13.39
2025-01-20 15:00:00,mac-waste-scenario,Project Vega,cpu,12,1.63,cores,13.56
2025-01-20 16:00:00,mac-waste-scenario,Project Vega,cpu,12,1.94,cores,16.17
2025-01-20 17:00:00,mac-waste-scenario,Project Vega,cpu,12,1.62,cores,13.49
2025-01-20 18:00:00,mac-waste-scenario,Project Vega,cpu,12,1.9,cores,15.87
2025-01-20 19:00:00,mac-waste-scenario,Project Vega,cpu,12,1.57,cores,13.06
2025-01-20 20:00:00,mac-waste-scenario,Project Vega,cpu,12,1.51,cores,12.58
2025-01-20 21:00:00,mac-waste-scenario,Project Vega,cpu,12,1.36,cores,11.33
2025-01-20 22:00:00,mac-waste-scenario,Project Vega,cpu,12,2.25,cores,18.72
2025-01-20 23:00:00,mac-waste-scenario,Project Vega,cpu,12,1.72,cores,14.36
2025-01-21 00:00:00,mac-waste-scenario,Project Vega,cpu,12,1.86,cores,15.49
2025-01-21 01:00:00,mac-waste-scenario,Project Vega,cpu,12,1.79,cores,14.94
2025-01-21 02:00:00,mac-waste-scenario,Project Vega,cpu,12,1.84,cores,15.32
2025-01-21 03:00:00,mac-waste-scenario,Project Vega,cpu,12,1.81,cores,15.1
2025-01-21 04:00:00,mac-waste-scenario,Project Vega,cpu,12,2.26,cores,18.82
2025-01-21 05:00:00,mac-waste-scenario,Project Vega,cpu,12,1.55,cores,12.92
2025-01-21 06:00:00,mac-waste-scenario,Project Vega,cpu,12,1.43,cores,11.89
2025-01-21 07:00:00,mac-waste-scenario,Project Vega,cpu,12,1.56,cores,12.98
2025-01-21 08:00:00,mac-waste-scenario,Project Vega,cpu,12,1.48,cores,12.33
2025-01-21 09:00:00,mac-waste-scenario,Project Vega,cpu,12,1.98,cores,16.49
2025-01-21 10:00:00,mac-waste-scenario,Project Vega,cpu,12,2.0,cores,16.64
2025-01-21 11:00:00,mac-waste-scenario,Project Vega,cpu,12,1.57,cores,13.08
2025-01-21 12:00:00,mac-waste-scenario,Project Vega,cpu,12,1.47,cores,12.22
2025-01-21 13:00:00,mac-waste-scenario,Project Vega,cpu,12,1.71,cores,14.29
2025-01-21 14:00:00,mac-waste-scenario,Project Vega,cpu,12,2.13,cores,17.78
2025-01-21 15:00:00,mac-waste-scenario,Project Vega,cpu,12,1.12,cores,9.36
2025-01-21 16:00:00,mac-waste-scenario,Project Vega,cpu,12,1.93,cores,16.05
2025-01-21 17:00:00,mac-waste-scenario,Project Vega,cpu,12,1.54,cores,12.85
2025-01-21 18:00:00,mac-waste-scenario,Project Vega,cpu,12,2.05,cores,17.08
2025-01-21 19:00:00,mac-waste-scenario,Project Vega,cpu,12,1.54,cores,12.84
2025-01-21 20:00:00,mac-waste-scenario,Project Vega,cpu,12,1.73,cores,14.43
2025-01-21 21:00:00,mac-waste-scenario,Project Vega,cpu,12,1.44,cores,11.99
2025-01-21 22:00:00,mac-waste-scenario,Project Vega,cpu,12,1.57,cores,13.05
2025-01-21 23:00:00,mac-waste-scenario,Project Vega,cpu,12,2.13,cores,17.77
2025-01-22 00:00:00,mac-waste-scenario,Project Vega,cpu,12,2.0,cores,16.64
2025-01-22 01:00:00,mac-waste-scenario,Project Vega,cpu,12,1.7,cores,14.2
2025-01-22 02:00:00,mac-waste-scenario,Project Vega,cpu,12,1.59,cores,13.26
2025-01-22 03:00:00,mac-waste-scenario,Project Vega,cpu,12,1.35,cores,11.21
2025-01-22 04:00:00,mac-waste-scenario,Project Vega,cpu,12,1.71,cores,14.21
2025-01-22 05:00:00,mac-waste-scenario,Project Vega,cpu,12,1.79,cores,14.94
2025-01-22 06:00:00,mac-waste-scenario,Project Vega,cpu,12,1.78,cores,14.83
2025-01-22 07:00:00,mac-waste-scenario,Project Vega,cpu,12,1.78,cores,14.81
2025-01-22 08:00:00,mac-waste-scenario,Project Vega,cpu,12,1.53,cores,12.76
2025-01-22 09:00:00,mac-waste-scenario,Project Vega,cpu,12,1.78,cores,14.87
2025-01-22 10:00:00,mac-waste-scenario,Project Vega,cpu,12,1.79,cores,14.92
2025-01-22 11:00:00,mac-waste-scenario,Project Vega,cpu,12,2.11,cores,17.58
2025-01-22 12:00:00,mac-waste-scenario,Project Vega,cpu,12,2.25,cores,18.73
2025-01-22 13:00:00,mac-waste-scenario,Project Vega,cpu,12,1.77,cores,14.73
2025-01-22 14:00:00,mac-waste-scenario,Project Vega,cpu,12,1.62,cores,13.47
2025-01-22 15:00:00,mac-waste-scenario,Project Vega,cpu,12,1.78,cores,14.87
2025-01-22 16:00:00,mac-waste-scenario,Project Vega,cpu,12,1.65,cores,13.78
2025-01-22 17:00:00,mac-waste-scenario,Project Vega,cpu,12,1.62,cores,13.52
2025-01-22 18:00:00,mac-waste-scenario,Project Vega,cpu,12,1.79,cores,14.88
2025-01-22 19:00:00,mac-waste-scenario,Project Vega,cpu,12,1.55,cores,12.91
2025-01-22 20:00:00,mac-waste-scenario,Project Vega,cpu,12,1.95,cores,16.21
2025-01-22 21:00:00,mac-waste-scenario,Project Vega,cpu,12,1.78,cores,14.79
2025-01-22 22:00:00,mac-waste-scenario,Project Vega,cpu,12,1.86,cores,15.5
2025-01-22 23:00:00,mac-waste-scenario,Project Vega,cpu,12,1.76,cores,14.63
2025-01-23 00:00:00,mac-waste-scenario,Project Vega,cpu,12,1.63,cores,13.55
2025-01-23 01:00:00,mac-waste-scenario,Project Vega,cpu,12,1.57,cores,13.1
2025-01-23 02:00:00,mac-waste-scenario,Project Vega,cpu,12,1.74,cores,14.53
2025-01-23 03:00:00,mac-waste-scenario,Project Vega,cpu,12,1.67,cores,13.9
2025-01-23 04:00:00,mac-waste-scenario,Project Vega,cpu,12,1.86,cores,15.47
2025-01-23 05:00:00,mac-waste-scenario,Project Vega,cpu,12,1.8,cores,14.99
2025-01-23 06:00:00,mac-waste-scenario,Project Vega,cpu,12,1.47,cores,12.28
2025-01-23 07:00:00,mac-waste-scenario,Project Vega,cpu,12,1.82,cores,15.13
2025-01-23 08:00:00,mac-waste-scenario,Project Vega,cpu,12,1.48,cores,12.31
2025-01-23 09:00:00,mac-waste-scenario,Project Vega,cpu,12,1.65,cores,13.77
2025-01-23 10:00:00,mac-waste-scenario,Project Vega,cpu,12,1.73,cores,14.41
2025-01-23 11:00:00,mac-waste-scenario,Project Vega,cpu,12,1.3,cores,10.85
2025-01-23 12:00:00,mac-waste-scenario,Project Vega,cpu,12,1.82,cores,15.18
2025-01-23 13:00:00,mac-waste-scenario,Project Vega,cpu,12,1.84,cores,15.3
2025-01-23 14:00:00,mac-waste-scenario,Project Vega,cpu,12,1.76,cores,14.68
2025-01-23 15:00:00,mac-waste-scenario,Project Vega,cpu,12,1.7,cores,14.15
2025-01-23 16:00:00,mac-waste-scenario,Project Vega,cpu,12,1.71,cores,14.25
2025-01-23 17:00:00,mac-waste-scenario,Project Vega,cpu,12,1.57,cores,13.05
2025-01-23 18:00:00,mac-waste-scenario,Project Vega,cpu,12,1.74,cores,14.46
2025-01-23 19:00:00,mac-waste-scenario,Project Vega,cpu,12,1.67,cores,13.89
2025-01-23 20:00:00,mac-waste-scenario,Project Vega,cpu,12,1.82,cores,15.18
2025-01-23 21:00:00,mac-waste-scenario,Project Vega,cpu,12,1.51,cores,12.59
2025-01-23 22:00:00,mac-waste-scenario,Project Vega,cpu,12,1.86,cores,15.47
2025-01-23 23:00:00,mac-waste-scenario,Project Vega,cpu,12,1.83,cores,15.29
2025-01-24 00:00:00,mac-waste-scenario,Project Vega,cpu,12,1.77,cores,14.72
2025-01-24 01:00:00,mac-waste-scenario,Project Vega,cpu,12,1.69,cores,14.12
2025-01-24 02:00:00,mac-waste-scenario,Project Vega,cpu,12,1.93,cores,16.1
2025-01-24 03:00:00,mac-waste-scenario,Project Vega,cpu,12,1.4,cores,11.67
2025-01-24 04:00:00,mac-waste-scenario,Project Vega,cpu,12,1.91,cores,15.92
2025-01-24 05:00:00,mac-waste-scenario,Project Vega,cpu,12,1.86,cores,15.49
2025-01-24 06:00:00,mac-waste-scenario,Project Vega,cpu,12,1.87,cores,15.57
2025-01-24 07:00:00,mac-waste-scenario,Project Vega,cpu,12,1.89,cores,15.77
2025-01-24 08:00:00,mac-waste-scenario,Project Vega,cpu,12,1.64,cores,13.69
2025-01-24 09:00:00,mac-waste-scenario,Project Vega,cpu,12,1.74,cores,14.48
2025-01-24 10:00:00,mac-waste-scenario,Project Vega,cpu,12,1.95,cores,16.27
2025-01-24 11:00:00,mac-waste-scenario,Project Vega,cpu,12,1.9,cores,15.86
2025-01-24 12:00:00,mac-waste-scenario,Project Vega,cpu,12,1.85,cores,15.41
2025-01-24 13:00:00,mac-waste-scenario,Project Vega,cpu,12,1.44,cores,11.97
2025-01-24 14:00:00,mac-waste-scenario,Project Vega,cpu,12,1.93,cores,16.08
2025-01-24 15:00:00,mac-waste-scenario,Project Vega,cpu,12,2.08,cores,17.34
2025-01-24 16:00:00,mac-waste-scenario,Project Vega,cpu,12,2.04,cores,17.02
2025-01-24 17:00:00,mac-waste-scenario,Project Vega,cpu,12,1.86,cores,15.47
2025-01-24 18:00:00,mac-waste-scenario,Project Vega,cpu,12,1.43,cores,11.88
2025-01-24 19:00:00,mac-waste-scenario,Project Vega,cpu,12,2.03,cores,16.89
2025-01-24 20:00:00,mac-waste-scenario,Project Vega,cpu,12,1.76,cores,14.71
2025-01-24 21:00:00,mac-waste-scenario,Project Vega,cpu,12,1.19,cores,9.93
2025-01-24 22:00:00,mac-waste-scenario,Project Vega,cpu,12,1.89,cores,15.75
2025-01-24 23:00:00,mac-waste-scenario,Project Vega,cpu,12,1.44,cores,12.02
2025-01-25 00:00:00,mac-waste-scenario,Project Vega,cpu,12,1.49,cores,12.41
2025-01-25 01:00:00,mac-waste-scenario,Project Vega,cpu,12,1.65,cores,13.73
2025-01-25 02:00:00,mac-waste-scenario,Project Vega,cpu,12,2.11,cores,17.55
2025-01-25 03:00:00,mac-waste-scenario,Project Vega,cpu,12,1.71,cores,14.26
2025-01-25 04:00:00,mac-waste-scenario,Project Vega,cpu,12,1.87,cores,15.54
2025-01-25 05:00:00,mac-waste-scenario,Project Vega,cpu,12,2.22,cores,18.5
2025-01-25 06:00:00,mac-waste-scenario,Project Vega,cpu,12,2.18,cores,18.19
2025-01-25 07:00:00,mac-waste-scenario,Project Vega,cpu,12,1.78,cores,14.79
2025-01-25 08:00:00,mac-waste-scenario,Project Vega,cpu,12,1.74,cores,14.52
2025-01-25 09:00:00,mac-waste-scenario,Project Vega,cpu,12,1.5,cores,12.48
2025-01-25 10:00:00,mac-waste-scenario,Project Vega,cpu,12,1.63,cores,13.61
2025-01-25 11:00:00,mac-waste-scenario,Project Vega,cpu,12,1.9,cores,15.85
2025-01-25 12:00:00,mac-waste-scenario,Project Vega,cpu,12,1.89,cores,15.79
2025-01-25 13:00:00,mac-waste-scenario,Project Vega,cpu,12,1.83,cores,15.22
2025-01-25 14:00:00,mac-waste-scenario,Project Vega,cpu,12,2.04,cores,16.99
2025-01-25 15:00:00,mac-waste-scenario,Project Vega,cpu,12,1.61,cores,13.46
2025-01-25 16:00:00,mac-waste-scenario,Project Vega,cpu,12,1.79,cores,14.89
2025-01-25 17:00:00,mac-waste-scenario,Project Vega,cpu,12,1.98,cores,16.46
2025-01-25 18:00:00,mac-waste-scenario,Project Vega,cpu,12,1.94,cores,16.17
2025-01-25 19:00:00,mac-waste-scenario,Project Vega,cpu,12,2.06,cores,17.14
2025-01-25 20:00:00,mac-waste-scenario,Project Vega,cpu,12,1.9,cores,15.79
2025-01-25 21:00:00,mac-waste-scenario,Project Vega,cpu,12,1.73,cores,14.38
2025-01-25 22:00:00,mac-waste-scenario,Project Vega,cpu,12,1.89,cores,15.72
2025-01-25 23:00:00,mac-waste-scenario,Project Vega,cpu,12,1.56,cores,12.99
2025-01-26 00:00:00,mac-waste-scenario,Project Vega,cpu,12,1.41,cores,11.72
2025-01-26 01:00:00,mac-waste-scenario,Project Vega,cpu,12,1.94,cores,16.16
2025-01-26 02:00:00,mac-waste-scenario,Project Vega,cpu,12,1.79,cores,14.89
2025-01-26 03:00:00,mac-waste-scenario,Project Vega,cpu,12,1.87,cores,15.62
2025-01-26 04:00:00,mac-waste-scenario,Project Vega,cpu,12,1.39,cores,11.6
2025-01-26 05:00:00,mac-waste-scenario,Project Vega,cpu,12,1.71,cores,14.27
2025-01-26 06:00:00,mac-waste-scenario,Project Vega,cpu,12,1.66,cores,13.8
2025-01-26 07:00:00,mac-waste-scenario,Project Vega,cpu,12,1.59,cores,13.27
2025-01-26 08:00:00,mac-waste-scenario,Project Vega,cpu,12,1.26,cores,10.49
2025-01-26 09:00:00,mac-waste-scenario,Project Vega,cpu,12,1.72,cores,14.33
2025-01-26 10:00:00,mac-waste-scenario,Project Vega,cpu,12,2.02,cores,16.79
2025-01-26 11:00:00,mac-waste-scenario,Project Vega,cpu,12,1.89,cores,15.76
2025-01-26 12:00:00,mac-waste-scenario,Project Vega,cpu,12,1.66,cores,13.8
2025-01-26 13:00:00,mac-waste-scenario,Project Vega,cpu,12,1.8,cores,14.97
2025-01-26 14:00:00,mac-waste-scenario,Project Vega,cpu,12,1.98,cores,16.51
2025-01-26 15:00:00,mac-waste-scenario,Project Vega,cpu,12,1.14,cores,9.48
2025-01-26 16:00:00,mac-waste-scenario,Project Vega,cpu,12,1.77,cores,14.75
2025-01-26 17:00:00,mac-waste-scenario,Project Vega,cpu,12,1.93,cores,16.09
2025-01-26 18:00:00,mac-waste-scenario,Project Vega,cpu,12,1.96,cores,16.36
2025-01-26 19:00:00,mac-waste-scenario,Project Vega,cpu,12,2.21,cores,18.4
2025-01-26 20:00:00,mac-waste-scenario,Project Vega,cpu,12,2.07,cores,17.27
2025-01-26 21:00:00,mac-waste-scenario,Project Vega,cpu,12,1.88,cores,15.63
2025-01-26 22:00:00,mac-waste-scenario,Project Vega,cpu,12,1.87,cores,15.6
2025-01-26 23:00:00,mac-waste-scenario,Project Vega,cpu,12,1.99,cores,16.57
2025-01-27 00:00:00,mac-waste-scenario,Project Vega,cpu,12,1.67,cores,13.92
2025-01-27 01:00:00,mac-waste-scenario,Project Vega,cpu,12,1.79,cores,14.92
2025-01-27 02:00:00,mac-waste-scenario,Project Vega,cpu,12,2.02,cores,16.81
2025-01-27 03:00:00,mac-waste-scenario,Project Vega,cpu,12,2.27,cores,18.91
2025-01-27 04:00:00,mac-waste-scenario,Project Vega,cpu,12,1.76,cores,14.68
2025-01-27 05:00:00,mac-waste-scenario,Project Vega,cpu,12,1.79,cores,14.9
2025-01-27 06:00:00,mac-waste-scenario,Project Vega,cpu,12,1.85,cores,15.4
2025-01-27 07:00:00,mac-waste-scenario,Project Vega,cpu,12,2.12,cores,17.69
2025-01-27 08:00:00,mac-waste-scenario,Project Vega,cpu,12,1.79,cores,14.94
2025-01-27 09:00:00,mac-waste-scenario,Project Vega,cpu,12,2.15,cores,17.94
2025-01-27 10:00:00,mac-waste-scenario,Project Vega,cpu,12,1.57,cores,13.07
2025-01-27 11:00:00,mac-waste-scenario,Project Vega,cpu,12,1.76,cores,14.63
2025-01-27 12:00:00,mac-waste-scenario,Project Vega,cpu,12,1.75,cores,14.6
2025-01-27 13:00:00,mac-waste-scenario,Project Vega,cpu,12,1.99,cores,16.57
2025-01-27 14:00:00,mac-waste-scenario,Project Vega,cpu,12,2.05,cores,17.09
2025-01-27 15:00:00,mac-waste-scenario,Project Vega,cpu,12,1.44,cores,11.98
2025-01-27 16:00:00,mac-waste-scenario,Project Vega,cpu,12,1.58,cores,13.17
2025-01-27 17:00:00,mac-waste-scenario,Project Vega,cpu,12,1.88,cores,15.67
2025-01-27 18:00:00,mac-waste-scenario,Project Vega,cpu,12,1.64,cores,13.68
2025-01-27 19:00:00,mac-waste-scenario,Project Vega,cpu,12,1.43,cores,11.96
2025-01-27 20:00:00,mac-waste-scenario,Project Vega,cpu,12,2.05,cores,17.08
2025-01-27 21:00:00,mac-waste-scenario,Project Vega,cpu,12,1.92,cores,15.99
2025-01-27 22:00:00,mac-waste-scenario,Project Vega,cpu,12,1.92,cores,15.99
2025-01-27 23:00:00,mac-waste-scenario,Project Vega,cpu,12,1.69,cores,14.05
2025-01-28 00:00:00,mac-waste-scenario,Project Vega,cpu,12,2.05,cores,17.06
2025-01-28 01:00:00,mac-waste-scenario,Project Vega,cpu,12,1.74,cores,14.52
2025-01-28 02:00:00,mac-waste-scenario,Project Vega,cpu,12,2.06,cores,17.19
2025-01-28 03:00:00,mac-waste-scenario,Project Vega,cpu,12,1.58,cores,13.18
2025-01-28 04:00:00,mac-waste-scenario,Project Vega,cpu,12,1.6,cores,13.29
2025-01-28 05:00:00,mac-waste-scenario,Project Vega,cpu,12,1.85,cores,15.41
2025-01-28 06:00:00,mac-waste-scenario,Project Vega,cpu,12,1.63,cores,13.6
2025-01-28 07:00:00,mac-waste-scenario,Project Vega,cpu,12,1.96,cores,16.35
2025-01-28 08:00:00,mac-waste-scenario,Project Vega,cpu,12,1.86,cores,15.52
2025-01-28 09:00:00,mac-waste-scenario,Project Vega,cpu,12,1.58,cores,13.15
2025-01-28 10:00:00,mac-waste-scenario,Project Vega,cpu,12,1.82,cores,15.15
2025-01-28 11:00:00,mac-waste-scenario,Project Vega,cpu,12,1.72,cores,14.3
2025-01-28 12:00:00,mac-waste-scenario,Project Vega,cpu,12,2.02,cores,16.83
2025-01-28 13:00:00,mac-waste-scenario,Project Vega,cpu,12,1.65,cores,13.73
2025-01-28 14:00:00,mac-waste-scenario,Project Vega,cpu,12,1.69,cores,14.12
2025-01-28 15:00:00,mac-waste-scenario,Project Vega,cpu,12,2.09,cores,17.42
2025-01-28 16:00:00,mac-waste-scenario,Project Vega,cpu,12,2.34,cores,19.48
2025-01-28 17:00:00,mac-waste-scenario,Project Vega,cpu,12,2.28,cores,19.0
2025-01-28 18:00:00,mac-waste-scenario,Project Vega,cpu,12,1.82,cores,15.13
2025-01-28 19:00:00,mac-waste-scenario,Project Vega,cpu,12,1.85,cores,15.44
2025-01-28 20:00:00,mac-waste-scenario,Project Vega,cpu,12,2.17,cores,18.07
2025-01-28 21:00:00,mac-waste-scenario,Project Vega,cpu,12,1.77,cores,14.75
2025-01-28 22:00:00,mac-waste-scenario,Project Vega,cpu,12,1.57,cores,13.05
2025-01-28 23:00:00,mac-waste-scenario,Project Vega,cpu,12,1.83,cores,15.23
2025-01-29 00:00:00,mac-waste-scenario,Project Vega,cpu,12,1.91,cores,15.9
2025-01-29 01:00:00,mac-waste-scenario,Project Vega,cpu,12,1.6,cores,13.34
2025-01-29 02:00:00,mac-waste-scenario,Project Vega,cpu,12,1.4,cores,11.71
2025-01-29 03:00:00,mac-waste-scenario,Project Vega,cpu,12,1.46,cores,12.13
2025-01-29 04:00:00,mac-waste-scenario,Project Vega,cpu,12,1.96,cores,16.33
2025-01-29 05:00:00,mac-waste-scenario,Project Vega,cpu,12,1.62,cores,13.48
2025-01-29 06:00:00,mac-waste-scenario,Project Vega,cpu,12,1.77,cores,14.72
2025-01-29 07:00:00,mac-waste-scenario,Project Vega,cpu,12,1.85,cores,15.43
2025-01-29 08:00:00,mac-waste-scenario,Project Vega,cpu,12,1.95,cores,16.24
2025-01-29 09:00:00,mac-waste-scenario,Project Vega,cpu,12,1.72,cores,14.33
2025-01-29 10:00:00,mac-waste-scenario,Project Vega,cpu,12,1.92,cores,16.0
2025-01-29 11:00:00,mac-waste-scenario,Project Vega,cpu,12,1.59,cores,13.22
2025-01-29 12:00:00,mac-waste-scenario,Project Vega,cpu,12,1.71,cores,14.28
2025-01-29 13:00:00,mac-waste-scenario,Project Vega,cpu,12,1.55,cores,12.95
2025-01-29 14:00:00,mac-waste-scenario,Project Vega,cpu,12,2.07,cores,17.26
2025-01-29 15:00:00,mac-waste-scenario,Project Vega,cpu,12,1.79,cores,14.95
2025-01-29 16:00:00,mac-waste-scenario,Project Vega,cpu,12,1.62,cores,13.52
2025-01-29 17:00:00,mac-waste-scenario,Project Vega,cpu,12,1.72,cores,14.3
2025-01-29 18:00:00,mac-waste-scenario,Project Vega,cpu,12,1.75,cores,14.56
2025-01-29 19:00:00,mac-waste-scenario,Project Vega,cpu,12,1.97,cores,16.4
2025-01-29 20:00:00,mac-waste-scenario,Project Vega,cpu,12,1.42,cores,11.81
2025-01-29 21:00:00,mac-waste-scenario,Project Vega,cpu,12,1.55,cores,12.93
2025-01-29 22:00:00,mac-waste-scenario,Project Vega,cpu,12,1.71,cores,14.24
2025-01-29 23:00:00,mac-waste-scenario,Project Vega,cpu,12,2.41,cores,20.06
2025-01-30 00:00:00,mac-waste-scenario,Project Vega,cpu,12,2.03,cores,16.91
2025-01-30 01:00:00,mac-waste-scenario,Project Vega,cpu,12,1.77,cores,14.78
2025-01-30 02:00:00,mac-waste-scenario,Project Vega,cpu,12,1.97,cores,16.42
2025-01-30 03:00:00,mac-waste-scenario,Project Vega,cpu,12,2.29,cores,19.11
2025-01-30 04:00:00,mac-waste-scenario,Project Vega,cpu,12,1.74,cores,14.53
2025-01-30 05:00:00,mac-waste-scenario,Project Vega,cpu,12,1.71,cores,14.27
2025-01-30 06:00:00,mac-waste-scenario,Project Vega,cpu,12,2.09,cores,17.42
2025-01-30 07:00:00,mac-waste-scenario,Project Vega,cpu,12,1.92,cores,15.99
2025-01-30 08:00:00,mac-waste-scenario,Project Vega,cpu,12,1.96,cores,16.34
2025-01-30 09:00:00,mac-waste-scenario,Project Vega,cpu,12,1.68,cores,13.98
2025-01-30 10:00:00,mac-waste-scenario,Project Vega,cpu,12,2.26,cores,18.85
2025-01-30 11:00:00,mac-waste-scenario,Project Vega,cpu,12,2.21,cores,18.42
2025-01-30 12:00:00,mac-waste-scenario,Project Vega,cpu,12,1.94,cores,16.13
2025-01-30 13:00:00,mac-waste-scenario,Project Vega,cpu,12,1.96,cores,16.37
2025-01-30 14:00:00,mac-waste-scenario,Project Vega,cpu,12,1.31,cores,10.95
2025-01-30 15:00:00,mac-waste-scenario,Project Vega,cpu,12,1.95,cores,16.28
2025-01-30 16:00:00,mac-waste-scenario,Project Vega,cpu,12,1.75,cores,14.61
2025-01-30 17:00:00,mac-waste-scenario,Project Vega,cpu,12,1.9,cores,15.87
2025-01-30 18:00:00,mac-waste-scenario,Project Vega,cpu,12,1.96,cores,16.36
2025-01-30 19:00:00,mac-waste-scenario,Project Vega,cpu,12,1.72,cores,14.32
2025-01-30 20:00:00,mac-waste-scenario,Project Vega,cpu,12,1.39,cores,11.62
2025-01-30 21:00:00,mac-waste-scenario,Project Vega,cpu,12,1.89,cores,15.74
2025-01-30 22:00:00,mac-waste-scenario,Project Vega,cpu,12,1.62,cores,13.52
2025-01-30 23:00:00,mac-waste-scenario,Project Vega,cpu,12,1.72,cores,14.34
2025-01-31 00:00:00,mac-waste-scenario,Project Vega,cpu,12,1.65,cores,13.79
2025-01-31 01:00:00,mac-waste-scenario,Project Vega,cpu,12,1.72,cores,14.32
2025-01-31 02:00:00,mac-waste-scenario,Project Vega,cpu,12,1.25,cores,10.38
2025-01-31 03:00:00,mac-waste-scenario,Project Vega,cpu,12,2.09,cores,17.43
2025-01-31 04:00:00,mac-waste-scenario,Project Vega,cpu,12,1.86,cores,15.51
2025-01-31 05:00:00,mac-waste-scenario,Project Vega,cpu,12,2.07,cores,17.22
2025-01-31 06:00:00,mac-waste-scenario,Project Vega,cpu,12,2.28,cores,18.96
2025-01-31 07:00:00,mac-waste-scenario,Project Vega,cpu,12,1.81,cores,15.05
2025-01-31 08:00:00,mac-waste-scenario,Project Vega,cpu,12,1.37,cores,11.4
2025-01-31 09:00:00,mac-waste-scenario,Project Vega,cpu,12,1.59,cores,13.21
2025-01-31 10:00:00,mac-waste-scenario,Project Vega,cpu,12,1.51,cores,12.59
2025-01-31 11:00:00,mac-waste-scenario,Project Vega,cpu,12,1.68,cores,14.0
2025-01-31 12:00:00,mac-waste-scenario,Project Vega,cpu,12,1.82,cores,15.16
2025-01-31 13:00:00,mac-waste-scenario,Project Vega,cpu,12,1.32,cores,11.0
2025-01-31 14:00:00,mac-waste-scenario,Project Vega,cpu,12,1.88,cores,15.68
2025-01-31 15:00:00,mac-waste-scenario,Project Vega,cpu,12,1.44,cores,11.98
2025-01-31 16:00:00,mac-waste-scenario,Project Vega,cpu,12,1.87,cores,15.59
2025-01-31 17:00:00,mac-waste-scenario,Project Vega,cpu,12,1.77,cores,14.78
2025-01-31 18:00:00,mac-waste-scenario,Project Vega,cpu,12,1.72,cores,14.37
2025-01-31 19:00:00,mac-waste-scenario,Project Vega,cpu,12,1.78,cores,14.85
2025-01-31 20:00:00,mac-waste-scenario,Project Vega,cpu,12,1.67,cores,13.92
2025-01-31 21:00:00,mac-waste-scenario,Project Vega,cpu,12,1.65,cores,13.78
2025-01-31 22:00:00,mac-waste-scenario,Project Vega,cpu,12,1.4,cores,11.63
2025-01-31 23:00:00,mac-waste-scenario,Project Vega,cpu,12,1.79,cores,14.94
2025-02-01 00:00:00,mac-waste-scenario,Project Vega,cpu,12,2.24,cores,18.69
2025-02-01 01:00:00,mac-waste-scenario,Project Vega,cpu,12,2.28,cores,18.96
2025-02-01 02:00:00,mac-waste-scenario,Project Vega,cpu,12,2.12,cores,17.64
2025-02-01 03:00:00,mac-waste-scenario,Project Vega,cpu,12,1.97,cores,16.41
2025-02-01 04:00:00,mac-waste-scenario,Project Vega,cpu,12,1.64,cores,13.65
2025-02-01 05:00:00,mac-waste-scenario,Project Vega,cpu,12,2.15,cores,17.89
2025-02-01 06:00:00,mac-waste-scenario,Project Vega,cpu,12,1.79,cores,14.89
2025-02-01 07:00:00,mac-waste-scenario,Project Vega,cpu,12,1.78,cores,14.86
2025-02-01 08:00:00,mac-waste-scenario,Project Vega,cpu,12,1.73,cores,14.42
2025-02-01 09:00:00,mac-waste-scenario,Project Vega,cpu,12,1.82,cores,15.18
2025-02-01 10:00:00,mac-waste-scenario,Project Vega,cpu,12,1.7,cores,14.13
2025-02-01 11:00:00,mac-waste-scenario,Project Vega,cpu,12,1.78,cores,14.83
2025-02-01 12:00:00,mac-waste-scenario,Project Vega,cpu,12,1.54,cores,12.83
2025-02-01 13:00:00,mac-waste-scenario,Project Vega,cpu,12,1.71,cores,14.25
2025-02-01 14:00:00,mac-waste-scenario,Project Vega,cpu,12,2.35,cores,19.56
2025-02-01 15:00:00,mac-waste-scenario,Project Vega,cpu,12,1.78,cores,14.86
2025-02-01 16:00:00,mac-waste-scenario,Project Vega,cpu,12,1.74,cores,14.52
2025-02-01 17:00:00,mac-waste-scenario,Project Vega,cpu,12,1.93,cores,16.06
2025-02-01 18:00:00,mac-waste-scenario,Project Vega,cpu,12,1.97,cores,16.42
2025-02-01 19:00:00,mac-waste-scenario,Project Vega,cpu,12,1.53,cores,12.77
2025-02-01 20:00:00,mac-waste-scenario,Project Vega,cpu,12,1.75,cores,14.59
2025-02-01 21:00:00,mac-waste-scenario,Project Vega,cpu,12,2.02,cores,16.84
2025-02-01 22:00:00,mac-waste-scenario,Project Vega,cpu,12,1.86,cores,15.54
2025-02-01 23:00:00,mac-waste-scenario,Project Vega,cpu,12,1.83,cores,15.24
2025-02-02 00:00:00,mac-waste-scenario,Project Vega,cpu,12,2.17,cores,18.11
2025-02-02 01:00:00,mac-waste-scenario,Project Vega,cpu,12,1.64,cores,13.64
2025-02-02 02:00:00,mac-waste-scenario,Project Vega,cpu,12,1.82,cores,15.17
2025-02-02 03:00:00,mac-waste-scenario,Project Vega,cpu,12,1.68,cores,13.96
2025-02-02 04:00:00,mac-waste-scenario,Project Vega,cpu,12,2.16,cores,17.98
2025-02-02 05:00:00,mac-waste-scenario,Project Vega,cpu,12,1.33,cores,11.1
2025-02-02 06:00:00,mac-waste-scenario,Project Vega,cpu,12,1.64,cores,13.66
2025-02-02 07:00:00,mac-waste-scenario,Project Vega,cpu,12,1.67,cores,13.94
2025-02-02 08:00:00,mac-waste-scenario,Project Vega,cpu,12,1.96,cores,16.33
2025-02-02 09:00:00,mac-waste-scenario,Project Vega,cpu,12,1.95,cores,16.21
2025-02-02 10:00:00,mac-waste-scenario,Project Vega,cpu,12,2.13,cores,17.79
2025-02-02 11:00:00,mac-waste-scenario,Project Vega,cpu,12,1.42,cores,11.85
2025-02-02 12:00:00,mac-waste-scenario,Project Vega,cpu,12,1.98,cores,16.5
2025-02-02 13:00:00,mac-waste-scenario,Project Vega,cpu,12,1.73,cores,14.41
2025-02-02 14:00:00,mac-waste-scenario,Project Vega,cpu,12,1.64,cores,13.67
2025-02-02 15:00:00,mac-waste-scenario,Project Vega,cpu,12,1.93,cores,16.08
2025-02-02 16:00:00,mac-waste-scenario,Project Vega,cpu,12,1.58,cores,13.16
2025-02-02 17:00:00,mac-waste-scenario,Project Vega,cpu,12,1.3,cores,10.85
2025-02-02 18:00:00,mac-waste-scenario,Project Vega,cpu,12,1.71,cores,14.26
2025-02-02 19:00:00,mac-waste-scenario,Project Vega,cpu,12,1.44,cores,12.0
2025-02-02 20:00:00,mac-waste-scenario,Project Vega,cpu,12,1.64,cores,13.7
2025-02-02 21:00:00,mac-waste-scenario,Project Vega,cpu,12,1.89,cores,15.74
2025-02-02 22:00:00,mac-waste-scenario,Project Vega,cpu,12,1.87,cores,15.62
2025-02-02 23:00:00,mac-waste-scenario,Project Vega,cpu,12,2.18,cores,18.17
2025-02-03 00:00:00,mac-waste-scenario,Project Vega,cpu,12,1.75,cores,14.6
2025-02-03 01:00:00,mac-waste-scenario,Project Vega,cpu,12,1.43,cores,11.93
2025-02-03 02:00:00,mac-waste-scenario,Project Vega,cpu,12,1.62,cores,13.49
2025-02-03 03:00:00,mac-waste-scenario,Project Vega,cpu,12,1.58,cores,13.16
2025-02-03 04:00:00,mac-waste-scenario,Project Vega,cpu,12,1.51,cores,12.56
2025-02-03 05:00:00,mac-waste-scenario,Project Vega,cpu,12,1.9,cores,15.87
2025-02-03 06:00:00,mac-waste-scenario,Project Vega,cpu,12,1.65,cores,13.71
2025-02-03 07:00:00,mac-waste-scenario,Project Vega,cpu,12,1.33,cores,11.05
2025-02-03 08:00:00,mac-waste-scenario,Project Vega,cpu,12,1.97,cores,16.39
2025-02-03 09:00:00,mac-waste-scenario,Project Vega,cpu,12,1.77,cores,14.78
2025-02-03 10:00:00,mac-waste-scenario,Project Vega,cpu,12,1.89,cores,15.71
2025-02-03 11:00:00,mac-waste-scenario,Project Vega,cpu,12,1.83,cores,15.21
2025-02-03 12:00:00,mac-waste-scenario,Project Vega,cpu,12,1.95,cores,16.26
2025-02-03 13:00:00,mac-waste-scenario,Project Vega,cpu,12,1.81,cores,15.08
2025-02-03 14:00:00,mac-waste-scenario,Project Vega,cpu,12,2.1,cores,17.47
2025-02-03 15:00:00,mac-waste-scenario,Project Vega,cpu,12,1.9,cores,15.85
2025-02-03 16:00:00,mac-waste-scenario,Project Vega,cpu,12,1.89,cores,15.78
2025-02-03 17:00:00,mac-waste-scenario,Project Vega,cpu,12,1.9,cores,15.82
2025-02-03 18:00:00,mac-waste-scenario,Project Vega,cpu,12,1.45,cores,12.09
2025-02-03 19:00:00,mac-waste-scenario,Project Vega,cpu,12,1.76,cores,14.67
2025-02-03 20:00:00,mac-waste-scenario,Project Vega,cpu,12,1.74,cores,14.48
2025-02-03 21:00:00,mac-waste-scenario,Project Vega,cpu,12,1.85,cores,15.42
2025-02-03 22:00:00,mac-waste-scenario,Project Vega,cpu,12,1.47,cores,12.28
2025-02-03 23:00:00,mac-waste-scenario,Project Vega,cpu,12,2.19,cores,18.27
2025-02-04 00:00:00,mac-waste-scenario,Project Vega,cpu,12,1.83,cores,15.21
2025-02-04 01:00:00,mac-waste-scenario,Project Vega,cpu,12,1.51,cores,12.58
2025-02-04 02:00:00,mac-waste-scenario,Project Vega,cpu,12,1.39,cores,11.58
2025-02-04 03:00:00,mac-waste-scenario,Project Vega,cpu,12,1.73,cores,14.44
2025-02-04 04:00:00,mac-waste-scenario,Project Vega,cpu,12,1.78,cores,14.82
2025-02-04 05:00:00,mac-waste-scenario,Project Vega,cpu,12,1.63,cores,13.56
2025-02-04 06:00:00,mac-waste-scenario,Project Vega,cpu,12,1.82,cores,15.18
2025-02-04 07:00:00,mac-waste-scenario,Project Vega,cpu,12,1.65,cores,13.72
2025-02-04 08:00:00,mac-waste-scenario,Project Vega,cpu,12,1.93,cores,16.1
2025-02-04 09:00:00,mac-waste-scenario,Project Vega,cpu,12,1.63,cores,13.55
2025-02-04 10:00:00,mac-waste-scenario,Project Vega,cpu,12,1.79,cores,14.92
2025-02-04 11:00:00,mac-waste-scenario,Project Vega,cpu,12,2.03,cores,16.96
2025-02-04 12:00:00,mac-waste-scenario,Project Vega,cpu,12,2.42,cores,20.14
2025-02-04 13:00:00,mac-waste-scenario,Project Vega,cpu,12,1.56,cores,12.98
2025-02-04 14:00:00,mac-waste-scenario,Project Vega,cpu,12,1.69,cores,14.07
2025-02-04 15:00:00,mac-waste-scenario,Project Vega,cpu,12,1.6,cores,13.32
2025-02-04 16:00:00,mac-waste-scenario,Project Vega,cpu,12,1.99,cores,16.57
2025-02-04 17:00:00,mac-waste-scenario,Project Vega,cpu,12,1.52,cores,12.7
2025-02-04 18:00:00,mac-waste-scenario,Project Vega,cpu,12,1.68,cores,14.03
2025-02-04 19:00:00,mac-waste-scenario,Project Vega,cpu,12,1.79,cores,14.94
2025-02-04 20:00:00,mac-waste-scenario,Project Vega,cpu,12,1.57,cores,13.04
2025-02-04 21:00:00,mac-waste-scenario,Project Vega,cpu,12,1.57,cores,13.09
2025-02-04 22:00:00,mac-waste-scenario,Project Vega,cpu,12,1.69,cores,14.05
2025-02-04 23:00:00,mac-waste-scenario,Project Vega,cpu,12,1.3,cores,10.8
2025-02-05 00:00:00,mac-waste-scenario,Project Vega,cpu,12,1.45,cores,12.11
2025-02-05 01:00:00,mac-waste-scenario,Project Vega,cpu,12,1.7,cores,14.17
2025-02-05 02:00:00,mac-waste-scenario,Project Vega,cpu,12,1.84,cores,15.3
2025-02-05 03:00:00,mac-waste-scenario,Project Vega,cpu,12,1.76,cores,14.63
2025-02-05 04:00:00,mac-waste-scenario,Project Vega,cpu,12,1.37,cores,11.45
2025-02-05 05:00:00,mac-waste-scenario,Project Vega,cpu,12,1.69,cores,14.07
2025-02-05 06:00:00,mac-waste-scenario,Project Vega,cpu,12,1.99,cores,16.6
2025-02-05 07:00:00,mac-waste-scenario,Project Vega,cpu,12,1.93,cores,16.11
2025-02-05 08:00:00,mac-waste-scenario,Project Vega,cpu,12,1.78,cores,14.84
2025-02-05 09:00:00,mac-waste-scenario,Project Vega,cpu,12,1.59,cores,13.23
2025-02-05 10:00:00,mac-waste-scenario,Project Vega,cpu,12,1.95,cores,16.26
2025-02-05 11:00:00,mac-waste-scenario,Project Vega,cpu,12,1.66,cores,13.84
2025-02-05 12:00:00,mac-waste-scenario,Project Vega,cpu,12,1.52,cores,12.66
2025-02-05 13:00:00,mac-waste-scenario,Project Vega,cpu,12,1.61,cores,13.4
2025-02-05 14:00:00,mac-waste-scenario,Project Vega,cpu,12,2.15,cores,17.9
2025-02-05 15:00:00,mac-waste-scenario,Project Vega,cpu,12,1.85,cores,15.44
2025-02-05 16:00:00,mac-waste-scenario,Project Vega,cpu,12,2.08,cores,17.32
2025-02-05 17:00:00,mac-waste-scenario,Project Vega,cpu,12,1.68,cores,14.04
2025-02-05 18:00:00,mac-waste-scenario,Project Vega,cpu,12,2.03,cores,16.88
2025-02-05 19:00:00,mac-waste-scenario,Project Vega,cpu,12,1.66,cores,13.8
2025-02-05 20:00:00,mac-waste-scenario,Project Vega,cpu,12,1.76,cores,14.69
2025-02-05 21:00:00,mac-waste-scenario,Project Vega,cpu,12,2.4,cores,19.97
2025-02-05 22:00:00,mac-waste-scenario,Project Vega,cpu,12,1.98,cores,16.53
2025-02-05 23:00:00,mac-waste-scenario,Project Vega,cpu,12,1.68,cores,14.0
2025-02-06 00:00:00,mac-waste-scenario,Project Vega,cpu,12,1.78,cores,14.83
2025-02-06 01:00:00,mac-waste-scenario,Project Vega,cpu,12,1.88,cores,15.65
2025-02-06 02:00:00,mac-waste-scenario,Project Vega,cpu,12,2.09,cores,17.42
2025-02-06 03:00:00,mac-waste-scenario,Project Vega,cpu,12,1.68,cores,14.02
2025-02-06 04:00:00,mac-waste-scenario,Project Vega,cpu,12,1.38,cores,11.52
2025-02-06 05:00:00,mac-waste-scenario,Project Vega,cpu,12,1.73,cores,14.44
2025-02-06 06:00:00,mac-waste-scenario,Project Vega,cpu,12,1.8,cores,15.03
2025-02-06 07:00:00,mac-waste-scenario,Project Vega,cpu,12,1.83,cores,15.22
2025-02-06 08:00:00,mac-waste-scenario,Project Vega,cpu,12,2.12,cores,17.63
2025-02-06 09:00:00,mac-waste-scenario,Project Vega,cpu,12,1.88,cores,15.63
2025-02-06 10:00:00,mac-waste-scenario,Project Vega,cpu,12,2.0,cores,16.63
2025-02-06 11:00:00,mac-waste-scenario,Project Vega,cpu,12,1.54,cores,12.8
2025-02-06 12:00:00,mac-waste-scenario,Project Vega,cpu,12,2.01,cores,16.74
2025-02-06 13:00:00,mac-waste-scenario,Project Vega,cpu,12,2.3,cores,19.19
2025-02-06 14:00:00,mac-waste-scenario,Project Vega,cpu,12,1.99,cores,16.55
2025-02-06 15:00:00,mac-waste-scenario,Project Vega,cpu,12,1.86,cores,15.51
2025-02-06 16:00:00,mac-waste-scenario,Project Vega,cpu,12,1.84,cores,15.31
2025-02-06 17:00:00,mac-waste-scenario,Project Vega,cpu,12,2.23,cores,18.57
2025-02-06 18:00:00,mac-waste-scenario,Project Vega,cpu,12,1.58,cores,13.15
2025-02-06 19:00:00,mac-waste-scenario,Project Vega,cpu,12,1.77,cores,14.78
2025-02-06 20:00:00,mac-waste-scenario,Project Vega,cpu,12,1.91,cores,15.92
2025-02-06 21:00:00,mac-waste-scenario,Project Vega,cpu,12,1.98,cores,16.49
2025-02-06 22:00:00,mac-waste-scenario,Project Vega,cpu,12,1.7,cores,14.13
2025-02-06 23:00:00,mac-waste-scenario,Project Vega,cpu,12,1.87,cores,15.61
2025-02-07 00:00:00,mac-waste-scenario,Project Vega,cpu,12,1.73,cores,14.44
2025-02-07 01:00:00,mac-waste-scenario,Project Vega,cpu,12,1.83,cores,15.24
2025-02-07 02:00:00,mac-waste-scenario,Project Vega,cpu,12,1.77,cores,14.74
2025-02-07 03:00:00,mac-waste-scenario,Project Vega,cpu,12,1.53,cores,12.72
2025-02-07 04:00:00,mac-waste-scenario,Project Vega,cpu,12,1.79,cores,14.96
2025-02-07 05:00:00,mac-waste-scenario,Project Vega,cpu,12,2.01,cores,16.75
2025-02-07 06:00:00,mac-waste-scenario,Project Vega,cpu,12,1.57,cores,13.07
2025-02-07 07:00:00,mac-waste-scenario,Project Vega,cpu,12,1.74,cores,14.52
2025-02-07 08:00:00,mac-waste-scenario,Project Vega,cpu,12,1.96,cores,16.33
2025-02-07 09:00:00,mac-waste-scenario,Project Vega,cpu,12,1.54,cores,12.86
2025-02-07 10:00:00,mac-waste-scenario,Project Vega,cpu,12,1.84,cores,15.37
2025-02-07 11:00:00,mac-waste-scenario,Project Vega,cpu,12,1.55,cores,12.88
2025-02-07 12:00:00,mac-waste-scenario,Project Vega,cpu,12,2.07,cores,17.27
2025-02-07 13:00:00,mac-waste-scenario,Project Vega,cpu,12,2.36,cores,19.63
2025-02-07 14:00:00,mac-waste-scenario,Project Vega,cpu,12,2.29,cores,19.04
2025-02-07 15:00:00,mac-waste-scenario,Project Vega,cpu,12,1.75,cores,14.56
2025-02-07 16:00:00,mac-waste-scenario,Project Vega,cpu,12,1.98,cores,16.48
2025-02-07 17:00:00,mac-waste-scenario,Project Vega,cpu,12,1.83,cores,15.24
2025-02-07 18:00:00,mac-waste-scenario,Project Vega,cpu,12,1.82,cores,15.2
2025-02-07 19:00:00,mac-waste-scenario,Project Vega,cpu,12,2.17,cores,18.1
2025-02-07 20:00:00,mac-waste-scenario,Project Vega,cpu,12,1.48,cores,12.36
2025-02-07 21:00:00,mac-waste-scenario,Project Vega,cpu,12,2.05,cores,17.11
2025-02-07 22:00:00,mac-waste-scenario,Project Vega,cpu,12,1.79,cores,14.9
2025-02-07 23:00:00,mac-waste-scenario,Project Vega,cpu,12,2.14,cores,17.82
2025-02-08 00:00:00,mac-waste-scenario,Project Vega,cpu,12,1.84,cores,15.37
2025-02-08 01:00:00,mac-waste-scenario,Project Vega,cpu,12,1.64,cores,13.65
2025-02-08 02:00:00,mac-waste-scenario,Project Vega,cpu,12,1.87,cores,15.55
2025-02-08 03:00:00,mac-waste-scenario,Project Vega,cpu,12,1.98,cores,16.47
2025-02-08 04:00:00,mac-waste-scenario,Project Vega,cpu,12,1.81,cores,15.07
2025-02-08 05:00:00,mac-waste-scenario,Project Vega,cpu,12,1.92,cores,15.98
2025-02-08 06:00:00,mac-waste-scenario,Project Vega,cpu,12,1.67,cores,13.96
2025-02-08 07:00:00,mac-waste-scenario,Project Vega,cpu,12,1.29,cores,10.73
2025-02-08 08:00:00,mac-waste-scenario,Project Vega,cpu,12,2.02,cores,16.8
2025-02-08 09:00:00,mac-waste-scenario,Project Vega,cpu,12,1.97,cores,16.4
2025-02-08 10:00:00,mac-waste-scenario,Project Vega,cpu,12,1.84,cores,15.3
2025-02-08 11:00:00,mac-waste-scenario,Project Vega,cpu,12,1.82,cores,15.14
2025-02-08 12:00:00,mac-waste-scenario,Project Vega,cpu,12,2.05,cores,17.07
2025-02-08 13:00:00,mac-waste-scenario,Project Vega,cpu,12,1.69,cores,14.09
2025-02-08 14:00:00,mac-waste-scenario,Project Vega,cpu,12,1.63,cores,13.59
2025-02-08 15:00:00,mac-waste-scenario,Project Vega,cpu,12,1.75,cores,14.62
2025-02-08 16:00:00,mac-waste-scenario,Project Vega,cpu,12,2.09,cores,17.38
2025-02-08 17:00:00,mac-waste-scenario,Project Vega,cpu,12,1.47,cores,12.23
2025-02-08 18:00:00,mac-waste-scenario,Project Vega,cpu,12,2.09,cores,17.38
2025-02-08 19:00:00,mac-waste-scenario,Project Vega,cpu,12,1.65,cores,13.72
2025-02-08 20:00:00,mac-waste-scenario,Project Vega,cpu,12,1.54,cores,12.8
2025-02-08 21:00:00,mac-waste-scenario,Project Vega,cpu,12,2.1,cores,17.52
2025-02-08 22:00:00,mac-waste-scenario,Project Vega,cpu,12,1.78,cores,14.81
2025-02-08 23:00:00,mac-waste-scenario,Project Vega,cpu,12,1.49,cores,12.4
2025-02-09 00:00:00,mac-waste-scenario,Project Vega,cpu,12,1.71,cores,14.28
2025-02-09 01:00:00,mac-waste-scenario,Project Vega,cpu,12,2.02,cores,16.86
2025-02-09 02:00:00,mac-waste-scenario,Project Vega,cpu,12,2.09,cores,17.38
2025-02-09 03:00:00,mac-waste-scenario,Project Vega,cpu,12,1.7,cores,14.15
2025-02-09 04:00:00,mac-waste-scenario,Project Vega,cpu,12,1.9,cores,15.81
2025-02-09 05:00:00,mac-waste-scenario,Project Vega,cpu,12,1.97,cores,16.43
2025-02-09 06:00:00,mac-waste-scenario,Project Vega,cpu,12,1.65,cores,13.71
2025-02-09 07:00:00,mac-waste-scenario,Project Vega,cpu,12,1.89,cores,15.71
2025-02-09 08:00:00,mac-waste-scenario,Project Vega,cpu,12,1.79,cores,14.94
2025-02-09 09:00:00,mac-waste-scenario,Project Vega,cpu,12,1.67,cores,13.93
2025-02-09 10:00:00,mac-waste-scenario,Project Vega,cpu,12,1.68,cores,14.02
2025-02-09 11:00:00,mac-waste-scenario,Project Vega,cpu,12,1.82,cores,15.13
2025-02-09 12:00:00,mac-waste-scenario,Project Vega,cpu,12,1.81,cores,15.06
2025-02-09 13:00:00,mac-waste-scenario,Project Vega,cpu,12,1.66,cores,13.87
2025-02-09 14:00:00,mac-waste-scenario,Project Vega,cpu,12,1.7,cores,14.15
2025-02-09 15:00:00,mac-waste-scenario,Project Vega,cpu,12,2.07,cores,17.23
2025-02-09 16:00:00,mac-waste-scenario,Project Vega,cpu,12,1.85,cores,15.43
2025-02-09 17:00:00,mac-waste-scenario,Project Vega,cpu,12,2.01,cores,16.77
2025-02-09 18:00:00,mac-waste-scenario,Project Vega,cpu,12,2.09,cores,17.4
2025-02-09 19:00:00,mac-waste-scenario,Project Vega,cpu,12,1.94,cores,16.18
2025-02-09 20:00:00,mac-waste-scenario,Project Vega,cpu,12,2.35,cores,19.54
2025-02-09 21:00:00,mac-waste-scenario,Project Vega,cpu,12,1.6,cores,13.35
2025-02-09 22:00:00,mac-waste-scenario,Project Vega,cpu,12,1.99,cores,16.62
2025-02-09 23:00:00,mac-waste-scenario,Project Vega,cpu,12,1.72,cores,14.36
2025-02-10 00:00:00,mac-waste-scenario,Project Vega,cpu,12,2.25,cores,18.71
2025-02-10 01:00:00,mac-waste-scenario,Project Vega,cpu,12,2.21,cores,18.4
2025-02-10 02:00:00,mac-waste-scenario,Project Vega,cpu,12,1.33,cores,11.09
2025-02-10 03:00:00,mac-waste-scenario,Project Vega,cpu,12,1.57,cores,13.06
2025-02-10 04:00:00,mac-waste-scenario,Project Vega,cpu,12,1.96,cores,16.33
2025-02-10 05:00:00,mac-waste-scenario,Project Vega,cpu,12,1.99,cores,16.58
2025-02-10 06:00:00,mac-waste-scenario,Project Vega,cpu,12,1.98,cores,16.47
2025-02-10 07:00:00,mac-waste-scenario,Project Vega,cpu,12,1.78,cores,14.86
2025-02-10 08:00:00,mac-waste-scenario,Project Vega,cpu,12,1.91,cores,15.91
2025-02-10 09:00:00,mac-waste-scenario,Project Vega,cpu,12,1.96,cores,16.31
2025-02-10 10:00:00,mac-waste-scenario,Project Vega,cpu,12,1.78,cores,14.84
2025-02-10 11:00:00,mac-waste-scenario,Project Vega,cpu,12,2.05,cores,17.05
2025-02-10 12:00:00,mac-waste-scenario,Project Vega,cpu,12,1.26,cores,10.48
2025-02-10 13:00:00,mac-waste-scenario,Project Vega,cpu,12,1.95,cores,16.27
2025-02-10 14:00:00,mac-waste-scenario,Project Vega,cpu,12,1.55,cores,12.93
2025-02-10 15:00:00,mac-waste-scenario,Project Vega,cpu,12,2.03,cores,16.92
2025-02-10 16:00:00,mac-waste-scenario,Project Vega,cpu,12,1.75,cores,14.54
2025-02-10 17:00:00,mac-waste-scenario,Project Vega,cpu,12,1.59,cores,13.22
2025-02-10 18:00:00,mac-waste-scenario,Project Vega,cpu,12,1.89,cores,15.75
2025-02-10 19:00:00,mac-waste-scenario,Project Vega,cpu,12,1.58,cores,13.18
2025-02-10 20:00:00,mac-waste-scenario,Project Vega,cpu,12,1.58,cores,13.17
2025-02-10 21:00:00,mac-waste-scenario,Project Vega,cpu,12,1.42,cores,11.87
2025-02-10 22:00:00,mac-waste-scenario,Project Vega,cpu,12,1.79,cores,14.95
2025-02-10 23:00:00,mac-waste-scenario,Project Vega,cpu,12,1.92,cores,15.99
2025-02-11 00:00:00,mac-waste-scenario,Project Vega,cpu,12,2.05,cores,17.05
2025-02-11 01:00:00,mac-waste-scenario,Project Vega,cpu,12,1.77,cores,14.72
2025-02-11 02:00:00,mac-waste-scenario,Project Vega,cpu,12,2.05,cores,17.1
2025-02-11 03:00:00,mac-waste-scenario,Project Vega,cpu,12,1.8,cores,15.04
2025-02-11 04:00:00,mac-waste-scenario,Project Vega,cpu,12,1.78,cores,14.81
2025-02-11 05:00:00,mac-waste-scenario,Project Vega,cpu,12,1.94,cores,16.15
2025-02-11 06:00:00,mac-waste-scenario,Project Vega,cpu,12,2.05,cores,17.12
2025-02-11 07:00:00,mac-waste-scenario,Project Vega,cpu,12,1.72,cores,14.32
2025-02-11 08:00:00,mac-waste-scenario,Project Vega,cpu,12,1.74,cores,14.51
2025-02-11 09:00:00,mac-waste-scenario,Project Vega,cpu,12,1.76,cores,14.68
2025-02-11 10:00:00,mac-waste-scenario,Project Vega,cpu,12,1.82,cores,15.17
2025-02-11 11:00:00,mac-waste-scenario,Project Vega,cpu,12,1.58,cores,13.2
2025-02-11 12:00:00,mac-waste-scenario,Project Vega,cpu,12,2.05,cores,17.06
2025-02-11 13:00:00,mac-waste-scenario,Project Vega,cpu,12,1.7,cores,14.2
2025-02-11 14:00:00,mac-waste-scenario,Project Vega,cpu,12,1.91,cores,15.92
2025-02-11 15:00:00,mac-waste-scenario,Project Vega,cpu,12,1.6,cores,13.35
2025-02-11 16:00:00,mac-waste-scenario,Project Vega,cpu,12,1.89,cores,15.72
2025-02-11 17:00:00,mac-waste-scenario,Project Vega,cpu,12,1.89,cores,15.78
2025-02-11 18:00:00,mac-waste-scenario,Project Vega,cpu,12,1.7,cores,14.16
2025-02-11 19:00:00,mac-waste-scenario,Project Vega,cpu,12,2.29,cores,19.04
2025-02-11 20:00:00,mac-waste-scenario,Project Vega,cpu,12,1.89,cores,15.74
2025-02-11 21:00:00,mac-waste-scenario,Project Vega,cpu,12,2.23,cores,18.55
2025-02-11 22:00:00,mac-waste-scenario,Project Vega,cpu,12,2.03,cores,16.92
2025-02-11 23:00:00,mac-waste-scenario,Project Vega,cpu,12,1.64,cores,13.68
2025-02-12 00:00:00,mac-waste-scenario,Project Vega,cpu,12,1.71,cores,14.24
2025-02-12 01:00:00,mac-waste-scenario,Project Vega,cpu,12,1.9,cores,15.87
2025-02-12 02:00:00,mac-waste-scenario,Project Vega,cpu,12,1.81,cores,15.12
2025-02-12 03:00:00,mac-waste-scenario,Project Vega,cpu,12,1.81,cores,15.1
2025-02-12 04:00:00,mac-waste-scenario,Project Vega,cpu,12,1.73,cores,14.43
2025-02-12 05:00:00,mac-waste-scenario,Project Vega,cpu,12,1.37,cores,11.38
2025-02-12 06:00:00,mac-waste-scenario,Project Vega,cpu,12,1.75,cores,14.55
2025-02-12 07:00:00,mac-waste-scenario,Project Vega,cpu,12,1.27,cores,10.56
2025-02-12 08:00:00,mac-waste-scenario,Project Vega,cpu,12,1.89,cores,15.74
2025-02-12 09:00:00,mac-waste-scenario,Project Vega,cpu,12,1.63,cores,13.55
2025-02-12 10:00:00,mac-waste-scenario,Project Vega,cpu,12,1.63,cores,13.57
2025-02-12 11:00:00,mac-waste-scenario,Project Vega,cpu,12,1.75,cores,14.56
2025-02-12 12:00:00,mac-waste-scenario,Project Vega,cpu,12,1.87,cores,15.55
2025-02-12 13:00:00,mac-waste-scenario,Project Vega,cpu,12,1.46,cores,12.14
2025-02-12 14:00:00,mac-waste-scenario,Project Vega,cpu,12,1.38,cores,11.5
2025-02-12 15:00:00,mac-waste-scenario,Project Vega,cpu,12,1.54,cores,12.87
2025-02-12 16:00:00,mac-waste-scenario,Project Vega,cpu,12,1.31,cores,10.92
2025-02-12 17:00:00,mac-waste-scenario,Project Vega,cpu,12,1.57,cores,13.07
2025-02-12 18:00:00,mac-waste-scenario,Project Vega,cpu,12,2.18,cores,18.18
2025-02-12 19:00:00,mac-waste-scenario,Project Vega,cpu,12,1.55,cores,12.89
2025-02-12 20:00:00,mac-waste-scenario,Project Vega,cpu,12,1.96,cores,16.3
2025-02-12 21:00:00,mac-waste-scenario,Project Vega,cpu,12,1.47,cores,12.26
2025-02-12 22:00:00,mac-waste-scenario,Project Vega,cpu,12,1.87,cores,15.6
2025-02-12 23:00:00,mac-waste-scenario,Project Vega,cpu,12,1.72,cores,14.36
2025-02-13 00:00:00,mac-waste-scenario,Project Vega,cpu,12,1.79,cores,14.88
2025-02-13 01:00:00,mac-waste-scenario,Project Vega,cpu,12,1.94,cores,16.14
2025-02-13 02:00:00,mac-waste-scenario,Project Vega,cpu,12,2.22,cores,18.51
2025-02-13 03:00:00,mac-waste-scenario,Project Vega,cpu,12,1.85,cores,15.39
2025-02-13 04:00:00,mac-waste-scenario,Project Vega,cpu,12,1.83,cores,15.25
2025-02-13 05:00:00,mac-waste-scenario,Project Vega,cpu,12,1.57,cores,13.05
2025-02-13 06:00:00,mac-waste-scenario,Project Vega,cpu,12,1.94,cores,16.17
2025-02-13 07:00:00,mac-waste-scenario,Project Vega,cpu,12,1.74,cores,14.51
2025-02-13 08:00:00,mac-waste-scenario,Project Vega,cpu,12,2.0,cores,16.66
2025-02-13 09:00:00,mac-waste-scenario,Project Vega,cpu,12,1.79,cores,14.91
2025-02-13 10:00:00,mac-waste-scenario,Project Vega,cpu,12,2.22,cores,18.48
2025-02-13 11:00:00,mac-waste-scenario,Project Vega,cpu,12,1.32,cores,11.03
2025-02-13 12:00:00,mac-waste-scenario,Project Vega,cpu,12,1.73,cores,14.41
2025-02-13 13:00:00,mac-waste-scenario,Project Vega,cpu,12,2.01,cores,16.76
2025-02-13 14:00:00,mac-waste-scenario,Project Vega,cpu,12,1.72,cores,14.3
2025-02-13 15:00:00,mac-waste-scenario,Project Vega,cpu,12,1.61,cores,13.42
2025-02-13 16:00:00,mac-waste-scenario,Project Vega,cpu,12,1.74,cores,14.47
2025-02-13 17:00:00,mac-waste-scenario,Project Vega,cpu,12,1.47,cores,12.24
2025-02-13 18:00:00,mac-waste-scenario,Project Vega,cpu,12,1.83,cores,15.24
2025-02-13 19:00:00,mac-waste-scenario,Project Vega,cpu,12,2.39,cores,19.88
2025-02-13 20:00:00,mac-waste-scenario,Project Vega,cpu,12,2.07,cores,17.29
2025-02-13 21:00:00,mac-waste-scenario,Project Vega,cpu,12,1.53,cores,12.78
2025-02-13 22:00:00,mac-waste-scenario,Project Vega,cpu,12,1.59,cores,13.25
2025-02-13 23:00:00,mac-waste-scenario,Project Vega,cpu,12,1.7,cores,14.19
2025-02-14 00:00:00,mac-waste-scenario,Project Vega,cpu,12,2.04,cores,17.01
2025-02-14 01:00:00,mac-waste-scenario,Project Vega,cpu,12,1.6,cores,13.36
2025-02-14 02:00:00,mac-waste-scenario,Project Vega,cpu,12,1.63,cores,13.62
2025-02-14 03:00:00,mac-waste-scenario,Project Vega,cpu,12,2.01,cores,16.77
2025-02-14 04:00:00,mac-waste-scenario,Project Vega,cpu,12,2.01,cores,16.73
2025-02-14 05:00:00,mac-waste-scenario,Project Vega,cpu,12,1.71,cores,14.25
2025-02-14 06:00:00,mac-waste-scenario,Project Vega,cpu,12,1.53,cores,12.76
2025-02-14 07:00:00,mac-waste-scenario,Project Vega,cpu,12,1.43,cores,11.9
2025-02-14 08:00:00,mac-waste-scenario,Project Vega,cpu,12,1.63,cores,13.6
2025-02-14 09:00:00,mac-waste-scenario,Project Vega,cpu,12,1.26,cores,10.54
2025-02-14 10:00:00,mac-waste-scenario,Project Vega,cpu,12,1.98,cores,16.5
2025-02-14 11:00:00,mac-waste-scenario,Project Vega,cpu,12,1.65,cores,13.74
2025-02-14 12:00:00,mac-waste-scenario,Project Vega,cpu,12,1.92,cores,15.96
2025-02-14 13:00:00,mac-waste-scenario,Project Vega,cpu,12,2.25,cores,18.74
2025-02-14 14:00:00,mac-waste-scenario,Project Vega,cpu,12,2.08,cores,17.35
2025-02-14 15:00:00,mac-waste-scenario,Project Vega,cpu,12,1.52,cores,12.7
2025-02-14 16:00:00,mac-waste-scenario,Project Vega,cpu,12,2.01,cores,16.74
2025-02-14 17:00:00,mac-waste-scenario,Project Vega,cpu,12,2.08,cores,17.32
2025-02-14 18:00:00,mac-waste-scenario,Project Vega,cpu,12,1.62,cores,13.51
2025-02-14 19:00:00,mac-waste-scenario,Project Vega,cpu,12,1.57,cores,13.09
2025-02-14 20:00:00,mac-waste-scenario,Project Vega,cpu,12,1.77,cores,14.78
2025-02-14 21:00:00,mac-waste-scenario,Project Vega,cpu,12,1.42,cores,11.8
2025-02-14 22:00:00,mac-waste-scenario,Project Vega,cpu,12,2.15,cores,17.94
2025-02-14 23:00:00,mac-waste-scenario,Project Vega,cpu,12,1.22,cores,10.19
2025-02-15 00:00:00,mac-waste-scenario,Project Vega,cpu,12,1.53,cores,12.79
2025-02-15 01:00:00,mac-waste-scenario,Project Vega,cpu,12,1.74,cores,14.46
2025-02-15 02:00:00,mac-waste-scenario,Project Vega,cpu,12,1.75,cores,14.55
2025-02-15 03:00:00,mac-waste-scenario,Project Vega,cpu,12,1.84,cores,15.33
2025-02-15 04:00:00,mac-waste-scenario,Project Vega,cpu,12,1.87,cores,15.54
2025-02-15 05:00:00,mac-waste-scenario,Project Vega,cpu,12,1.75,cores,14.57
2025-02-15 06:00:00,mac-waste-scenario,Project Vega,cpu,12,2.07,cores,17.27
2025-02-15 07:00:00,mac-waste-scenario,Project Vega,cpu,12,1.29,cores,10.72
2025-02-15 08:00:00,mac-waste-scenario,Project Vega,cpu,12,1.8,cores,15.0
2025-02-15 09:00:00,mac-waste-scenario,Project Vega,cpu,12,1.63,cores,13.57
2025-02-15 10:00:00,mac-waste-scenario,Project Vega,cpu,12,1.83,cores,15.27
2025-02-15 11:00:00,mac-waste-scenario,Project Vega,cpu,12,1.85,cores,15.44
2025-02-15 12:00:00,mac-waste-scenario,Project Vega,cpu,12,1.58,cores,13.18
2025-02-15 13:00:00,mac-waste-scenario,Project Vega,cpu,12,1.65,cores,13.72
2025-02-15 14:00:00,mac-waste-scenario,Project Vega,cpu,12,1.99,cores,16.59
2025-02-15 15:00:00,mac-waste-scenario,Project Vega,cpu,12,1.88,cores,15.7
2025-02-15 16:00:00,mac-waste-scenario,Project Vega,cpu,12,1.64,cores,13.64
2025-02-15 17:00:00,mac-waste-scenario,Project Vega,cpu,12,2.29,cores,19.08
2025-02-15 18:00:00,mac-waste-scenario,Project Vega,cpu,12,2.35,cores,19.62
2025-02-15 19:00:00,mac-waste-scenario,Project Vega,cpu,12,1.45,cores,12.08
2025-02-15 20:00:00,mac-waste-scenario,Project Vega,cpu,12,1.87,cores,15.6
2025-02-15 21:00:00,mac-waste-scenario,Project Vega,cpu,12,2.4,cores,20.02
2025-02-15 22:00:00,mac-waste-scenario,Project Vega,cpu,12,1.99,cores,16.57
2025-02-15 23:00:00,mac-waste-scenario,Project Vega,cpu,12,1.85,cores,15.44
2025-02-16 00:00:00,mac-waste-scenario,Project Vega,cpu,12,1.75,cores,14.58
2025-02-16 01:00:00,mac-waste-scenario,Project Vega,cpu,12,1.67,cores,13.92
2025-02-16 02:00:00,mac-waste-scenario,Project Vega,cpu,12,1.75,cores,14.57
2025-02-16 03:00:00,mac-waste-scenario,Project Vega,cpu,12,1.67,cores,13.9
2025-02-16 04:00:00,mac-waste-scenario,Project Vega,cpu,12,1.98,cores,16.49
2025-02-16 05:00:00,mac-waste-scenario,Project Vega,cpu,12,1.7,cores,14.2
2025-02-16 06:00:00,mac-waste-scenario,Project Vega,cpu,12,1.69,cores,14.12
2025-02-16 07:00:00,mac-waste-scenario,Project Vega,cpu,12,1.51,cores,12.6
2025-02-16 08:00:00,mac-waste-scenario,Project Vega,cpu,12,1.79,cores,14.9
2025-02-16 09:00:00,mac-waste-scenario,Project Vega,cpu,12,1.59,cores,13.21
2025-02-16 10:00:00,mac-waste-scenario,Project Vega,cpu,12,1.76,cores,14.64
2025-02-16 11:00:00,mac-waste-scenario,Project Vega,cpu,12,2.05,cores,17.08
2025-02-16 12:00:00,mac-waste-scenario,Project Vega,cpu,12,1.89,cores,15.73
2025-02-16 13:00:00,mac-waste-scenario,Project Vega,cpu,12,1.92,cores,16.01
2025-02-16 14:00:00,mac-waste-scenario,Project Vega,cpu,12,1.89,cores,15.71
2025-02-16 15:00:00,mac-waste-scenario,Project Vega,cpu,12,1.81,cores,15.12
2025-02-16 16:00:00,mac-waste-scenario,Project Vega,cpu,12,1.77,cores,14.75
2025-02-16 17:00:00,mac-waste-scenario,Project Vega,cpu,12,1.73,cores,14.38
2025-02-16 18:00:00,mac-waste-scenario,Project Vega,cpu,12,1.98,cores,16.52
2025-02-16 19:00:00,mac-waste-scenario,Project Vega,cpu,12,1.54,cores,12.83
2025-02-16 20:00:00,mac-waste-scenario,Project Vega,cpu,12,2.12,cores,17.68
2025-02-16 21:00:00,mac-waste-scenario,Project Vega,cpu,12,1.81,cores,15.07
2025-02-16 22:00:00,mac-waste-scenario,Project Vega,cpu,12,1.62,cores,13.5
2025-02-16 23:00:00,mac-waste-scenario,Project Vega,cpu,12,1.68,cores,14.02
2025-02-17 00:00:00,mac-waste-scenario,Project Vega,cpu,12,1.64,cores,13.65
2025-02-17 01:00:00,mac-waste-scenario,Project Vega,cpu,12,1.84,cores,15.32
2025-02-17 02:00:00,mac-waste-scenario,Project Vega,cpu,12,1.63,cores,13.56
2025-02-17 03:00:00,mac-waste-scenario,Project Vega,cpu,12,2.07,cores,17.28
2025-02-17 04:00:00,mac-waste-scenario,Project Vega,cpu,12,1.61,cores,13.44
2025-02-17 05:00:00,mac-waste-scenario,Project Vega,cpu,12,1.25,cores,10.45
2025-02-17 06:00:00,mac-waste-scenario,Project Vega,cpu,12,1.62,cores,13.54
2025-02-17 07:00:00,mac-waste-scenario,Project Vega,cpu,12,1.32,cores,10.98
2025-02-17 08:00:00,mac-waste-scenario,Project Vega,cpu,12,1.79,cores,14.92
2025-02-17 09:00:00,mac-waste-scenario,Project Vega,cpu,12,2.05,cores,17.12
2025-02-17 10:00:00,mac-waste-scenario,Project Vega,cpu,12,1.96,cores,16.3
2025-02-17 11:00:00,mac-waste-scenario,Project Vega,cpu,12,1.48,cores,12.32
2025-02-17 12:00:00,mac-waste-scenario,Project Vega,cpu,12,1.62,cores,13.48
2025-02-17 13:00:00,mac-waste-scenario,Project Vega,cpu,12,2.23,cores,18.56
2025-02-17 14:00:00,mac-waste-scenario,Project Vega,cpu,12,1.88,cores,15.64
2025-02-17 15:00:00,mac-waste-scenario,Project Vega,cpu,12,1.8,cores,15.01
2025-02-17 16:00:00,mac-waste-scenario,Project Vega,cpu,12,2.05,cores,17.11
2025-02-17 17:00:00,mac-waste-scenario,Project Vega,cpu,12,2.39,cores,19.91
2025-02-17 18:00:00,mac-waste-scenario,Project Vega,cpu,12,2.11,cores,17.59
2025-02-17 19:00:00,mac-waste-scenario,Project Vega,cpu,12,1.83,cores,15.28
2025-02-17 20:00:00,mac-waste-scenario,Project Vega,cpu,12,1.89,cores,15.71
2025-02-17 21:00:00,mac-waste-scenario,Project Vega,cpu,12,1.95,cores,16.23
2025-02-17 22:00:00,mac-waste-scenario,Project Vega,cpu,12,1.65,cores,13.77
2025-02-17 23:00:00,mac-waste-scenario,Project Vega,cpu,12,1.55,cores,12.88
2025-02-18 00:00:00,mac-waste-scenario,Project Vega,cpu,12,1.81,cores,15.1
2025-02-18 01:00:00,mac-waste-scenario,Project Vega,cpu,12,1.57,cores,13.11
2025-02-18 02:00:00,mac-waste-scenario,Project Vega,cpu,12,1.79,cores,14.88
2025-02-18 03:00:00,mac-waste-scenario,Project Vega,cpu,12,1.82,cores,15.19
2025-02-18 04:00:00,mac-waste-scenario,Project Vega,cpu,12,2.36,cores,19.68
2025-02-18 05:00:00,mac-waste-scenario,Project Vega,cpu,12,1.6,cores,13.3
2025-02-18 06:00:00,mac-waste-scenario,Project Vega,cpu,12,1.77,cores,14.76
2025-02-18 07:00:00,mac-waste-scenario,Project Vega,cpu,12,1.76,cores,14.67
2025-02-18 08:00:00,mac-waste-scenario,Project Vega,cpu,12,1.9,cores,15.87
2025-02-18 09:00:00,mac-waste-scenario,Project Vega,cpu,12,2.05,cores,17.09
2025-02-18 10:00:00,mac-waste-scenario,Project Vega,cpu,12,1.68,cores,14.02
2025-02-18 11:00:00,mac-waste-scenario,Project Vega,cpu,12,1.6,cores,13.36
2025-02-18 12:00:00,mac-waste-scenario,Project Vega,cpu,12,1.41,cores,11.72
2025-02-18 13:00:00,mac-waste-scenario,Project Vega,cpu,12,1.58,cores,13.15
2025-02-18 14:00:00,mac-waste-scenario,Project Vega,cpu,12,1.93,cores,16.07
2025-02-18 15:00:00,mac-waste-scenario,Project Vega,cpu,12,1.81,cores,15.09
2025-02-18 16:00:00,mac-waste-scenario,Project Vega,cpu,12,1.56,cores,12.97
2025-02-18 17:00:00,mac-waste-scenario,Project Vega,cpu,12,1.71,cores,14.25
2025-02-18 18:00:00,mac-waste-scenario,Project Vega,cpu,12,1.81,cores,15.06
2025-02-18 19:00:00,mac-waste-scenario,Project Vega,cpu,12,1.92,cores,16.01
2025-02-18 20:00:00,mac-waste-scenario,Project Vega,cpu,12,1.66,cores,13.81
2025-02-18 21:00:00,mac-waste-scenario,Project Vega,cpu,12,1.74,cores,14.5
2025-02-18 22:00:00,mac-waste-scenario,Project Vega,cpu,12,1.36,cores,11.36
2025-02-18 23:00:00,mac-waste-scenario,Project Vega,cpu,12,1.52,cores,12.7
2025-02-19 00:00:00,mac-waste-scenario,Project Vega,cpu,12,2.19,cores,18.24
2025-02-19 01:00:00,mac-waste-scenario,Project Vega,cpu,12,1.27,cores,10.62
2025-02-19 02:00:00,mac-waste-scenario,Project Vega,cpu,12,1.72,cores,14.32
2025-02-19 03:00:00,mac-waste-scenario,Project Vega,cpu,12,1.85,cores,15.44
2025-02-19 04:00:00,mac-waste-scenario,Project Vega,cpu,12,1.71,cores,14.25
2025-02-19 05:00:00,mac-waste-scenario,Project Vega,cpu,12,1.61,cores,13.38
2025-02-19 06:00:00,mac-waste-scenario,Project Vega,cpu,12,1.79,cores,14.88
2025-02-19 07:00:00,mac-waste-scenario,Project Vega,cpu,12,1.8,cores,14.99
2025-02-19 08:00:00,mac-waste-scenario,Project Vega,cpu,12,1.78,cores,14.84
2025-02-19 09:00:00,mac-waste-scenario,Project Vega,cpu,12,1.35,cores,11.24
2025-02-19 10:00:00,mac-waste-scenario,Project Vega,cpu,12,1.76,cores,14.71
2025-02-19 11:00:00,mac-waste-scenario,Project Vega,cpu,12,1.59,cores,13.29
2025-02-19 12:00:00,mac-waste-scenario,Project Vega,cpu,12,1.67,cores,13.9
2025-02-19 13:00:00,mac-waste-scenario,Project Vega,cpu,12,1.85,cores,15.45
2025-02-19 14:00:00,mac-waste-scenario,Project Vega,cpu,12,1.95,cores,16.28
2025-02-19 15:00:00,mac-waste-scenario,Project Vega,cpu,12,2.02,cores,16.79
2025-02-19 16:00:00,mac-waste-scenario,Project Vega,cpu,12,1.68,cores,14.01
2025-02-19 17:00:00,mac-waste-scenario,Project Vega,cpu,12,2.02,cores,16.85
2025-02-19 18:00:00,mac-waste-scenario,Project Vega,cpu,12,2.08,cores,17.35
2025-02-19 19:00:00,mac-waste-scenario,Project Vega,cpu,12,2.07,cores,17.27
2025-02-19 20:00:00,mac-waste-scenario,Project Vega,cpu,12,2.13,cores,17.78
2025-02-19 21:00:00,mac-waste-scenario,Project Vega,cpu,12,1.77,cores,14.71
2025-02-19 22:00:00,mac-waste-scenario,Project Vega,cpu,12,1.76,cores,14.65
2025-02-19 23:00:00,mac-waste-scenario,Project Vega,cpu,12,2.0,cores,16.65
2025-02-20 00:00:00,mac-waste-scenario,Project Vega,cpu,12,1.47,cores,12.27
2025-02-20 01:00:00,mac-waste-scenario,Project Vega,cpu,12,1.85,cores,15.42
2025-02-20 02:00:00,mac-waste-scenario,Project Vega,cpu,12,1.67,cores,13.94
2025-02-20 03:00:00,mac-waste-scenario,Project Vega,cpu,12,1.71,cores,14.26
2025-02-20 04:00:00,mac-waste-scenario,Project Vega,cpu,12,1.38,cores,11.52
2025-02-20 05:00:00,mac-waste-scenario,Project Vega,cpu,12,1.59,cores,13.22
2025-02-20 06:00:00,mac-waste-scenario,Project Vega,cpu,12,1.8,cores,14.96
2025-02-20 07:00:00,mac-waste-scenario,Project Vega,cpu,12,2.01,cores,16.78
2025-02-20 08:00:00,mac-waste-scenario,Project Vega,cpu,12,2.04,cores,16.98
2025-02-20 09:00:00,mac-waste-scenario,Project Vega,cpu,12,1.78,cores,14.84
2025-02-20 10:00:00,mac-waste-scenario,Project Vega,cpu,12,1.75,cores,14.62
2025-02-20 11:00:00,mac-waste-scenario,Project Vega,cpu,12,1.6,cores,13.34
2025-02-20 12:00:00,mac-waste-scenario,Project Vega,cpu,12,1.9,cores,15.8
2025-02-20 13:00:00,mac-waste-scenario,Project Vega,cpu,12,1.74,cores,14.5
2025-02-20 14:00:00,mac-waste-scenario,Project Vega,cpu,12,1.95,cores,16.21
2025-02-20 15:00:00,mac-waste-scenario,Project Vega,cpu,12,2.22,cores,18.5
2025-02-20 16:00:00,mac-waste-scenario,Project Vega,cpu,12,1.79,cores,14.94
2025-02-20 17:00:00,mac-waste-scenario,Project Vega,cpu,12,1.44,cores,12.01
2025-02-20 18:00:00,mac-waste-scenario,Project Vega,cpu,12,1.59,cores,13.28
2025-02-20 19:00:00,mac-waste-scenario,Project Vega,cpu,12,1.45,cores,12.08
2025-02-20 20:00:00,mac-waste-scenario,Project Vega,cpu,12,1.51,cores,12.61
2025-02-20 21:00:00,mac-waste-scenario,Project Vega,cpu,12,2.11,cores,17.61
2025-02-20 22:00:00,mac-waste-scenario,Project Vega,cpu,12,1.85,cores,15.45
2025-02-20 23:00:00,mac-waste-scenario,Project Vega,cpu,12,1.44,cores,11.96
2025-02-21 00:00:00,mac-waste-scenario,Project Vega,cpu,12,1.96,cores,16.31
2025-02-21 01:00:00,mac-waste-scenario,Project Vega,cpu,12,2.1,cores,17.52
2025-02-21 02:00:00,mac-waste-scenario,Project Vega,cpu,12,1.71,cores,14.28
2025-02-21 03:00:00,mac-waste-scenario,Project Vega,cpu,12,1.64,cores,13.65
2025-02-21 04:00:00,mac-waste-scenario,Project Vega,cpu,12,1.72,cores,14.33
2025-02-21 05:00:00,mac-waste-scenario,Project Vega,cpu,12,1.87,cores,15.57
2025-02-21 06:00:00,mac-waste-scenario,Project Vega,cpu,12,1.95,cores,16.28
2025-02-21 07:00:00,mac-waste-scenario,Project Vega,cpu,12,2.08,cores,17.36
2025-02-21 08:00:00,mac-waste-scenario,Project Vega,cpu,12,2.09,cores,17.42
2025-02-21 09:00:00,mac-waste-scenario,Project Vega,cpu,12,2.08,cores,17.37
2025-02-21 10:00:00,mac-waste-scenario,Project Vega,cpu,12,2.13,cores,17.72
2025-02-21 11:00:00,mac-waste-scenario,Project Vega,cpu,12,1.96,cores,16.32
2025-02-21 12:00:00,mac-waste-scenario,Project Vega,cpu,12,1.43,cores,11.94
2025-02-21 13:00:00,mac-waste-scenario,Project Vega,cpu,12,1.77,cores,14.74
2025-02-21 14:00:00,mac-waste-scenario,Project Vega,cpu,12,1.88,cores,15.63
2025-02-21 15:00:00,mac-waste-scenario,Project Vega,cpu,12,1.71,cores,14.23
2025-02-21 16:00:00,mac-waste-scenario,Project Vega,cpu,12,2.02,cores,16.82
2025-02-21 17:00:00,mac-waste-scenario,Project Vega,cpu,12,1.71,cores,14.28
2025-02-21 18:00:00,mac-waste-scenario,Project Vega,cpu,12,1.58,cores,13.15
2025-02-21 19:00:00,mac-waste-scenario,Project Vega,cpu,12,2.15,cores,17.89
2025-02-21 20:00:00,mac-waste-scenario,Project Vega,cpu,12,1.96,cores,16.33
2025-02-21 21:00:00,mac-waste-scenario,Project Vega,cpu,12,1.85,cores,15.44
2025-02-21 22:00:00,mac-waste-scenario,Project Vega,cpu,12,2.02,cores,16.85
2025-02-21 23:00:00,mac-waste-scenario,Project Vega,cpu,12,2.06,cores,17.13
2025-02-22 00:00:00,mac-waste-scenario,Project Vega,cpu,12,1.88,cores,15.68
2025-02-22 01:00:00,mac-waste-scenario,Project Vega,cpu,12,1.21,cores,10.08
2025-02-22 02:00:00,mac-waste-scenario,Project Vega,cpu,12,1.64,cores,13.65
2025-02-22 03:00:00,mac-waste-scenario,Project Vega,cpu,12,1.69,cores,14.09
2025-02-22 04:00:00,mac-waste-scenario,Project Vega,cpu,12,1.56,cores,13.03
2025-02-22 05:00:00,mac-waste-scenario,Project Vega,cpu,12,1.85,cores,15.4
2025-02-22 06:00:00,mac-waste-scenario,Project Vega,cpu,12,2.09,cores,17.38
2025-02-22 07:00:00,mac-waste-scenario,Project Vega,cpu,12,1.68,cores,14.03
2025-02-22 08:00:00,mac-waste-scenario,Project Vega,cpu,12,1.53,cores,12.73
2025-02-22 09:00:00,mac-waste-scenario,Project Vega,cpu,12,2.29,cores,19.06
2025-02-22 10:00:00,mac-waste-scenario,Project Vega,cpu,12,1.69,cores,14.1
2025-02-22 11:00:00,mac-waste-scenario,Project Vega,cpu,12,1.5,cores,12.53
2025-02-22 12:00:00,mac-waste-scenario,Project Vega,cpu,12,1.86,cores,15.48
2025-02-22 13:00:00,mac-waste-scenario,Project Vega,cpu,12,1.9,cores,15.85
2025-02-22 14:00:00,mac-waste-scenario,Project Vega,cpu,12,1.63,cores,13.59
2025-02-22 15:00:00,mac-waste-scenario,Project Vega,cpu,12,1.99,cores,16.58
2025-02-22 16:00:00,mac-waste-scenario,Project Vega,cpu,12,1.68,cores,14.03
2025-02-22 17:00:00,mac-waste-scenario,Project Vega,cpu,12,1.58,cores,13.15
2025-02-22 18:00:00,mac-waste-scenario,Project Vega,cpu,12,1.84,cores,15.36
2025-02-22 19:00:00,mac-waste-scenario,Project Vega,cpu,12,1.98,cores,16.54
2025-02-22 20:00:00,mac-waste-scenario,Project Vega,cpu,12,1.65,cores,13.73
2025-02-22 21:00:00,mac-waste-scenario,Project Vega,cpu,12,1.88,cores,15.66
2025-02-22 22:00:00,mac-waste-scenario,Project Vega,cpu,12,1.78,cores,14.81
2025-02-22 23:00:00,mac-waste-scenario,Project Vega,cpu,12,2.48,cores,20.65
2025-02-23 00:00:00,mac-waste-scenario,Project Vega,cpu,12,1.63,cores,13.58
2025-02-23 01:00:00,mac-waste-scenario,Project Vega,cpu,12,2.13,cores,17.77
2025-02-23 02:00:00,mac-waste-scenario,Project Vega,cpu,12,1.79,cores,14.9
2025-02-23 03:00:00,mac-waste-scenario,Project Vega,cpu,12,1.77,cores,14.75
2025-02-23 04:00:00,mac-waste-scenario,Project Vega,cpu,12,1.97,cores,16.44
2025-02-23 05:00:00,mac-waste-scenario,Project Vega,cpu,12,2.01,cores,16.79
2025-02-23 06:00:00,mac-waste-scenario,Project Vega,cpu,12,2.1,cores,17.53
2025-02-23 07:00:00,mac-waste-scenario,Project Vega,cpu,12,1.88,cores,15.66
2025-02-23 08:00:00,mac-waste-scenario,Project Vega,cpu,12,1.66,cores,13.8
2025-02-23 09:00:00,mac-waste-scenario,Project Vega,cpu,12,1.67,cores,13.92
2025-02-23 10:00:00,mac-waste-scenario,Project Vega,cpu,12,1.92,cores,16.02
2025-02-23 11:00:00,mac-waste-scenario,Project Vega,cpu,12,1.94,cores,16.16
2025-02-23 12:00:00,mac-waste-scenario,Project Vega,cpu,12,2.14,cores,17.8
2025-02-23 13:00:00,mac-waste-scenario,Project Vega,cpu,12,1.9,cores,15.84
2025-02-23 14:00:00,mac-waste-scenario,Project Vega,cpu,12,2.05,cores,17.12
2025-02-23 15:00:00,mac-waste-scenario,Project Vega,cpu,12,2.16,cores,18.03
2025-02-23 16:00:00,mac-waste-scenario,Project Vega,cpu,12,1.84,cores,15.33
2025-02-23 17:00:00,mac-waste-scenario,Project Vega,cpu,12,1.44,cores,12.03
2025-02-23 18:00:00,mac-waste-scenario,Project Vega,cpu,12,1.52,cores,12.64
2025-02-23 19:00:00,mac-waste-scenario,Project Vega,cpu,12,1.45,cores,12.12
2025-02-23 20:00:00,mac-waste-scenario,Project Vega,cpu,12,2.18,cores,18.18
2025-02-23 21:00:00,mac-waste-scenario,Project Vega,cpu,12,1.6,cores,13.31
2025-02-23 22:00:00,mac-waste-scenario,Project Vega,cpu,12,2.1,cores,17.46
2025-02-23 23:00:00,mac-waste-scenario,Project Vega,cpu,12,1.94,cores,16.17
2025-02-24 00:00:00,mac-waste-scenario,Project Vega,cpu,12,2.21,cores,18.43
2025-02-24 01:00:00,mac-waste-scenario,Project Vega,cpu,12,2.04,cores,17.01
2025-02-24 02:00:00,mac-waste-scenario,Project Vega,cpu,12,1.78,cores,14.8
2025-02-24 03:00:00,mac-waste-scenario,Project Vega,cpu,12,1.75,cores,14.6
2025-02-24 04:00:00,mac-waste-scenario,Project Vega,cpu,12,1.82,cores,15.17
2025-02-24 05:00:00,mac-waste-scenario,Project Vega,cpu,12,1.84,cores,15.35
2025-02-24 06:00:00,mac-waste-scenario,Project Vega,cpu,12,1.67,cores,13.94
2025-02-24 07:00:00,mac-waste-scenario,Project Vega,cpu,12,1.79,cores,14.93
2025-02-24 08:00:00,mac-waste-scenario,Project Vega,cpu,12,2.19,cores,18.22
2025-02-24 09:00:00,mac-waste-scenario,Project Vega,cpu,12,1.39,cores,11.6
2025-02-24 10:00:00,mac-waste-scenario,Project Vega,cpu,12,1.86,cores,15.52
2025-02-24 11:00:00,mac-waste-scenario,Project Vega,cpu,12,1.58,cores,13.19
2025-02-24 12:00:00,mac-waste-scenario,Project Vega,cpu,12,1.84,cores,15.37
2025-02-24 13:00:00,mac-waste-scenario,Project Vega,cpu,12,2.0,cores,16.68
2025-02-24 14:00:00,mac-waste-scenario,Project Vega,cpu,12,1.79,cores,14.88
2025-02-24 15:00:00,mac-waste-scenario,Project Vega,cpu,12,1.99,cores,16.55
2025-02-24 16:00:00,mac-waste-scenario,Project Vega,cpu,12,1.42,cores,11.82
2025-02-24 17:00:00,mac-waste-scenario,Project Vega,cpu,12,2.07,cores,17.21
2025-02-24 18:00:00,mac-waste-scenario,Project Vega,cpu,12,1.66,cores,13.79
2025-02-24 19:00:00,mac-waste-scenario,Project Vega,cpu,12,1.95,cores,16.24
2025-02-24 20:00:00,mac-waste-scenario,Project Vega,cpu,12,1.84,cores,15.36
2025-02-24 21:00:00,mac-waste-scenario,Project Vega,cpu,12,1.18,cores,9.83
2025-02-24 22:00:00,mac-waste-scenario,Project Vega,cpu,12,1.62,cores,13.49
2025-02-24 23:00:00,mac-waste-scenario,Project Vega,cpu,12,1.85,cores,15.44
2025-02-25 00:00:00,mac-waste-scenario,Project Vega,cpu,12,2.17,cores,18.11
2025-02-25 01:00:00,mac-waste-scenario,Project Vega,cpu,12,1.87,cores,15.57
2025-02-25 02:00:00,mac-waste-scenario,Project Vega,cpu,12,1.86,cores,15.52
2025-02-25 03:00:00,mac-waste-scenario,Project Vega,cpu,12,1.46,cores,12.17
2025-02-25 04:00:00,mac-waste-scenario,Project Vega,cpu,12,2.14,cores,17.86
2025-02-25 05:00:00,mac-waste-scenario,Project Vega,cpu,12,2.23,cores,18.61
2025-02-25 06:00:00,mac-waste-scenario,Project Vega,cpu,12,1.81,cores,15.06
2025-02-25 07:00:00,mac-waste-scenario,Project Vega,cpu,12,1.75,cores,14.56
2025-02-25 08:00:00,mac-waste-scenario,Project Vega,cpu,12,1.41,cores,11.76
2025-02-25 09:00:00,mac-waste-scenario,Project Vega,cpu,12,2.01,cores,16.77
2025-02-25 10:00:00,mac-waste-scenario,Project Vega,cpu,12,2.45,cores,20.4
2025-02-25 11:00:00,mac-waste-scenario,Project Vega,cpu,12,1.97,cores,16.43
2025-02-25 12:00:00,mac-waste-scenario,Project Vega,cpu,12,2.1,cores,17.53
2025-02-25 13:00:00,mac-waste-scenario,Project Vega,cpu,12,1.93,cores,16.08
2025-02-25 14:00:00,mac-waste-scenario,Project Vega,cpu,12,1.56,cores,13.03
2025-02-25 15:00:00,mac-waste-scenario,Project Vega,cpu,12,2.12,cores,17.67
2025-02-25 16:00:00,mac-waste-scenario,Project Vega,cpu,12,1.5,cores,12.53
2025-02-25 17:00:00,mac-waste-scenario,Project Vega,cpu,12,1.75,cores,14.58
2025-02-25 18:00:00,mac-waste-scenario,Project Vega,cpu,12,1.87,cores,15.56
2025-02-25 19:00:00,mac-waste-scenario,Project Vega,cpu,12,2.01,cores,16.77
2025-02-25 20:00:00,mac-waste-scenario,Project Vega,cpu,12,1.9,cores,15.83
2025-02-25 21:00:00,mac-waste-scenario,Project Vega,cpu,12,1.89,cores,15.77
2025-02-25 22:00:00,mac-waste-scenario,Project Vega,cpu,12,1.62,cores,13.48
2025-02-25 23:00:00,mac-waste-scenario,Project Vega,cpu,12,1.49,cores,12.42
2025-02-26 00:00:00,mac-waste-scenario,Project Vega,cpu,12,1.81,cores,15.12
2025-02-26 01:00:00,mac-waste-scenario,Project Vega,cpu,12,1.63,cores,13.58
2025-02-26 02:00:00,mac-waste-scenario,Project Vega,cpu,12,1.49,cores,12.38
2025-02-26 03:00:00,mac-waste-scenario,Project Vega,cpu,12,1.5,cores,12.47
2025-02-26 04:00:00,mac-waste-scenario,Project Vega,cpu,12,1.68,cores,14.02
2025-02-26 05:00:00,mac-waste-scenario,Project Vega,cpu,12,1.36,cores,11.29
2025-02-26 06:00:00,mac-waste-scenario,Project Vega,cpu,12,1.48,cores,12.31
2025-02-26 07:00:00,mac-waste-scenario,Project Vega,cpu,12,1.41,cores,11.73
2025-02-26 08:00:00,mac-waste-scenario,Project Vega,cpu,12,1.84,cores,15.36
2025-02-26 09:00:00,mac-waste-scenario,Project Vega,cpu,12,1.9,cores,15.82
2025-02-26 10:00:00,mac-waste-scenario,Project Vega,cpu,12,2.28,cores,19.01
2025-02-26 11:00:00,mac-waste-scenario,Project Vega,cpu,12,1.44,cores,12.0
2025-02-26 12:00:00,mac-waste-scenario,Project Vega,cpu,12,1.64,cores,13.64
2025-02-26 13:00:00,mac-waste-scenario,Project Vega,cpu,12,2.02,cores,16.83
2025-02-26 14:00:00,mac-waste-scenario,Project Vega,cpu,12,1.75,cores,14.57
2025-02-26 15:00:00,mac-waste-scenario,Project Vega,cpu,12,1.72,cores,14.35
2025-02-26 16:00:00,mac-waste-scenario,Project Vega,cpu,12,2.21,cores,18.42
2025-02-26 17:00:00,mac-waste-scenario,Project Vega,cpu,12,1.72,cores,14.32
2025-02-26 18:00:00,mac-waste-scenario,Project Vega,cpu,12,1.52,cores,12.69
2025-02-26 19:00:00,mac-waste-scenario,Project Vega,cpu,12,1.48,cores,12.37
2025-02-26 20:00:00,mac-waste-scenario,Project Vega,cpu,12,1.88,cores,15.67
2025-02-26 21:00:00,mac-waste-scenario,Project Vega,cpu,12,1.87,cores,15.61
2025-02-26 22:00:00,mac-waste-scenario,Project Vega,cpu,12,1.47,cores,12.26
2025-02-26 23:00:00,mac-waste-scenario,Project Vega,cpu,12,1.56,cores,13.03
2025-02-27 00:00:00,mac-waste-scenario,Project Vega,cpu,12,1.93,cores,16.07
2025-02-27 01:00:00,mac-waste-scenario,Project Vega,cpu,12,1.94,cores,16.15
2025-02-27 02:00:00,mac-waste-scenario,Project Vega,cpu,12,1.65,cores,13.71
2025-02-27 03:00:00,mac-waste-scenario,Project Vega,cpu,12,1.95,cores,16.24
2025-02-27 04:00:00,mac-waste-scenario,Project Vega,cpu,12,1.94,cores,16.14
2025-02-27 05:00:00,mac-waste-scenario,Project Vega,cpu,12,1.37,cores,11.43
2025-02-27 06:00:00,mac-waste-scenario,Project Vega,cpu,12,1.73,cores,14.38
2025-02-27 07:00:00,mac-waste-scenario,Project Vega,cpu,12,1.9,cores,15.83
2025-02-27 08:00:00,mac-waste-scenario,Project Vega,cpu,12,1.66,cores,13.85
2025-02-27 09:00:00,mac-waste-scenario,Project Vega,cpu,12,1.29,cores,10.72
2025-02-27 10:00:00,mac-waste-scenario,Project Vega,cpu,12,1.73,cores,14.43
2025-02-27 11:00:00,mac-waste-scenario,Project Vega,cpu,12,1.98,cores,16.5
2025-02-27 12:00:00,mac-waste-scenario,Project Vega,cpu,12,2.18,cores,18.16
2025-02-27 13:00:00,mac-waste-scenario,Project Vega,cpu,12,1.27,cores,10.62
2025-02-27 14:00:00,mac-waste-scenario,Project Vega,cpu,12,2.43,cores,20.23
2025-02-27 15:00:00,mac-waste-scenario,Project Vega,cpu,12,1.53,cores,12.75
2025-02-27 16:00:00,mac-waste-scenario,Project Vega,cpu,12,2.03,cores,16.91
2025-02-27 17:00:00,mac-waste-scenario,Project Vega,cpu,12,2.1,cores,17.47
2025-02-27 18:00:00,mac-waste-scenario,Project Vega,cpu,12,2.04,cores,16.97
2025-02-27 19:00:00,mac-waste-scenario,Project Vega,cpu,12,1.84,cores,15.3
2025-02-27 20:00:00,mac-waste-scenario,Project Vega,cpu,12,1.52,cores,12.68
2025-02-27 21:00:00,mac-waste-scenario,Project Vega,cpu,12,1.95,cores,16.25
2025-02-27 22:00:00,mac-waste-scenario,Project Vega,cpu,12,1.63,cores,13.57
2025-02-27 23:00:00,mac-waste-scenario,Project Vega,cpu,12,1.19,cores,9.95
2025-02-28 00:00:00,mac-waste-scenario,Project Vega,cpu,12,2.48,cores,20.66
2025-02-28 01:00:00,mac-waste-scenario,Project Vega,cpu,12,1.97,cores,16.42
2025-02-28 02:00:00,mac-waste-scenario,Project Vega,cpu,12,2.24,cores,18.64
2025-02-28 03:00:00,mac-waste-scenario,Project Vega,cpu,12,1.58,cores,13.18
2025-02-28 04:00:00,mac-waste-scenario,Project Vega,cpu,12,2.15,cores,17.94
2025-02-28 05:00:00,mac-waste-scenario,Project Vega,cpu,12,2.18,cores,18.18
2025-02-28 06:00:00,mac-waste-scenario,Project Vega,cpu,12,2.17,cores,18.11
2025-02-28 07:00:00,mac-waste-scenario,Project Vega,cpu,12,1.79,cores,14.96
2025-02-28 08:00:00,mac-waste-scenario,Project Vega,cpu,12,1.51,cores,12.6
2025-02-28 09:00:00,mac-waste-scenario,Project Vega,cpu,12,1.76,cores,14.65
2025-02-28 10:00:00,mac-waste-scenario,Project Vega,cpu,12,1.27,cores,10.59
2025-02-28 11:00:00,mac-waste-scenario,Project Vega,cpu,12,1.39,cores,11.6
2025-02-28 12:00:00,mac-waste-scenario,Project Vega,cpu,12,1.82,cores,15.18
2025-02-28 13:00:00,mac-waste-scenario,Project Vega,cpu,12,1.56,cores,13.02
2025-02-28 14:00:00,mac-waste-scenario,Project Vega,cpu,12,1.76,cores,14.67
2025-02-28 15:00:00,mac-waste-scenario,Project Vega,cpu,12,1.77,cores,14.78
2025-02-28 16:00:00,mac-waste-scenario,Project Vega,cpu,12,2.26,cores,18.86
2025-02-28 17:00:00,mac-waste-scenario,Project Vega,cpu,12,2.11,cores,17.6
2025-02-28 18:00:00,mac-waste-scenario,Project Vega,cpu,12,1.79,cores,14.91
2025-02-28 19:00:00,mac-waste-scenario,Project Vega,cpu,12,2.09,cores,17.42
2025-02-28 20:00:00,mac-waste-scenario,Project Vega,cpu,12,1.61,cores,13.44
2025-02-28 21:00:00,mac-waste-scenario,Project Vega,cpu,12,1.72,cores,14.33
2025-02-28 22:00:00,mac-waste-scenario,Project Vega,cpu,12,2.02,cores,16.82
2025-02-28 23:00:00,mac-waste-scenario,Project Vega,cpu,12,1.5,cores,12.52
2025-03-01 00:00:00,mac-waste-scenario,Project Vega,cpu,12,1.73,cores,14.44
2025-03-01 01:00:00,mac-waste-scenario,Project Vega,cpu,12,1.48,cores,12.36
2025-03-01 02:00:00,mac-waste-scenario,Project Vega,cpu,12,1.83,cores,15.23
2025-03-01 03:00:00,mac-waste-scenario,Project Vega,cpu,12,2.19,cores,18.27
2025-03-01 04:00:00,mac-waste-scenario,Project Vega,cpu,12,1.62,cores,13.5
2025-03-01 05:00:00,mac-waste-scenario,Project Vega,cpu,12,1.85,cores,15.45
2025-03-01 06:00:00,mac-waste-scenario,Project Vega,cpu,12,1.58,cores,13.21
2025-03-01 07:00:00,mac-waste-scenario,Project Vega,cpu,12,1.52,cores,12.7
2025-03-01 08:00:00,mac-waste-scenario,Project Vega,cpu,12,1.5,cores,12.53
2025-03-01 09:00:00,mac-waste-scenario,Project Vega,cpu,12,2.15,cores,17.91
2025-03-01 10:00:00,mac-waste-scenario,Project Vega,cpu,12,2.37,cores,19.72
2025-03-01 11:00:00,mac-waste-scenario,Project Vega,cpu,12,1.92,cores,15.97
2025-03-01 12:00:00,mac-waste-scenario,Project Vega,cpu,12,1.63,cores,13.57
2025-03-01 13:00:00,mac-waste-scenario,Project Vega,cpu,12,1.97,cores,16.41
2025-03-01 14:00:00,mac-waste-scenario,Project Vega,cpu,12,1.72,cores,14.33
2025-03-01 15:00:00,mac-waste-scenario,Project Vega,cpu,12,1.99,cores,16.6
2025-03-01 16:00:00,mac-waste-scenario,Project Vega,cpu,12,1.87,cores,15.58
2025-03-01 17:00:00,mac-waste-scenario,Project Vega,cpu,12,1.87,cores,15.56
2025-03-01 18:00:00,mac-waste-scenario,Project Vega,cpu,12,1.95,cores,16.21
2025-03-01 19:00:00,mac-waste-scenario,Project Vega,cpu,12,1.66,cores,13.84
2025-03-01 20:00:00,mac-waste-scenario,Project Vega,cpu,12,1.7,cores,14.19
2025-03-01 21:00:00,mac-waste-scenario,Project Vega,cpu,12,1.39,cores,11.56
2025-03-01 22:00:00,mac-waste-scenario,Project Vega,cpu,12,1.69,cores,14.12
2025-03-01 23:00:00,mac-waste-scenario,Project Vega,cpu,12,1.46,cores,12.16
2025-03-02 00:00:00,mac-waste-scenario,Project Vega,cpu,12,1.77,cores,14.71
2025-03-02 01:00:00,mac-waste-scenario,Project Vega,cpu,12,1.57,cores,13.08
2025-03-02 02:00:00,mac-waste-scenario,Project Vega,cpu,12,1.82,cores,15.2
2025-03-02 03:00:00,mac-waste-scenario,Project Vega,cpu,12,1.91,cores,15.91
2025-03-02 04:00:00,mac-waste-scenario,Project Vega,cpu,12,1.46,cores,12.16
2025-03-02 05:00:00,mac-waste-scenario,Project Vega,cpu,12,1.6,cores,13.37
2025-03-02 06:00:00,mac-waste-scenario,Project Vega,cpu,12,1.57,cores,13.11
2025-03-02 07:00:00,mac-waste-scenario,Project Vega,cpu,12,1.98,cores,16.49
2025-03-02 08:00:00,mac-waste-scenario,Project Vega,cpu,12,2.21,cores,18.41
2025-03-02 09:00:00,mac-waste-scenario,Project Vega,cpu,12,2.0,cores,16.7
2025-03-02 10:00:00,mac-waste-scenario,Project Vega,cpu,12,1.72,cores,14.3
2025-03-02 11:00:00,mac-waste-scenario,Project Vega,cpu,12,2.15,cores,17.93
2025-03-02 12:00:00,mac-waste-scenario,Project Vega,cpu,12,1.44,cores,11.97
2025-03-02 13:00:00,mac-waste-scenario,Project Vega,cpu,12,2.16,cores,18.0
2025-03-02 14:00:00,mac-waste-scenario,Project Vega,cpu,12,1.64,cores,13.69
2025-03-02 15:00:00,mac-waste-scenario,Project Vega,cpu,12,1.13,cores,9.44
2025-03-02 16:00:00,mac-waste-scenario,Project Vega,cpu,12,2.44,cores,20.3
2025-03-02 17:00:00,mac-waste-scenario,Project Vega,cpu,12,2.18,cores,18.16
2025-03-02 18:00:00,mac-waste-scenario,Project Vega,cpu,12,1.55,cores,12.94
2025-03-02 19:00:00,mac-waste-scenario,Project Vega,cpu,12,1.84,cores,15.34
2025-03-02 20:00:00,mac-waste-scenario,Project Vega,cpu,12,1.75,cores,14.57
2025-03-02 21:00:00,mac-waste-scenario,Project Vega,cpu,12,1.82,cores,15.2
2025-03-02 22:00:00,mac-waste-scenario,Project Vega,cpu,12,1.44,cores,12.03
2025-03-02 23:00:00,mac-waste-scenario,Project Vega,cpu,12,1.64,cores,13.64
2025-03-03 00:00:00,mac-waste-scenario,Project Vega,cpu,12,1.91,cores,15.94
2025-03-03 01:00:00,mac-waste-scenario,Project Vega,cpu,12,1.85,cores,15.45
2025-03-03 02:00:00,mac-waste-scenario,Project Vega,cpu,12,2.09,cores,17.4
2025-03-03 03:00:00,mac-waste-scenario,Project Vega,cpu,12,1.82,cores,15.16
2025-03-03 04:00:00,mac-waste-scenario,Project Vega,cpu,12,2.36,cores,19.7
2025-03-03 05:00:00,mac-waste-scenario,Project Vega,cpu,12,1.63,cores,13.57
2025-03-03 06:00:00,mac-waste-scenario,Project Vega,cpu,12,1.86,cores,15.52
2025-03-03 07:00:00,mac-waste-scenario,Project Vega,cpu,12,1.34,cores,11.17
2025-03-03 08:00:00,mac-waste-scenario,Project Vega,cpu,12,1.5,cores,12.49
2025-03-03 09:00:00,mac-waste-scenario,Project Vega,cpu,12,2.12,cores,17.66
2025-03-03 10:00:00,mac-waste-scenario,Project Vega,cpu,12,1.57,cores,13.11
2025-03-03 11:00:00,mac-waste-scenario,Project Vega,cpu,12,1.93,cores,16.06
2025-03-03 12:00:00,mac-waste-scenario,Project Vega,cpu,12,1.79,cores,14.88
2025-03-03 13:00:00,mac-waste-scenario,Project Vega,cpu,12,1.55,cores,12.91
2025-03-03 14:00:00,mac-waste-scenario,Project Vega,cpu,12,1.72,cores,14.3
2025-03-03 15:00:00,mac-waste-scenario,Project Vega,cpu,12,1.68,cores,13.97
2025-03-03 16:00:00,mac-waste-scenario,Project Vega,cpu,12,1.68,cores,14.03
2025-03-03 17:00:00,mac-waste-scenario,Project Vega,cpu,12,1.98,cores,16.51
2025-03-03 18:00:00,mac-waste-scenario,Project Vega,cpu,12,1.96,cores,16.3
2025-03-03 19:00:00,mac-waste-scenario,Project Vega,cpu,12,1.66,cores,13.85
2025-03-03 20:00:00,mac-waste-scenario,Project Vega,cpu,12,1.58,cores,13.19
2025-03-03 21:00:00,mac-waste-scenario,Project Vega,cpu,12,1.87,cores,15.56
2025-03-03 22:00:00,mac-waste-scenario,Project Vega,cpu,12,1.78,cores,14.8
2025-03-03 23:00:00,mac-waste-scenario,Project Vega,cpu,12,2.05,cores,17.06
2025-03-04 00:00:00,mac-waste-scenario,Project Vega,cpu,12,2.44,cores,20.31
2025-03-04 01:00:00,mac-waste-scenario,Project Vega,cpu,12,2.0,cores,16.69
2025-03-04 02:00:00,mac-waste-scenario,Project Vega,cpu,12,1.79,cores,14.93
2025-03-04 03:00:00,mac-waste-scenario,Project Vega,cpu,12,1.76,cores,14.66
2025-03-04 04:00:00,mac-waste-scenario,Project Vega,cpu,12,1.59,cores,13.29
2025-03-04 05:00:00,mac-waste-scenario,Project Vega,cpu,12,1.58,cores,13.19
2025-03-04 06:00:00,mac-waste-scenario,Project Vega,cpu,12,1.56,cores,12.99
2025-03-04 07:00:00,mac-waste-scenario,Project Vega,cpu,12,1.71,cores,14.21
2025-03-04 08:00:00,mac-waste-scenario,Project Vega,cpu,12,1.7,cores,14.15
2025-03-04 09:00:00,mac-waste-scenario,Project Vega,cpu,12,1.98,cores,16.49
2025-03-04 10:00:00,mac-waste-scenario,Project Vega,cpu,12,1.7,cores,14.2
2025-03-04 11:00:00,mac-waste-scenario,Project Vega,cpu,12,1.75,cores,14.61
2025-03-04 12:00:00,mac-waste-scenario,Project Vega,cpu,12,1.51,cores,12.56
2025-03-04 13:00:00,mac-waste-scenario,Project Vega,cpu,12,2.19,cores,18.29
2025-03-04 14:00:00,mac-waste-scenario,Project Vega,cpu,12,1.92,cores,16.01
2025-03-04 15:00:00,mac-waste-scenario,Project Vega,cpu,12,2.23,cores,18.58
2025-03-04 16:00:00,mac-waste-scenario,Project Vega,cpu,12,1.99,cores,16.59
2025-03-04 17:00:00,mac-waste-scenario,Project Vega,cpu,12,2.16,cores,17.98
2025-03-04 18:00:00,mac-waste-scenario,Project Vega,cpu,12,1.74,cores,14.5
2025-03-04 19:00:00,mac-waste-scenario,Project Vega,cpu,12,1.97,cores,16.43
2025-03-04 20:00:00,mac-waste-scenario,Project Vega,cpu,12,2.45,cores,20.41
2025-03-04 21:00:00,mac-waste-scenario,Project Vega,cpu,12,1.51,cores,12.55
2025-03-04 22:00:00,mac-waste-scenario,Project Vega,cpu,12,2.08,cores,17.35
2025-03-04 23:00:00,mac-waste-scenario,Project Vega,cpu,12,2.21,cores,18.4
2025-03-05 00:00:00,mac-waste-scenario,Project Vega,cpu,12,1.9,cores,15.84
2025-03-05 01:00:00,mac-waste-scenario,Project Vega,cpu,12,1.98,cores,16.53
2025-03-05 02:00:00,mac-waste-scenario,Project Vega,cpu,12,2.11,cores,17.56
2025-03-05 03:00:00,mac-waste-scenario,Project Vega,cpu,12,1.64,cores,13.66
2025-03-05 04:00:00,mac-waste-scenario,Project Vega,cpu,12,1.9,cores,15.83
2025-03-05 05:00:00,mac-waste-scenario,Project Vega,cpu,12,1.59,cores,13.22
2025-03-05 06:00:00,mac-waste-scenario,Project Vega,cpu,12,1.63,cores,13.62
2025-03-05 07:00:00,mac-waste-scenario,Project Vega,cpu,12,1.65,cores,13.74
2025-03-05 08:00:00,mac-waste-scenario,Project Vega,cpu,12,1.76,cores,14.71
2025-03-05 09:00:00,mac-waste-scenario,Project Vega,cpu,12,1.84,cores,15.3
2025-03-05 10:00:00,mac-waste-scenario,Project Vega,cpu,12,1.91,cores,15.93
2025-03-05 11:00:00,mac-waste-scenario,Project Vega,cpu,12,1.45,cores,12.1
2025-03-05 12:00:00,mac-waste-scenario,Project Vega,cpu,12,2.29,cores,19.05
2025-03-05 13:00:00,mac-waste-scenario,Project Vega,cpu,12,2.08,cores,17.37
2025-03-05 14:00:00,mac-waste-scenario,Project Vega,cpu,12,1.98,cores,16.49
2025-03-05 15:00:00,mac-waste-scenario,Project Vega,cpu,12,1.71,cores,14.27
2025-03-05 16:00:00,mac-waste-scenario,Project Vega,cpu,12,1.78,cores,14.82
2025-03-05 17:00:00,mac-waste-scenario,Project Vega,cpu,12,1.93,cores,16.12
2025-03-05 18:00:00,mac-waste-scenario,Project Vega,cpu,12,1.9,cores,15.84
2025-03-05 19:00:00,mac-waste-scenario,Project Vega,cpu,12,1.39,cores,11.56
2025-03-05 20:00:00,mac-waste-scenario,Project Vega,cpu,12,1.98,cores,16.52
2025-03-05 21:00:00,mac-waste-scenario,Project Vega,cpu,12,2.52,cores,20.98
2025-03-05 22:00:00,mac-waste-scenario,Project Vega,cpu,12,1.35,cores,11.21
2025-03-05 23:00:00,mac-waste-scenario,Project Vega,cpu,12,2.04,cores,17.04
2025-03-06 00:00:00,mac-waste-scenario,Project Vega,cpu,12,1.89,cores,15.76
2025-03-06 01:00:00,mac-waste-scenario,Project Vega,cpu,12,1.77,cores,14.77
2025-03-06 02:00:00,mac-waste-scenario,Project Vega,cpu,12,2.14,cores,17.81
2025-03-06 03:00:00,mac-waste-scenario,Project Vega,cpu,12,1.51,cores,12.57
2025-03-06 04:00:00,mac-waste-scenario,Project Vega,cpu,12,1.84,cores,15.33
2025-03-06 05:00:00,mac-waste-scenario,Project Vega,cpu,12,2.16,cores,18.0
2025-03-06 06:00:00,mac-waste-scenario,Project Vega,cpu,12,1.75,cores,14.6
2025-03-06 07:00:00,mac-waste-scenario,Project Vega,cpu,12,1.7,cores,14.14
2025-03-06 08:00:00,mac-waste-scenario,Project Vega,cpu,12,1.83,cores,15.24
2025-03-06 09:00:00,mac-waste-scenario,Project Vega,cpu,12,1.69,cores,14.09
2025-03-06 10:00:00,mac-waste-scenario,Project Vega,cpu,12,2.18,cores,18.18
2025-03-06 11:00:00,mac-waste-scenario,Project Vega,cpu,12,1.58,cores,13.14
2025-03-06 12:00:00,mac-waste-scenario,Project Vega,cpu,12,2.02,cores,16.79
2025-03-06 13:00:00,mac-waste-scenario,Project Vega,cpu,12,1.49,cores,12.43
2025-03-06 14:00:00,mac-waste-scenario,Project Vega,cpu,12,1.97,cores,16.38
2025-03-06 15:00:00,mac-waste-scenario,Project Vega,cpu,12,1.77,cores,14.78
2025-03-06 16:00:00,mac-waste-scenario,Project Vega,cpu,12,1.16,cores,9.69
2025-03-06 17:00:00,mac-waste-scenario,Project Vega,cpu,12,1.8,cores,14.99
2025-03-06 18:00:00,mac-waste-scenario,Project Vega,cpu,12,1.54,cores,12.81
2025-03-06 19:00:00,mac-waste-scenario,Project Vega,cpu,12,1.69,cores,14.09
2025-03-06 20:00:00,mac-waste-scenario,Project Vega,cpu,12,2.18,cores,18.16
2025-03-06 21:00:00,mac-waste-scenario,Project Vega,cpu,12,1.52,cores,12.7
2025-03-06 22:00:00,mac-waste-scenario,Project Vega,cpu,12,1.54,cores,12.82
2025-03-06 23:00:00,mac-waste-scenario,Project Vega,cpu,12,2.16,cores,17.96
2025-03-07 00:00:00,mac-waste-scenario,Project Vega,cpu,12,1.83,cores,15.24
2025-03-07 01:00:00,mac-waste-scenario,Project Vega,cpu,12,2.18,cores,18.17
2025-03-07 02:00:00,mac-waste-scenario,Project Vega,cpu,12,1.88,cores,15.67
2025-03-07 03:00:00,mac-waste-scenario,Project Vega,cpu,12,1.58,cores,13.19
2025-03-07 04:00:00,mac-waste-scenario,Project Vega,cpu,12,1.78,cores,14.86
2025-03-07 05:00:00,mac-waste-scenario,Project Vega,cpu,12,2.1,cores,17.53
2025-03-07 06:00:00,mac-waste-scenario,Project Vega,cpu,12,2.03,cores,16.94
2025-03-07 07:00:00,mac-waste-scenario,Project Vega,cpu,12,1.8,cores,15.0
2025-03-07 08:00:00,mac-waste-scenario,Project Vega,cpu,12,1.81,cores,15.1
2025-03-07 09:00:00,mac-waste-scenario,Project Vega,cpu,12,1.77,cores,14.77
2025-03-07 10:00:00,mac-waste-scenario,Project Vega,cpu,12,1.66,cores,13.81
2025-03-07 11:00:00,mac-waste-scenario,Project Vega,cpu,12,2.28,cores,18.97
2025-03-07 12:00:00,mac-waste-scenario,Project Vega,cpu,12,1.8,cores,15.01
2025-03-07 13:00:00,mac-waste-scenario,Project Vega,cpu,12,1.52,cores,12.67
2025-03-07 14:00:00,mac-waste-scenario,Project Vega,cpu,12,1.68,cores,14.02
2025-03-07 15:00:00,mac-waste-scenario,Project Vega,cpu,12,1.98,cores,16.49
2025-03-07 16:00:00,mac-waste-scenario,Project Vega,cpu,12,1.96,cores,16.32
2025-03-07 17:00:00,mac-waste-scenario,Project Vega,cpu,12,1.77,cores,14.72
2025-03-07 18:00:00,mac-waste-scenario,Project Vega,cpu,12,1.64,cores,13.63
2025-03-07 19:00:00,mac-waste-scenario,Project Vega,cpu,12,1.81,cores,15.05
2025-03-07 20:00:00,mac-waste-scenario,Project Vega,cpu,12,1.39,cores,11.56
2025-03-07 21:00:00,mac-waste-scenario,Project Vega,cpu,12,1.48,cores,12.32
2025-03-07 22:00:00,mac-waste-scenario,Project Vega,cpu,12,2.0,cores,16.64
2025-03-07 23:00:00,mac-waste-scenario,Project Vega,cpu,12,1.68,cores,14.01
2025-03-08 00:00:00,mac-waste-scenario,Project Vega,cpu,12,1.89,cores,15.77
2025-03-08 01:00:00,mac-waste-scenario,Project Vega,cpu,12,2.1,cores,17.51
2025-03-08 02:00:00,mac-waste-scenario,Project Vega,cpu,12,1.96,cores,16.34
2025-03-08 03:00:00,mac-waste-scenario,Project Vega,cpu,12,1.81,cores,15.04
2025-03-08 04:00:00,mac-waste-scenario,Project Vega,cpu,12,2.33,cores,19.38
2025-03-08 05:00:00,mac-waste-scenario,Project Vega,cpu,12,1.96,cores,16.37
2025-03-08 06:00:00,mac-waste-scenario,Project Vega,cpu,12,1.71,cores,14.27
2025-03-08 07:00:00,mac-waste-scenario,Project Vega,cpu,12,1.98,cores,16.51
2025-03-08 08:00:00,mac-waste-scenario,Project Vega,cpu,12,1.9,cores,15.84
2025-03-08 09:00:00,mac-waste-scenario,Project Vega,cpu,12,1.59,cores,13.24
2025-03-08 10:00:00,mac-waste-scenario,Project Vega,cpu,12,1.82,cores,15.15
2025-03-08 11:00:00,mac-waste-scenario,Project Vega,cpu,12,1.76,cores,14.66
2025-03-08 12:00:00,mac-waste-scenario,Project Vega,cpu,12,1.31,cores,10.96
2025-03-08 13:00:00,mac-waste-scenario,Project Vega,cpu,12,1.76,cores,14.65
2025-03-08 14:00:00,mac-waste-scenario,Project Vega,cpu,12,1.73,cores,14.42
2025-03-08 15:00:00,mac-waste-scenario,Project Vega,cpu,12,1.69,cores,14.1
2025-03-08 16:00:00,mac-waste-scenario,Project Vega,cpu,12,1.39,cores,11.62
2025-03-08 17:00:00,mac-waste-scenario,Project Vega,cpu,12,1.71,cores,14.27
2025-03-08 18:00:00,mac-waste-scenario,Project Vega,cpu,12,1.79,cores,14.92
2025-03-08 19:00:00,mac-waste-scenario,Project Vega,cpu,12,1.83,cores,15.21
2025-03-08 20:00:00,mac-waste-scenario,Project Vega,cpu,12,1.52,cores,12.67
2025-03-08 21:00:00,mac-waste-scenario,Project Vega,cpu,12,1.96,cores,16.3
2025-03-08 22:00:00,mac-waste-scenario,Project Vega,cpu,12,1.5,cores,12.5
2025-03-08 23:00:00,mac-waste-scenario,Project Vega,cpu,12,1.74,cores,14.54
2025-03-09 00:00:00,mac-waste-scenario,Project Vega,cpu,12,2.12,cores,17.68
2025-03-09 01:00:00,mac-waste-scenario,Project Vega,cpu,12,1.63,cores,13.58
2025-03-09 02:00:00,mac-waste-scenario,Project Vega,cpu,12,1.67,cores,13.95
2025-03-09 03:00:00,mac-waste-scenario,Project Vega,cpu,12,2.06,cores,17.21
2025-03-09 04:00:00,mac-waste-scenario,Project Vega,cpu,12,1.71,cores,14.21
2025-03-09 05:00:00,mac-waste-scenario,Project Vega,cpu,12,1.73,cores,14.39
2025-03-09 06:00:00,mac-waste-scenario,Project Vega,cpu,12,1.85,cores,15.45
2025-03-09 07:00:00,mac-waste-scenario,Project Vega,cpu,12,2.06,cores,17.16
2025-03-09 08:00:00,mac-waste-scenario,Project Vega,cpu,12,1.26,cores,10.47
2025-03-09 09:00:00,mac-waste-scenario,Project Vega,cpu,12,1.6,cores,13.3
2025-03-09 10:00:00,mac-waste-scenario,Project Vega,cpu,12,1.55,cores,12.93
2025-03-09 11:00:00,mac-waste-scenario,Project Vega,cpu,12,1.53,cores,12.77
2025-03-09 12:00:00,mac-waste-scenario,Project Vega,cpu,12,1.59,cores,13.24
2025-03-09 13:00:00,mac-waste-scenario,Project Vega,cpu,12,1.59,cores,13.28
2025-03-09 14:00:00,mac-waste-scenario,Project Vega,cpu,12,1.87,cores,15.62
2025-03-09 15:00:00,mac-waste-scenario,Project Vega,cpu,12,1.58,cores,13.18
2025-03-09 16:00:00,mac-waste-scenario,Project Vega,cpu,12,1.83,cores,15.25
2025-03-09 17:00:00,mac-waste-scenario,Project Vega,cpu,12,1.9,cores,15.82
2025-03-09 18:00:00,mac-waste-scenario,Project Vega,cpu,12,1.62,cores,13.5
2025-03-09 19:00:00,mac-waste-scenario,Project Vega,cpu,12,1.83,cores,15.27
2025-03-09 20:00:00,mac-waste-scenario,Project Vega,cpu,12,2.2,cores,18.36
2025-03-09 21:00:00,mac-waste-scenario,Project Vega,cpu,12,1.88,cores,15.66
2025-03-09 22:00:00,mac-waste-scenario,Project Vega,cpu,12,1.64,cores,13.69
2025-03-09 23:00:00,mac-waste-scenario,Project Vega,cpu,12,1.78,cores,14.87
2025-03-10 00:00:00,mac-waste-scenario,Project Vega,cpu,12,1.57,cores,13.12
2025-03-10 01:00:00,mac-waste-scenario,Project Vega,cpu,12,1.87,cores,15.55
2025-03-10 02:00:00,mac-waste-scenario,Project Vega,cpu,12,2.01,cores,16.76
2025-03-10 03:00:00,mac-waste-scenario,Project Vega,cpu,12,1.6,cores,13.32
2025-03-10 04:00:00,mac-waste-scenario,Project Vega,cpu,12,1.75,cores,14.57
2025-03-10 05:00:00,mac-waste-scenario,Project Vega,cpu,12,2.07,cores,17.27
2025-03-10 06:00:00,mac-waste-scenario,Project Vega,cpu,12,1.68,cores,13.98
2025-03-10 07:00:00,mac-waste-scenario,Project Vega,cpu,12,1.85,cores,15.38
2025-03-10 08:00:00,mac-waste-scenario,Project Vega,cpu,12,1.55,cores,12.91
2025-03-10 09:00:00,mac-waste-scenario,Project Vega,cpu,12,1.6,cores,13.33
2025-03-10 10:00:00,mac-waste-scenario,Project Vega,cpu,12,1.67,cores,13.95
2025-03-10 11:00:00,mac-waste-scenario,Project Vega,cpu,12,2.32,cores,19.35
2025-03-10 12:00:00,mac-waste-scenario,Project Vega,cpu,12,1.7,cores,14.18
2025-03-10 13:00:00,mac-waste-scenario,Project Vega,cpu,12,1.67,cores,13.94
2025-03-10 14:00:00,mac-waste-scenario,Project Vega,cpu,12,1.66,cores,13.87
2025-03-10 15:00:00,mac-waste-scenario,Project Vega,cpu,12,1.76,cores,14.67
2025-03-10 16:00:00,mac-waste-scenario,Project Vega,cpu,12,1.96,cores,16.31
2025-03-10 17:00:00,mac-waste-scenario,Project Vega,cpu,12,1.85,cores,15.38
2025-03-10 18:00:00,mac-waste-scenario,Project Vega,cpu,12,2.29,cores,19.12
2025-03-10 19:00:00,mac-waste-scenario,Project Vega,cpu,12,1.85,cores,15.43
2025-03-10 20:00:00,mac-waste-scenario,Project Vega,cpu,12,2.15,cores,17.89
2025-03-10 21:00:00,mac-waste-scenario,Project Vega,cpu,12,1.87,cores,15.55
2025-03-10 22:00:00,mac-waste-scenario,Project Vega,cpu,12,1.95,cores,16.21
2025-03-10 23:00:00,mac-waste-scenario,Project Vega,cpu,12,1.45,cores,12.11
2025-03-11 00:00:00,mac-waste-scenario,Project Vega,cpu,12,1.77,cores,14.75
2025-03-11 01:00:00,mac-waste-scenario,Project Vega,cpu,12,1.78,cores,14.86
2025-03-11 02:00:00,mac-waste-scenario,Project Vega,cpu,12,1.74,cores,14.51
2025-03-11 03:00:00,mac-waste-scenario,Project Vega,cpu,12,1.28,cores,10.69
2025-03-11 04:00:00,mac-waste-scenario,Project Vega,cpu,12,2.01,cores,16.76
2025-03-11 05:00:00,mac-waste-scenario,Project Vega,cpu,12,1.71,cores,14.23
2025-03-11 06:00:00,mac-waste-scenario,Project Vega,cpu,12,1.69,cores,14.12
2025-03-11 07:00:00,mac-waste-scenario,Project Vega,cpu,12,1.74,cores,14.49
2025-03-11 08:00:00,mac-waste-scenario,Project Vega,cpu,12,1.75,cores,14.54
2025-03-11 09:00:00,mac-waste-scenario,Project Vega,cpu,12,1.9,cores,15.81
2025-03-11 10:00:00,mac-waste-scenario,Project Vega,cpu,12,1.49,cores,12.46
2025-03-11 11:00:00,mac-waste-scenario,Project Vega,cpu,12,1.58,cores,13.14
2025-03-11 12:00:00,mac-waste-scenario,Project Vega,cpu,12,1.87,cores,15.58
2025-03-11 13:00:00,mac-waste-scenario,Project Vega,cpu,12,1.83,cores,15.29
2025-03-11 14:00:00,mac-waste-scenario,Project Vega,cpu,12,1.71,cores,14.25
2025-03-11 15:00:00,mac-waste-scenario,Project Vega,cpu,12,1.66,cores,13.85
2025-03-11 16:00:00,mac-waste-scenario,Project Vega,cpu,12,1.6,cores,13.33
2025-03-11 17:00:00,mac-waste-scenario,Project Vega,cpu,12,1.79,cores,14.88
2025-03-11 18:00:00,mac-waste-scenario,Project Vega,cpu,12,2.08,cores,17.36
2025-03-11 19:00:00,mac-waste-scenario,Project Vega,cpu,12,1.55,cores,12.88
2025-03-11 20:00:00,mac-waste-scenario,Project Vega,cpu,12,2.17,cores,18.05
2025-03-11 21:00:00,mac-waste-scenario,Project Vega,cpu,12,2.0,cores,16.69
2025-03-11 22:00:00,mac-waste-scenario,Project Vega,cpu,12,1.69,cores,14.09
2025-03-11 23:00:00,mac-waste-scenario,Project Vega,cpu,12,1.99,cores,16.57
2025-03-12 00:00:00,mac-waste-scenario,Project Vega,cpu,12,1.45,cores,12.07
2025-03-12 01:00:00,mac-waste-scenario,Project Vega,cpu,12,1.38,cores,11.54
2025-03-12 02:00:00,mac-waste-scenario,Project Vega,cpu,12,1.49,cores,12.42
2025-03-12 03:00:00,mac-waste-scenario,Project Vega,cpu,12,1.7,cores,14.18
2025-03-12 04:00:00,mac-waste-scenario,Project Vega,cpu,12,1.72,cores,14.35
2025-03-12 05:00:00,mac-waste-scenario,Project Vega,cpu,12,1.68,cores,13.97
2025-03-12 06:00:00,mac-waste-scenario,Project Vega,cpu,12,1.82,cores,15.2
2025-03-12 07:00:00,mac-waste-scenario,Project Vega,cpu,12,1.29,cores,10.73
2025-03-12 08:00:00,mac-waste-scenario,Project Vega,cpu,12,1.92,cores,15.99
2025-03-12 09:00:00,mac-waste-scenario,Project Vega,cpu,12,1.46,cores,12.16
2025-03-12 10:00:00,mac-waste-scenario,Project Vega,cpu,12,1.64,cores,13.68
2025-03-12 11:00:00,mac-waste-scenario,Project Vega,cpu,12,1.7,cores,14.17
2025-03-12 12:00:00,mac-waste-scenario,Project Vega,cpu,12,1.52,cores,12.69
2025-03-12 13:00:00,mac-waste-scenario,Project Vega,cpu,12,1.47,cores,12.26
2025-03-12 14:00:00,mac-waste-scenario,Project Vega,cpu,12,1.56,cores,12.99
2025-03-12 15:00:00,mac-waste-scenario,Project Vega,cpu,12,1.8,cores,14.98
2025-03-12 16:00:00,mac-waste-scenario,Project Vega,cpu,12,1.94,cores,16.18
2025-03-12 17:00:00,mac-waste-scenario,Project Vega,cpu,12,1.94,cores,16.13
2025-03-12 18:00:00,mac-waste-scenario,Project Vega,cpu,12,1.56,cores,13.01
2025-03-12 19:00:00,mac-waste-scenario,Project Vega,cpu,12,1.61,cores,13.42
2025-03-12 20:00:00,mac-waste-scenario,Project Vega,cpu,12,1.58,cores,13.16
2025-03-12 21:00:00,mac-waste-scenario,Project Vega,cpu,12,1.91,cores,15.9
2025-03-12 22:00:00,mac-waste-scenario,Project Vega,cpu,12,1.31,cores,10.93
2025-03-12 23:00:00,mac-waste-scenario,Project Vega,cpu,12,2.1,cores,17.48
2025-03-13 00:00:00,mac-waste-scenario,Project Vega,cpu,12,1.68,cores,14.03
2025-03-13 01:00:00,mac-waste-scenario,Project Vega,cpu,12,1.61,cores,13.43
2025-03-13 02:00:00,mac-waste-scenario,Project Vega,cpu,12,1.88,cores,15.68
2025-03-13 03:00:00,mac-waste-scenario,Project Vega,cpu,12,2.05,cores,17.07
2025-03-13 04:00:00,mac-waste-scenario,Project Vega,cpu,12,1.88,cores,15.69
2025-03-13 05:00:00,mac-waste-scenario,Project Vega,cpu,12,2.05,cores,17.11
2025-03-13 06:00:00,mac-waste-scenario,Project Vega,cpu,12,1.83,cores,15.27
2025-03-13 07:00:00,mac-waste-scenario,Project Vega,cpu,12,2.1,cores,17.46
2025-03-13 08:00:00,mac-waste-scenario,Project Vega,cpu,12,2.1,cores,17.49
2025-03-13 09:00:00,mac-waste-scenario,Project Vega,cpu,12,1.78,cores,14.8
2025-03-13 10:00:00,mac-waste-scenario,Project Vega,cpu,12,2.15,cores,17.88
2025-03-13 11:00:00,mac-waste-scenario,Project Vega,cpu,12,1.84,cores,15.33
2025-03-13 12:00:00,mac-waste-scenario,Project Vega,cpu,12,1.82,cores,15.17
2025-03-13 13:00:00,mac-waste-scenario,Project Vega,cpu,12,1.58,cores,13.16
2025-03-13 14:00:00,mac-waste-scenario,Project Vega,cpu,12,1.73,cores,14.42
2025-03-13 15:00:00,mac-waste-scenario,Project Vega,cpu,12,1.99,cores,16.56
2025-03-13 16:00:00,mac-waste-scenario,Project Vega,cpu,12,1.48,cores,12.37
2025-03-13 17:00:00,mac-waste-scenario,Project Vega,cpu,12,1.96,cores,16.3
2025-03-13 18:00:00,mac-waste-scenario,Project Vega,cpu,12,1.88,cores,15.7
2025-03-13 19:00:00,mac-waste-scenario,Project Vega,cpu,12,1.87,cores,15.56
2025-03-13 20:00:00,mac-waste-scenario,Project Vega,cpu,12,1.27,cores,10.59
2025-03-13 21:00:00,mac-waste-scenario,Project Vega,cpu,12,1.78,cores,14.79
2025-03-13 22:00:00,mac-waste-scenario,Project Vega,cpu,12,1.96,cores,16.3
2025-03-13 23:00:00,mac-waste-scenario,Project Vega,cpu,12,1.62,cores,13.47
2025-03-14 00:00:00,mac-waste-scenario,Project Vega,cpu,12,1.82,cores,15.18
2025-03-14 01:00:00,mac-waste-scenario,Project Vega,cpu,12,1.23,cores,10.24
2025-03-14 02:00:00,mac-waste-scenario,Project Vega,cpu,12,1.96,cores,16.34
2025-03-14 03:00:00,mac-waste-scenario,Project Vega,cpu,12,1.64,cores,13.68
2025-03-14 04:00:00,mac-waste-scenario,Project Vega,cpu,12,2.01,cores,16.74
2025-03-14 05:00:00,mac-waste-scenario,Project Vega,cpu,12,1.36,cores,11.31
2025-03-14 06:00:00,mac-waste-scenario,Project Vega,cpu,12,1.97,cores,16.38
2025-03-14 07:00:00,mac-waste-scenario,Project Vega,cpu,12,1.74,cores,14.53
2025-03-14 08:00:00,mac-waste-scenario,Project Vega,cpu,12,1.99,cores,16.62
2025-03-14 09:00:00,mac-waste-scenario,Project Vega,cpu,12,1.58,cores,13.15
2025-03-14 10:00:00,mac-waste-scenario,Project Vega,cpu,12,1.65,cores,13.76
2025-03-14 11:00:00,mac-waste-scenario,Project Vega,cpu,12,2.34,cores,19.48
2025-03-14 12:00:00,mac-waste-scenario,Project Vega,cpu,12,1.6,cores,13.34
2025-03-14 13:00:00,mac-waste-scenario,Project Vega,cpu,12,1.63,cores,13.59
2025-03-14 14:00:00,mac-waste-scenario,Project Vega,cpu,12,1.73,cores,14.45
2025-03-14 15:00:00,mac-waste-scenario,Project Vega,cpu,12,1.55,cores,12.95
2025-03-14 16:00:00,mac-waste-scenario,Project Vega,cpu,12,2.09,cores,17.38
2025-03-14 17:00:00,mac-waste-scenario,Project Vega,cpu,12,2.21,cores,18.45
2025-03-14 18:00:00,mac-waste-scenario,Project Vega,cpu,12,1.63,cores,13.59
2025-03-14 19:00:00,mac-waste-scenario,Project Vega,cpu,12,1.39,cores,11.55
2025-03-14 20:00:00,mac-waste-scenario,Project Vega,cpu,12,2.08,cores,17.34
2025-03-14 21:00:00,mac-waste-scenario,Project Vega,cpu,12,2.07,cores,17.22
2025-03-14 22:00:00,mac-waste-scenario,Project Vega,cpu,12,2.0,cores,16.64
2025-03-14 23:00:00,mac-waste-scenario,Project Vega,cpu,12,2.08,cores,17.31
2025-03-15 00:00:00,mac-waste-scenario,Project Vega,cpu,12,1.59,cores,13.26
2025-03-15 01:00:00,mac-waste-scenario,Project Vega,cpu,12,1.76,cores,14.66
2025-03-15 02:00:00,mac-waste-scenario,Project Vega,cpu,12,1.47,cores,12.23
2025-03-15 03:00:00,mac-waste-scenario,Project Vega,cpu,12,1.46,cores,12.16
2025-03-15 04:00:00,mac-waste-scenario,Project Vega,cpu,12,2.04,cores,16.96
2025-03-15 05:00:00,mac-waste-scenario,Project Vega,cpu,12,1.64,cores,13.66
2025-03-15 06:00:00,mac-waste-scenario,Project Vega,cpu,12,2.35,cores,19.56
2025-03-15 07:00:00,mac-waste-scenario,Project Vega,cpu,12,1.82,cores,15.15
2025-03-15 08:00:00,mac-waste-scenario,Project Vega,cpu,12,1.65,cores,13.72
2025-03-15 09:00:00,mac-waste-scenario,Project Vega,cpu,12,1.99,cores,16.6
2025-03-15 10:00:00,mac-waste-scenario,Project Vega,cpu,12,2.23,cores,18.6
2025-03-15 11:00:00,mac-waste-scenario,Project Vega,cpu,12,1.92,cores,15.97
2025-03-15 12:00:00,mac-waste-scenario,Project Vega,cpu,12,1.51,cores,12.57
2025-03-15 13:00:00,mac-waste-scenario,Project Vega,cpu,12,1.89,cores,15.74
2025-03-15 14:00:00,mac-waste-scenario,Project Vega,cpu,12,2.13,cores,17.75
2025-03-15 15:00:00,mac-waste-scenario,Project Vega,cpu,12,1.68,cores,14.01
2025-03-15 16:00:00,mac-waste-scenario,Project Vega,cpu,12,1.61,cores,13.45
2025-03-15 17:00:00,mac-waste-scenario,Project Vega,cpu,12,2.04,cores,17.03
2025-03-15 18:00:00,mac-waste-scenario,Project Vega,cpu,12,1.83,cores,15.28
2025-03-15 19:00:00,mac-waste-scenario,Project Vega,cpu,12,1.54,cores,12.79
2025-03-15 20:00:00,mac-waste-scenario,Project Vega,cpu,12,1.71,cores,14.24
2025-03-15 21:00:00,mac-waste-scenario,Project Vega,cpu,12,1.62,cores,13.49
2025-03-15 22:00:00,mac-waste-scenario,Project Vega,cpu,12,1.87,cores,15.59
2025-03-15 23:00:00,mac-waste-scenario,Project Vega,cpu,12,1.83,cores,15.22
2025-03-16 00:00:00,mac-waste-scenario,Project Vega,cpu,12,2.08,cores,17.3
2025-03-16 01:00:00,mac-waste-scenario,Project Vega,cpu,12,1.97,cores,16.42
2025-03-16 02:00:00,mac-waste-scenario,Project Vega,cpu,12,1.42,cores,11.87
2025-03-16 03:00:00,mac-waste-scenario,Project Vega,cpu,12,1.9,cores,15.81
2025-03-16 04:00:00,mac-waste-scenario,Project Vega,cpu,12,2.02,cores,16.79
2025-03-16 05:00:00,mac-waste-scenario,Project Vega,cpu,12,1.91,cores,15.91
2025-03-16 06:00:00,mac-waste-scenario,Project Vega,cpu,12,2.05,cores,17.06
2025-03-16 07:00:00,mac-waste-scenario,Project Vega,cpu,12,1.67,cores,13.9
2025-03-16 08:00:00,mac-waste-scenario,Project Vega,cpu,12,1.57,cores,13.1
2025-03-16 09:00:00,mac-waste-scenario,Project Vega,cpu,12,2.02,cores,16.86
2025-03-16 10:00:00,mac-waste-scenario,Project Vega,cpu,12,1.54,cores,12.87
2025-03-16 11:00:00,mac-waste-scenario,Project Vega,cpu,12,1.28,cores,10.68
2025-03-16 12:00:00,mac-waste-scenario,Project Vega,cpu,12,2.05,cores,17.05
2025-03-16 13:00:00,mac-waste-scenario,Project Vega,cpu,12,1.63,cores,13.55
2025-03-16 14:00:00,mac-waste-scenario,Project Vega,cpu,12,1.73,cores,14.39
2025-03-16 15:00:00,mac-waste-scenario,Project Vega,cpu,12,1.46,cores,12.2
2025-03-16 16:00:00,mac-waste-scenario,Project Vega,cpu,12,1.48,cores,12.35
2025-03-16 17:00:00,mac-waste-scenario,Project Vega,cpu,12,1.52,cores,12.69
2025-03-16 18:00:00,mac-waste-scenario,Project Vega,cpu,12,1.71,cores,14.28
2025-03-16 19:00:00,mac-waste-scenario,Project Vega,cpu,12,1.89,cores,15.74
2025-03-16 20:00:00,mac-waste-scenario,Project Vega,cpu,12,1.25,cores,10.4
2025-03-16 21:00:00,mac-waste-scenario,Project Vega,cpu,12,1.98,cores,16.5
2025-03-16 22:00:00,mac-waste-scenario,Project Vega,cpu,12,1.52,cores,12.64
2025-03-16 23:00:00,mac-waste-scenario,Project Vega,cpu,12,1.54,cores,12.87
2025-03-17 00:00:00,mac-waste-scenario,Project Vega,cpu,12,1.96,cores,16.36
2025-03-17 01:00:00,mac-waste-scenario,Project Vega,cpu,12,1.78,cores,14.85
2025-03-17 02:00:00,mac-waste-scenario,Project Vega,cpu,12,1.43,cores,11.93
2025-03-17 03:00:00,mac-waste-scenario,Project Vega,cpu,12,2.24,cores,18.69
2025-03-17 04:00:00,mac-waste-scenario,Project Vega,cpu,12,1.59,cores,13.28
2025-03-17 05:00:00,mac-waste-scenario,Project Vega,cpu,12,1.86,cores,15.49
2025-03-17 06:00:00,mac-waste-scenario,Project Vega,cpu,12,1.85,cores,15.4
2025-03-17 07:00:00,mac-waste-scenario,Project Vega,cpu,12,2.14,cores,17.82
2025-03-17 08:00:00,mac-waste-scenario,Project Vega,cpu,12,1.69,cores,14.09
2025-03-17 09:00:00,mac-waste-scenario,Project Vega,cpu,12,2.04,cores,17.02
2025-03-17 10:00:00,mac-waste-scenario,Project Vega,cpu,12,1.62,cores,13.52
2025-03-17 11:00:00,mac-waste-scenario,Project Vega,cpu,12,2.07,cores,17.24
2025-03-17 12:00:00,mac-waste-scenario,Project Vega,cpu,12,1.62,cores,13.47
2025-03-17 13:00:00,mac-waste-scenario,Project Vega,cpu,12,1.71,cores,14.28
2025-03-17 14:00:00,mac-waste-scenario,Project Vega,cpu,12,2.26,cores,18.79
2025-03-17 15:00:00,mac-waste-scenario,Project Vega,cpu,12,1.88,cores,15.63
2025-03-17 16:00:00,mac-waste-scenario,Project Vega,cpu,12,1.83,cores,15.22
2025-03-17 17:00:00,mac-waste-scenario,Project Vega,cpu,12,2.34,cores,19.48
2025-03-17 18:00:00,mac-waste-scenario,Project Vega,cpu,12,1.89,cores,15.72
2025-03-17 19:00:00,mac-waste-scenario,Project Vega,cpu,12,1.6,cores,13.37
2025-03-17 20:00:00,mac-waste-scenario,Project Vega,cpu,12,1.98,cores,16.47
2025-03-17 21:00:00,mac-waste-scenario,Project Vega,cpu,12,1.52,cores,12.64
2025-03-17 22:00:00,mac-waste-scenario,Project Vega,cpu,12,2.07,cores,17.26
2025-03-17 23:00:00,mac-waste-scenario,Project Vega,cpu,12,2.09,cores,17.41
2025-03-18 00:00:00,mac-waste-scenario,Project Vega,cpu,12,1.66,cores,13.85
2025-03-18 01:00:00,mac-waste-scenario,Project Vega,cpu,12,1.65,cores,13.74
2025-03-18 02:00:00,mac-waste-scenario,Project Vega,cpu,12,1.84,cores,15.35
2025-03-18 03:00:00,mac-waste-scenario,Project Vega,cpu,12,1.8,cores,15.03
2025-03-18 04:00:00,mac-waste-scenario,Project Vega,cpu,12,1.57,cores,13.04
2025-03-18 05:00:00,mac-waste-scenario,Project Vega,cpu,12,1.94,cores,16.14
2025-03-18 06:00:00,mac-waste-scenario,Project Vega,cpu,12,1.31,cores,10.92
2025-03-18 07:00:00,mac-waste-scenario,Project Vega,cpu,12,1.7,cores,14.13
2025-03-18 08:00:00,mac-waste-scenario,Project Vega,cpu,12,1.7,cores,14.19
2025-03-18 09:00:00,mac-waste-scenario,Project Vega,cpu,12,1.73,cores,14.45
2025-03-18 10:00:00,mac-waste-scenario,Project Vega,cpu,12,1.87,cores,15.61
2025-03-18 11:00:00,mac-waste-scenario,Project Vega,cpu,12,1.51,cores,12.54
2025-03-18 12:00:00,mac-waste-scenario,Project Vega,cpu,12,1.94,cores,16.18
2025-03-18 13:00:00,mac-waste-scenario,Project Vega,cpu,12,1.76,cores,14.64
2025-03-18 14:00:00,mac-waste-scenario,Project Vega,cpu,12,1.64,cores,13.7
2025-03-18 15:00:00,mac-waste-scenario,Project Vega,cpu,12,1.47,cores,12.27
2025-03-18 16:00:00,mac-waste-scenario,Project Vega,cpu,12,1.52,cores,12.63
2025-03-18 17:00:00,mac-waste-scenario,Project Vega,cpu,12,1.89,cores,15.72
2025-03-18 18:00:00,mac-waste-scenario,Project Vega,cpu,12,1.57,cores,13.07
2025-03-18 19:00:00,mac-waste-scenario,Project Vega,cpu,12,1.82,cores,15.13
2025-03-18 20:00:00,mac-waste-scenario,Project Vega,cpu,12,2.05,cores,17.12
2025-03-18 21:00:00,mac-waste-scenario,Project Vega,cpu,12,2.05,cores,17.07
2025-03-18 22:00:00,mac-waste-scenario,Project Vega,cpu,12,2.17,cores,18.12
2025-03-18 23:00:00,mac-waste-scenario,Project Vega,cpu,12,1.73,cores,14.41
2025-03-19 00:00:00,mac-waste-scenario,Project Vega,cpu,12,1.54,cores,12.83
2025-03-19 01:00:00,mac-waste-scenario,Project Vega,cpu,12,2.04,cores,17.04
2025-03-19 02:00:00,mac-waste-scenario,Project Vega,cpu,12,1.87,cores,15.62
2025-03-19 03:00:00,mac-waste-scenario,Project Vega,cpu,12,2.07,cores,17.25
2025-03-19 04:00:00,mac-waste-scenario,Project Vega,cpu,12,1.8,cores,15.02
2025-03-19 05:00:00,mac-waste-scenario,Project Vega,cpu,12,2.09,cores,17.39
2025-03-19 06:00:00,mac-waste-scenario,Project Vega,cpu,12,2.0,cores,16.69
2025-03-19 07:00:00,mac-waste-scenario,Project Vega,cpu,12,1.97,cores,16.43
2025-03-19 08:00:00,mac-waste-scenario,Project Vega,cpu,12,1.92,cores,16.01
2025-03-19 09:00:00,mac-waste-scenario,Project Vega,cpu,12,1.9,cores,15.8
2025-03-19 10:00:00,mac-waste-scenario,Project Vega,cpu,12,1.86,cores,15.47
2025-03-19 11:00:00,mac-waste-scenario,Project Vega,cpu,12,1.85,cores,15.45
2025-03-19 12:00:00,mac-waste-scenario,Project Vega,cpu,12,2.04,cores,16.98
2025-03-19 13:00:00,mac-waste-scenario,Project Vega,cpu,12,1.68,cores,13.98
2025-03-19 14:00:00,mac-waste-scenario,Project Vega,cpu,12,2.22,cores,18.47
2025-03-19 15:00:00,mac-waste-scenario,Project Vega,cpu,12,1.77,cores,14.79
2025-03-19 16:00:00,mac-waste-scenario,Project Vega,cpu,12,2.04,cores,16.97
2025-03-19 17:00:00,mac-waste-scenario,Project Vega,cpu,12,1.78,cores,14.82
2025-03-19 18:00:00,mac-waste-scenario,Project Vega,cpu,12,1.74,cores,14.51
2025-03-19 19:00:00,mac-waste-scenario,Project Vega,cpu,12,2.29,cores,19.06
2025-03-19 20:00:00,mac-waste-scenario,Project Vega,cpu,12,1.73,cores,14.38
2025-03-19 21:00:00,mac-waste-scenario,Project Vega,cpu,12,1.49,cores,12.45
2025-03-19 22:00:00,mac-waste-scenario,Project Vega,cpu,12,1.63,cores,13.57
2025-03-19 23:00:00,mac-waste-scenario,Project Vega,cpu,12,1.72,cores,14.37
2025-03-20 00:00:00,mac-waste-scenario,Project Vega,cpu,12,2.32,cores,19.31
2025-03-20 01:00:00,mac-waste-scenario,Project Vega,cpu,12,1.85,cores,15.41
2025-03-20 02:00:00,mac-waste-scenario,Project Vega,cpu,12,2.02,cores,16.87
2025-03-20 03:00:00,mac-waste-scenario,Project Vega,cpu,12,1.56,cores,13.0
2025-03-20 04:00:00,mac-waste-scenario,Project Vega,cpu,12,1.88,cores,15.71
2025-03-20 05:00:00,mac-waste-scenario,Project Vega,cpu,12,1.96,cores,16.34
2025-03-20 06:00:00,mac-waste-scenario,Project Vega,cpu,12,2.23,cores,18.6
2025-03-20 07:00:00,mac-waste-scenario,Project Vega,cpu,12,1.63,cores,13.61
2025-03-20 08:00:00,mac-waste-scenario,Project Vega,cpu,12,1.94,cores,16.21
2025-03-20 09:00:00,mac-waste-scenario,Project Vega,cpu,12,1.87,cores,15.61
2025-03-20 10:00:00,mac-waste-scenario,Project Vega,cpu,12,1.55,cores,12.96
2025-03-20 11:00:00,mac-waste-scenario,Project Vega,cpu,12,1.8,cores,14.96
2025-03-20 12:00:00,mac-waste-scenario,Project Vega,cpu,12,1.74,cores,14.47
2025-03-20 13:00:00,mac-waste-scenario,Project Vega,cpu,12,1.24,cores,10.35
2025-03-20 14:00:00,mac-waste-scenario,Project Vega,cpu,12,1.94,cores,16.2
2025-03-20 15:00:00,mac-waste-scenario,Project Vega,cpu,12,1.93,cores,16.08
2025-03-20 16:00:00,mac-waste-scenario,Project Vega,cpu,12,1.69,cores,14.12
2025-03-20 17:00:00,mac-waste-scenario,Project Vega,cpu,12,1.48,cores,12.32
2025-03-20 18:00:00,mac-waste-scenario,Project Vega,cpu,12,2.16,cores,17.96
2025-03-20 19:00:00,mac-waste-scenario,Project Vega,cpu,12,1.86,cores,15.53
2025-03-20 20:00:00,mac-waste-scenario,Project Vega,cpu,12,2.04,cores,17.03
2025-03-20 21:00:00,mac-waste-scenario,Project Vega,cpu,12,2.14,cores,17.82
2025-03-20 22:00:00,mac-waste-scenario,Project Vega,cpu,12,1.67,cores,13.96
2025-03-20 23:00:00,mac-waste-scenario,Project Vega,cpu,12,1.99,cores,16.62
2025-03-21 00:00:00,mac-waste-scenario,Project Vega,cpu,12,1.74,cores,14.52
2025-03-21 01:00:00,mac-waste-scenario,Project Vega,cpu,12,1.78,cores,14.87
2025-03-21 02:00:00,mac-waste-scenario,Project Vega,cpu,12,1.78,cores,14.83
2025-03-21 03:00:00,mac-waste-scenario,Project Vega,cpu,12,1.8,cores,15.0
2025-03-21 04:00:00,mac-waste-scenario,Project Vega,cpu,12,2.07,cores,17.23
2025-03-21 05:00:00,mac-waste-scenario,Project Vega,cpu,12,1.83,cores,15.25
2025-03-21 06:00:00,mac-waste-scenario,Project Vega,cpu,12,1.76,cores,14.69
2025-03-21 07:00:00,mac-waste-scenario,Project Vega,cpu,12,1.73,cores,14.45
2025-03-21 08:00:00,mac-waste-scenario,Project Vega,cpu,12,1.88,cores,15.68
2025-03-21 09:00:00,mac-waste-scenario,Project Vega,cpu,12,1.59,cores,13.21
2025-03-21 10:00:00,mac-waste-scenario,Project Vega,cpu,12,1.68,cores,13.99
2025-03-21 11:00:00,mac-waste-scenario,Project Vega,cpu,12,1.79,cores,14.9
2025-03-21 12:00:00,mac-waste-scenario,Project Vega,cpu,12,1.66,cores,13.87
2025-03-21 13:00:00,mac-waste-scenario,Project Vega,cpu,12,1.77,cores,14.76
2025-03-21 14:00:00,mac-waste-scenario,Project Vega,cpu,12,1.65,cores,13.78
2025-03-21 15:00:00,mac-waste-scenario,Project Vega,cpu,12,2.28,cores,19.01
2025-03-21 16:00:00,mac-waste-scenario,Project Vega,cpu,12,2.12,cores,17.66
2025-03-21 17:00:00,mac-waste-scenario,Project Vega,cpu,12,1.91,cores,15.9
2025-03-21 18:00:00,mac-waste-scenario,Project Vega,cpu,12,1.79,cores,14.89
2025-03-21 19:00:00,mac-waste-scenario,Project Vega,cpu,12,2.33,cores,19.38
2025-03-21 20:00:00,mac-waste-scenario,Project Vega,cpu,12,1.88,cores,15.65
2025-03-21 21:00:00,mac-waste-scenario,Project Vega,cpu,12,1.78,cores,14.83
2025-03-21 22:00:00,mac-waste-scenario,Project Vega,cpu,12,1.87,cores,15.61
2025-03-21 23:00:00,mac-waste-scenario,Project Vega,cpu,12,1.87,cores,15.61
2025-03-22 00:00:00,mac-waste-scenario,Project Vega,cpu,12,2.14,cores,17.82
2025-03-22 01:00:00,mac-waste-scenario,Project Vega,cpu,12,1.8,cores,14.96
2025-03-22 02:00:00,mac-waste-scenario,Project Vega,cpu,12,2.3,cores,19.2
2025-03-22 03:00:00,mac-waste-scenario,Project Vega,cpu,12,1.59,cores,13.24
2025-03-22 04:00:00,mac-waste-scenario,Project Vega,cpu,12,1.97,cores,16.39
2025-03-22 05:00:00,mac-waste-scenario,Project Vega,cpu,12,1.56,cores,13.0
2025-03-22 06:00:00,mac-waste-scenario,Project Vega,cpu,12,2.24,cores,18.63
2025-03-22 07:00:00,mac-waste-scenario,Project Vega,cpu,12,1.72,cores,14.34
2025-03-22 08:00:00,mac-waste-scenario,Project Vega,cpu,12,1.79,cores,14.88
2025-03-22 09:00:00,mac-waste-scenario,Project Vega,cpu,12,2.02,cores,16.85
2025-03-22 10:00:00,mac-waste-scenario,Project Vega,cpu,12,2.1,cores,17.51
2025-03-22 11:00:00,mac-waste-scenario,Project Vega,cpu,12,1.53,cores,12.78
2025-03-22 12:00:00,mac-waste-scenario,Project Vega,cpu,12,1.72,cores,14.31
2025-03-22 13:00:00,mac-waste-scenario,Project Vega,cpu,12,1.47,cores,12.21
2025-03-22 14:00:00,mac-waste-scenario,Project Vega,cpu,12,1.83,cores,15.27
2025-03-22 15:00:00,mac-waste-scenario,Project Vega,cpu,12,1.78,cores,14.8
2025-03-22 16:00:00,mac-waste-scenario,Project Vega,cpu,12,1.72,cores,14.3
2025-03-22 17:00:00,mac-waste-scenario,Project Vega,cpu,12,1.64,cores,13.63
2025-03-22 18:00:00,mac-waste-scenario,Project Vega,cpu,12,1.71,cores,14.23
2025-03-22 19:00:00,mac-waste-scenario,Project Vega,cpu,12,1.62,cores,13.51
2025-03-22 20:00:00,mac-waste-scenario,Project Vega,cpu,12,1.93,cores,16.06
2025-03-22 21:00:00,mac-waste-scenario,Project Vega,cpu,12,2.16,cores,18.03
2025-03-22 22:00:00,mac-waste-scenario,Project Vega,cpu,12,1.34,cores,11.14
2025-03-22 23:00:00,mac-waste-scenario,Project Vega,cpu,12,1.77,cores,14.77
2025-03-23 00:00:00,mac-waste-scenario,Project Vega,cpu,12,1.7,cores,14.16
2025-03-23 01:00:00,mac-waste-scenario,Project Vega,cpu,12,1.92,cores,15.98
2025-03-23 02:00:00,mac-waste-scenario,Project Vega,cpu,12,1.57,cores,13.1
2025-03-23 03:00:00,mac-waste-scenario,Project Vega,cpu,12,1.76,cores,14.71
2025-03-23 04:00:00,mac-waste-scenario,Project Vega,cpu,12,1.55,cores,12.92
2025-03-23 05:00:00,mac-waste-scenario,Project Vega,cpu,12,1.97,cores,16.39
2025-03-23 06:00:00,mac-waste-scenario,Project Vega,cpu,12,1.82,cores,15.2
2025-03-23 07:00:00,mac-waste-scenario,Project Vega,cpu,12,1.76,cores,14.68
2025-03-23 08:00:00,mac-waste-scenario,Project Vega,cpu,12,1.89,cores,15.74
2025-03-23 09:00:00,mac-waste-scenario,Project Vega,cpu,12,1.74,cores,14.51
2025-03-23 10:00:00,mac-waste-scenario,Project Vega,cpu,12,1.43,cores,11.89
2025-03-23 11:00:00,mac-waste-scenario,Project Vega,cpu,12,1.94,cores,16.19
2025-03-23 12:00:00,mac-waste-scenario,Project Vega,cpu,12,1.87,cores,15.58
2025-03-23 13:00:00,mac-waste-scenario,Project Vega,cpu,12,1.76,cores,14.69
2025-03-23 14:00:00,mac-waste-scenario,Project Vega,cpu,12,2.04,cores,16.97
2025-03-23 15:00:00,mac-waste-scenario,Project Vega,cpu,12,2.09,cores,17.44
2025-03-23 16:00:00,mac-waste-scenario,Project Vega,cpu,12,1.54,cores,12.82
2025-03-23 17:00:00,mac-waste-scenario,Project Vega,cpu,12,1.61,cores,13.44
2025-03-23 18:00:00,mac-waste-scenario,Project Vega,cpu,12,2.17,cores,18.09
2025-03-23 19:00:00,mac-waste-scenario,Project Vega,cpu,12,2.14,cores,17.84
2025-03-23 20:00:00,mac-waste-scenario,Project Vega,cpu,12,1.62,cores,13.52
2025-03-23 21:00:00,mac-waste-scenario,Project Vega,cpu,12,1.52,cores,12.64
2025-03-23 22:00:00,mac-waste-scenario,Project Vega,cpu,12,1.65,cores,13.72
2025-03-23 23:00:00,mac-waste-scenario,Project Vega,cpu,12,1.68,cores,14.0
2025-03-24 00:00:00,mac-waste-scenario,Project Vega,cpu,12,1.42,cores,11.83
2025-03-24 01:00:00,mac-waste-scenario,Project Vega,cpu,12,1.81,cores,15.06
2025-03-24 02:00:00,mac-waste-scenario,Project Vega,cpu,12,1.49,cores,12.44
2025-03-24 03:00:00,mac-waste-scenario,Project Vega,cpu,12,1.51,cores,12.58
2025-03-24 04:00:00,mac-waste-scenario,Project Vega,cpu,12,2.02,cores,16.83
2025-03-24 05:00:00,mac-waste-scenario,Project Vega,cpu,12,1.64,cores,13.63
2025-03-24 06:00:00,mac-waste-scenario,Project Vega,cpu,12,1.78,cores,14.86
2025-03-24 07:00:00,mac-waste-scenario,Project Vega,cpu,12,1.95,cores,16.26
2025-03-24 08:00:00,mac-waste-scenario,Project Vega,cpu,12,2.0,cores,16.63
2025-03-24 09:00:00,mac-waste-scenario,Project Vega,cpu,12,1.72,cores,14.33
2025-03-24 10:00:00,mac-waste-scenario,Project Vega,cpu,12,1.81,cores,15.09
2025-03-24 11:00:00,mac-waste-scenario,Project Vega,cpu,12,1.6,cores,13.35
2025-03-24 12:00:00,mac-waste-scenario,Project Vega,cpu,12,2.22,cores,18.49
2025-03-24 13:00:00,mac-waste-scenario,Project Vega,cpu,12,1.96,cores,16.3
2025-03-24 14:00:00,mac-waste-scenario,Project Vega,cpu,12,1.54,cores,12.79
2025-03-24 15:00:00,mac-waste-scenario,Project Vega,cpu,12,1.8,cores,15.01
2025-03-24 16:00:00,mac-waste-scenario,Project Vega,cpu,12,1.97,cores,16.43
2025-03-24 17:00:00,mac-waste-scenario,Project Vega,cpu,12,1.92,cores,15.96
2025-03-24 18:00:00,mac-waste-scenario,Project Vega,cpu,12,2.24,cores,18.66
2025-03-24 19:00:00,mac-waste-scenario,Project Vega,cpu,12,2.13,cores,17.74
2025-03-24 20:00:00,mac-waste-scenario,Project Vega,cpu,12,1.67,cores,13.92
2025-03-24 21:00:00,mac-waste-scenario,Project Vega,cpu,12,1.78,cores,14.82
2025-03-24 22:00:00,mac-waste-scenario,Project Vega,cpu,12,1.49,cores,12.44
2025-03-24 23:00:00,mac-waste-scenario,Project Vega,cpu,12,1.86,cores,15.5
2025-03-25 00:00:00,mac-waste-scenario,Project Vega,cpu,12,1.84,cores,15.3
2025-03-25 01:00:00,mac-waste-scenario,Project Vega,cpu,12,2.45,cores,20.41
2025-03-25 02:00:00,mac-waste-scenario,Project Vega,cpu,12,1.82,cores,15.2
2025-03-25 03:00:00,mac-waste-scenario,Project Vega,cpu,12,1.3,cores,10.81
2025-03-25 04:00:00,mac-waste-scenario,Project Vega,cpu,12,1.64,cores,13.66
2025-03-25 05:00:00,mac-waste-scenario,Project Vega,cpu,12,1.83,cores,15.22
2025-03-25 06:00:00,mac-waste-scenario,Project Vega,cpu,12,1.5,cores,12.49
2025-03-25 07:00:00,mac-waste-scenario,Project Vega,cpu,12,1.59,cores,13.27
2025-03-25 08:00:00,mac-waste-scenario,Project Vega,cpu,12,1.71,cores,14.27
2025-03-25 09:00:00,mac-waste-scenario,Project Vega,cpu,12,1.88,cores,15.68
2025-03-25 10:00:00,mac-waste-scenario,Project Vega,cpu,12,1.76,cores,14.67
2025-03-25 11:00:00,mac-waste-scenario,Project Vega,cpu,12,1.59,cores,13.22
2025-03-25 12:00:00,mac-waste-scenario,Project Vega,cpu,12,1.99,cores,16.58
2025-03-25 13:00:00,mac-waste-scenario,Project Vega,cpu,12,1.67,cores,13.92
2025-03-25 14:00:00,mac-waste-scenario,Project Vega,cpu,12,1.68,cores,14.0
2025-03-25 15:00:00,mac-waste-scenario,Project Vega,cpu,12,1.47,cores,12.24
2025-03-25 16:00:00,mac-waste-scenario,Project Vega,cpu,12,1.61,cores,13.43
2025-03-25 17:00:00,mac-waste-scenario,Project Vega,cpu,12,1.96,cores,16.3
2025-03-25 18:00:00,mac-waste-scenario,Project Vega,cpu,12,1.41,cores,11.76
2025-03-25 19:00:00,mac-waste-scenario,Project Vega,cpu,12,1.78,cores,14.86
2025-03-25 20:00:00,mac-waste-scenario,Project Vega,cpu,12,1.97,cores,16.44
2025-03-25 21:00:00,mac-waste-scenario,Project Vega,cpu,12,1.71,cores,14.25
2025-03-25 22:00:00,mac-waste-scenario,Project Vega,cpu,12,1.86,cores,15.48
2025-03-25 23:00:00,mac-waste-scenario,Project Vega,cpu,12,1.53,cores,12.77
2025-03-26 00:00:00,mac-waste-scenario,Project Vega,cpu,12,2.11,cores,17.62
2025-03-26 01:00:00,mac-waste-scenario,Project Vega,cpu,12,2.06,cores,17.2
2025-03-26 02:00:00,mac-waste-scenario,Project Vega,cpu,12,1.86,cores,15.47
2025-03-26 03:00:00,mac-waste-scenario,Project Vega,cpu,12,1.38,cores,11.49
2025-03-26 04:00:00,mac-waste-scenario,Project Vega,cpu,12,1.55,cores,12.91
2025-03-26 05:00:00,mac-waste-scenario,Project Vega,cpu,12,2.03,cores,16.95
2025-03-26 06:00:00,mac-waste-scenario,Project Vega,cpu,12,2.21,cores,18.43
2025-03-26 07:00:00,mac-waste-scenario,Project Vega,cpu,12,1.87,cores,15.59
2025-03-26 08:00:00,mac-waste-scenario,Project Vega,cpu,12,2.1,cores,17.49
2025-03-26 09:00:00,mac-waste-scenario,Project Vega,cpu,12,1.65,cores,13.78
2025-03-26 10:00:00,mac-waste-scenario,Project Vega,cpu,12,1.75,cores,14.62
2025-03-26 11:00:00,mac-waste-scenario,Project Vega,cpu,12,1.8,cores,15.0
2025-03-26 12:00:00,mac-waste-scenario,Project Vega,cpu,12,1.9,cores,15.85
2025-03-26 13:00:00,mac-waste-scenario,Project Vega,cpu,12,1.43,cores,11.94
2025-03-26 14:00:00,mac-waste-scenario,Project Vega,cpu,12,2.03,cores,16.88
2025-03-26 15:00:00,mac-waste-scenario,Project Vega,cpu,12,2.12,cores,17.65
2025-03-26 16:00:00,mac-waste-scenario,Project Vega,cpu,12,1.52,cores,12.7
2025-03-26 17:00:00,mac-waste-scenario,Project Vega,cpu,12,1.47,cores,12.29
2025-03-26 18:00:00,mac-waste-scenario,Project Vega,cpu,12,1.88,cores,15.7
2025-03-26 19:00:00,mac-waste-scenario,Project Vega,cpu,12,1.64,cores,13.69
2025-03-26 20:00:00,mac-waste-scenario,Project Vega,cpu,12,1.23,cores,10.26
2025-03-26 21:00:00,mac-waste-scenario,Project Vega,cpu,12,1.99,cores,16.62
2025-03-26 22:00:00,mac-waste-scenario,Project Vega,cpu,12,1.84,cores,15.31
2025-03-26 23:00:00,mac-waste-scenario,Project Vega,cpu,12,1.69,cores,14.05
2025-03-27 00:00:00,mac-waste-scenario,Project Vega,cpu,12,2.31,cores,19.23
2025-03-27 01:00:00,mac-waste-scenario,Project Vega,cpu,12,1.83,cores,15.28
2025-03-27 02:00:00,mac-waste-scenario,Project Vega,cpu,12,1.62,cores,13.49
2025-03-27 03:00:00,mac-waste-scenario,Project Vega,cpu,12,1.82,cores,15.2
2025-03-27 04:00:00,mac-waste-scenario,Project Vega,cpu,12,1.55,cores,12.92
2025-03-27 05:00:00,mac-waste-scenario,Project Vega,cpu,12,1.62,cores,13.48
2025-03-27 06:00:00,mac-waste-scenario,Project Vega,cpu,12,1.89,cores,15.77
2025-03-27 07:00:00,mac-waste-scenario,Project Vega,cpu,12,1.67,cores,13.89
2025-03-27 08:00:00,mac-waste-scenario,Project Vega,cpu,12,1.69,cores,14.1
2025-03-27 09:00:00,mac-waste-scenario,Project Vega,cpu,12,2.2,cores,18.34
2025-03-27 10:00:00,mac-waste-scenario,Project Vega,cpu,12,2.01,cores,16.72
2025-03-27 11:00:00,mac-waste-scenario,Project Vega,cpu,12,1.99,cores,16.61
2025-03-27 12:00:00,mac-waste-scenario,Project Vega,cpu,12,1.93,cores,16.06
2025-03-27 13:00:00,mac-waste-scenario,Project Vega,cpu,12,1.92,cores,15.97
2025-03-27 14:00:00,mac-waste-scenario,Project Vega,cpu,12,2.15,cores,17.91
2025-03-27 15:00:00,mac-waste-scenario,Project Vega,cpu,12,1.8,cores,14.96
2025-03-27 16:00:00,mac-waste-scenario,Project Vega,cpu,12,2.25,cores,18.71
2025-03-27 17:00:00,mac-waste-scenario,Project Vega,cpu,12,1.57,cores,13.1
2025-03-27 18:00:00,mac-waste-scenario,Project Vega,cpu,12,1.74,cores,14.49
2025-03-27 19:00:00,mac-waste-scenario,Project Vega,cpu,12,1.47,cores,12.24
2025-03-27 20:00:00,mac-waste-scenario,Project Vega,cpu,12,1.72,cores,14.31
2025-03-27 21:00:00,mac-waste-scenario,Project Vega,cpu,12,1.92,cores,16.04
2025-03-27 22:00:00,mac-waste-scenario,Project Vega,cpu,12,2.15,cores,17.9
2025-03-27 23:00:00,mac-waste-scenario,Project Vega,cpu,12,1.64,cores,13.67
2025-03-28 00:00:00,mac-waste-scenario,Project Vega,cpu,12,1.8,cores,15.01
2025-03-28 01:00:00,mac-waste-scenario,Project Vega,cpu,12,1.71,cores,14.28
2025-03-28 02:00:00,mac-waste-scenario,Project Vega,cpu,12,1.62,cores,13.52
2025-03-28 03:00:00,mac-waste-scenario,Project Vega,cpu,12,1.51,cores,12.62
2025-03-28 04:00:00,mac-waste-scenario,Project Vega,cpu,12,1.81,cores,15.12
2025-03-28 05:00:00,mac-waste-scenario,Project Vega,cpu,12,1.38,cores,11.54
2025-03-28 06:00:00,mac-waste-scenario,Project Vega,cpu,12,1.83,cores,15.22
2025-03-28 07:00:00,mac-waste-scenario,Project Vega,cpu,12,1.81,cores,15.04
2025-03-28 08:00:00,mac-waste-scenario,Project Vega,cpu,12,1.64,cores,13.68
2025-03-28 09:00:00,mac-waste-scenario,Project Vega,cpu,12,1.56,cores,12.98
2025-03-28 10:00:00,mac-waste-scenario,Project Vega,cpu,12,1.47,cores,12.23
2025-03-28 11:00:00,mac-waste-scenario,Project Vega,cpu,12,2.25,cores,18.74
2025-03-28 12:00:00,mac-waste-scenario,Project Vega,cpu,12,1.48,cores,12.32
2025-03-28 13:00:00,mac-waste-scenario,Project Vega,cpu,12,2.17,cores,18.12
2025-03-28 14:00:00,mac-waste-scenario,Project Vega,cpu,12,1.94,cores,16.2
2025-03-28 15:00:00,mac-waste-scenario,Project Vega,cpu,12,1.71,cores,14.27
2025-03-28 16:00:00,mac-waste-scenario,Project Vega,cpu,12,1.52,cores,12.69
2025-03-28 17:00:00,mac-waste-scenario,Project Vega,cpu,12,2.05,cores,17.08
2025-03-28 18:00:00,mac-waste-scenario,Project Vega,cpu,12,2.22,cores,18.46
2025-03-28 19:00:00,mac-waste-scenario,Project Vega,cpu,12,1.58,cores,13.13
2025-03-28 20:00:00,mac-waste-scenario,Project Vega,cpu,12,1.73,cores,14.4
2025-03-28 21:00:00,mac-waste-scenario,Project Vega,cpu,12,2.05,cores,17.1
2025-03-28 22:00:00,mac-waste-scenario,Project Vega,cpu,12,1.88,cores,15.67
2025-03-28 23:00:00,mac-waste-scenario,Project Vega,cpu,12,2.28,cores,19.0
2025-03-29 00:00:00,mac-waste-scenario,Project Vega,cpu,12,1.66,cores,13.86
2025-03-29 01:00:00,mac-waste-scenario,Project Vega,cpu,12,1.93,cores,16.08
2025-03-29 02:00:00,mac-waste-scenario,Project Vega,cpu,12,1.5,cores,12.5
2025-03-29 03:00:00,mac-waste-scenario,Project Vega,cpu,12,2.3,cores,19.19
2025-03-29 04:00:00,mac-waste-scenario,Project Vega,cpu,12,1.62,cores,13.54
2025-03-29 05:00:00,mac-waste-scenario,Project Vega,cpu,12,1.27,cores,10.58
2025-03-29 06:00:00,mac-waste-scenario,Project Vega,cpu,12,1.77,cores,14.75
2025-03-29 07:00:00,mac-waste-scenario,Project Vega,cpu,12,1.77,cores,14.72
2025-03-29 08:00:00,mac-waste-scenario,Project Vega,cpu,12,2.26,cores,18.83
2025-03-29 09:00:00,mac-waste-scenario,Project Vega,cpu,12,1.72,cores,14.32
2025-03-29 10:00:00,mac-waste-scenario,Project Vega,cpu,12,1.8,cores,14.97
2025-03-29 11:00:00,mac-waste-scenario,Project Vega,cpu,12,1.94,cores,16.19
2025-03-29 12:00:00,mac-waste-scenario,Project Vega,cpu,12,2.18,cores,18.17
2025-03-29 13:00:00,mac-waste-scenario,Project Vega,cpu,12,1.78,cores,14.87
2025-03-29 14:00:00,mac-waste-scenario,Project Vega,cpu,12,2.05,cores,17.08
2025-03-29 15:00:00,mac-waste-scenario,Project Vega,cpu,12,1.92,cores,16.04
2025-03-29 16:00:00,mac-waste-scenario,Project Vega,cpu,12,1.73,cores,14.41
2025-03-29 17:00:00,mac-waste-scenario,Project Vega,cpu,12,1.82,cores,15.16
2025-03-29 18:00:00,mac-waste-scenario,Project Vega,cpu,12,1.81,cores,15.06
2025-03-29 19:00:00,mac-waste-scenario,Project Vega,cpu,12,1.58,cores,13.17
2025-03-29 20:00:00,mac-waste-scenario,Project Vega,cpu,12,2.09,cores,17.43
2025-03-29 21:00:00,mac-waste-scenario,Project Vega,cpu,12,1.47,cores,12.23
2025-03-29 22:00:00,mac-waste-scenario,Project Vega,cpu,12,2.08,cores,17.34
2025-03-29 23:00:00,mac-waste-scenario,Project Vega,cpu,12,2.03,cores,16.91
2025-03-30 00:00:00,mac-waste-scenario,Project Vega,cpu,12,1.78,cores,14.81
2025-03-30 01:00:00,mac-waste-scenario,Project Vega,cpu,12,1.62,cores,13.47
2025-03-30 02:00:00,mac-waste-scenario,Project Vega,cpu,12,1.75,cores,14.55
2025-03-30 03:00:00,mac-waste-scenario,Project Vega,cpu,12,1.91,cores,15.95
2025-03-30 04:00:00,mac-waste-scenario,Project Vega,cpu,12,1.98,cores,16.49
2025-03-30 05:00:00,mac-waste-scenario,Project Vega,cpu,12,1.87,cores,15.57
2025-03-30 06:00:00,mac-waste-scenario,Project Vega,cpu,12,2.04,cores,16.98
2025-03-30 07:00:00,mac-waste-scenario,Project Vega,cpu,12,1.67,cores,13.89
2025-03-30 08:00:00,mac-waste-scenario,Project Vega,cpu,12,1.86,cores,15.47
2025-03-30 09:00:00,mac-waste-scenario,Project Vega,cpu,12,1.42,cores,11.86
2025-03-30 10:00:00,mac-waste-scenario,Project Vega,cpu,12,1.98,cores,16.53
2025-03-30 11:00:00,mac-waste-scenario,Project Vega,cpu,12,1.84,cores,15.31
2025-03-30 12:00:00,mac-waste-scenario,Project Vega,cpu,12,1.7,cores,14.17
2025-03-30 13:00:00,mac-waste-scenario,Project Vega,cpu,12,2.08,cores,17.32
2025-03-30 14:00:00,mac-waste-scenario,Project Vega,cpu,12,1.97,cores,16.38
2025-03-30 15:00:00,mac-waste-scenario,Project Vega,cpu,12,1.12,cores,9.37
2025-03-30 16:00:00,mac-waste-scenario,Project Vega,cpu,12,1.81,cores,15.08
2025-03-30 17:00:00,mac-waste-scenario,Project Vega,cpu,12,1.45,cores,12.09
2025-03-30 18:00:00,mac-waste-scenario,Project Vega,cpu,12,2.06,cores,17.13
2025-03-30 19:00:00,mac-waste-scenario,Project Vega,cpu,12,2.4,cores,19.98
2025-03-30 20:00:00,mac-waste-scenario,Project Vega,cpu,12,1.68,cores,13.96
2025-03-30 21:00:00,mac-waste-scenario,Project Vega,cpu,12,1.82,cores,15.15
2025-03-30 22:00:00,mac-waste-scenario,Project Vega,cpu,12,1.74,cores,14.5
2025-03-30 23:00:00,mac-waste-scenario,Project Vega,cpu,12,1.88,cores,15.7
2025-03-31 00:00:00,mac-waste-scenario,Project Vega,cpu,12,1.95,cores,16.29
2025-03-31 01:00:00,mac-waste-scenario,Project Vega,cpu,12,2.11,cores,17.57
2025-03-31 02:00:00,mac-waste-scenario,Project Vega,cpu,12,1.56,cores,13.03
2025-03-31 03:00:00,mac-waste-scenario,Project Vega,cpu,12,2.18,cores,18.14
2025-03-31 04:00:00,mac-waste-scenario,Project Vega,cpu,12,1.58,cores,13.14
2025-03-31 05:00:00,mac-waste-scenario,Project Vega,cpu,12,1.87,cores,15.55
2025-03-31 06:00:00,mac-waste-scenario,Project Vega,cpu,12,2.08,cores,17.32
2025-03-31 07:00:00,mac-waste-scenario,Project Vega,cpu,12,1.97,cores,16.43
2025-03-31 08:00:00,mac-waste-scenario,Project Vega,cpu,12,1.57,cores,13.12
2025-03-31 09:00:00,mac-waste-scenario,Project Vega,cpu,12,1.63,cores,13.6
2025-03-31 10:00:00,mac-waste-scenario,Project Vega,cpu,12,1.69,cores,14.08
2025-03-31 11:00:00,mac-waste-scenario,Project Vega,cpu,12,1.79,cores,14.9
2025-03-31 12:00:00,mac-waste-scenario,Project Vega,cpu,12,2.08,cores,17.29
2025-03-31 13:00:00,mac-waste-scenario,Project Vega,cpu,12,1.49,cores,12.42
2025-03-31 14:00:00,mac-waste-scenario,Project Vega,cpu,12,1.91,cores,15.93
2025-03-31 15:00:00,mac-waste-scenario,Project Vega,cpu,12,1.95,cores,16.22
2025-03-31 16:00:00,mac-waste-scenario,Project Vega,cpu,12,1.93,cores,16.12
2025-03-31 17:00:00,mac-waste-scenario,Project Vega,cpu,12,1.91,cores,15.93
2025-03-31 18:00:00,mac-waste-scenario,Project Vega,cpu,12,2.16,cores,18.04
2025-03-31 19:00:00,mac-waste-scenario,Project Vega,cpu,12,1.92,cores,15.98
2025-03-31 20:00:00,mac-waste-scenario,Project Vega,cpu,12,2.01,cores,16.71
2025-03-31 21:00:00,mac-waste-scenario,Project Vega,cpu,12,1.94,cores,16.13
2025-03-31 22:00:00,mac-waste-scenario,Project Vega,cpu,12,2.23,cores,18.59
2025-03-31 23:00:00,mac-waste-scenario,Project Vega,cpu,12,1.34,cores,11.2
2025-01-01 00:00:00,mac-waste-scenario,Project Vega,ram,64,11.24,GB,17.56
2025-01-01 01:00:00,mac-waste-scenario,Project Vega,ram,64,9.27,GB,14.48
2025-01-01 02:00:00,mac-waste-scenario,Project Vega,ram,64,9.24,GB,14.44
2025-01-01 03:00:00,mac-waste-scenario,Project Vega,ram,64,8.36,GB,13.06
2025-01-01 04:00:00,mac-waste-scenario,Project Vega,ram,64,7.21,GB,11.26
2025-01-01 05:00:00,mac-waste-scenario,Project Vega,ram,64,9.11,GB,14.24
2025-01-01 06:00:00,mac-waste-scenario,Project Vega,ram,64,8.72,GB,13.63
2025-01-01 07:00:00,mac-waste-scenario,Project Vega,ram,64,10.23,GB,15.99
2025-01-01 08:00:00,mac-waste-scenario,Project Vega,ram,64,7.72,GB,12.06
2025-01-01 09:00:00,mac-waste-scenario,Project Vega,ram,64,11.43,GB,17.86
2025-01-01 10:00:00,mac-waste-scenario,Project Vega,ram,64,9.95,GB,15.54
2025-01-01 11:00:00,mac-waste-scenario,Project Vega,ram,64,9.28,GB,14.5
2025-01-01 12:00:00,mac-waste-scenario,Project Vega,ram,64,8.69,GB,13.58
2025-01-01 13:00:00,mac-waste-scenario,Project Vega,ram,64,8.59,GB,13.43
2025-01-01 14:00:00,mac-waste-scenario,Project Vega,ram,64,8.15,GB,12.74
2025-01-01 15:00:00,mac-waste-scenario,Project Vega,ram,64,8.9,GB,13.91
2025-01-01 16:00:00,mac-waste-scenario,Project Vega,ram,64,9.61,GB,15.01
2025-01-01 17:00:00,mac-waste-scenario,Project Vega,ram,64,9.37,GB,14.65
2025-01-01 18:00:00,mac-waste-scenario,Project Vega,ram,64,7.79,GB,12.17
2025-01-01 19:00:00,mac-waste-scenario,Project Vega,ram,64,9.26,GB,14.47
2025-01-01 20:00:00,mac-waste-scenario,Project Vega,ram,64,8.46,GB,13.21
2025-01-01 21:00:00,mac-waste-scenario,Project Vega,ram,64,9.8,GB,15.32
2025-01-01 22:00:00,mac-waste-scenario,Project Vega,ram,64,11.99,GB,18.73
2025-01-01 23:00:00,mac-waste-scenario,Project Vega,ram,64,10.4,GB,16.25
2025-01-02 00:00:00,mac-waste-scenario,Project Vega,ram,64,9.2,GB,14.37
2025-01-02 01:00:00,mac-waste-scenario,Project Vega,ram,64,7.52,GB,11.75
2025-01-02 02:00:00,mac-waste-scenario,Project Vega,ram,64,7.79,GB,12.17
2025-01-02 03:00:00,mac-waste-scenario,Project Vega,ram,64,7.44,GB,11.63
2025-01-02 04:00:00,mac-waste-scenario,Project Vega,ram,64,10.53,GB,16.45
2025-01-02 05:00:00,mac-waste-scenario,Project Vega,ram,64,8.62,GB,13.47
2025-01-02 06:00:00,mac-waste-scenario,Project Vega,ram,64,9.68,GB,15.13
2025-01-02 07:00:00,mac-waste-scenario,Project Vega,ram,64,8.8,GB,13.76
2025-01-02 08:00:00,mac-waste-scenario,Project Vega,ram,64,9.72,GB,15.18
2025-01-02 09:00:00,mac-waste-scenario,Project Vega,ram,64,11.39,GB,17.8
2025-01-02 10:00:00,mac-waste-scenario,Project Vega,ram,64,8.72,GB,13.63
2025-01-02 11:00:00,mac-waste-scenario,Project Vega,ram,64,9.16,GB,14.32
2025-01-02 12:00:00,mac-waste-scenario,Project Vega,ram,64,8.57,GB,13.39
2025-01-02 13:00:00,mac-waste-scenario,Project Vega,ram,64,10.72,GB,16.75
2025-01-02 14:00:00,mac-waste-scenario,Project Vega,ram,64,8.29,GB,12.95
2025-01-02 15:00:00,mac-waste-scenario,Project Vega,ram,64,8.15,GB,12.73
2025-01-02 16:00:00,mac-waste-scenario,Project Vega,ram,64,7.82,GB,12.22
2025-01-02 17:00:00,mac-waste-scenario,Project Vega,ram,64,7.8,GB,12.18
2025-01-02 18:00:00,mac-waste-scenario,Project Vega,ram,64,10.2,GB,15.94
2025-01-02 19:00:00,mac-waste-scenario,Project Vega,ram,64,12.89,GB,20.14
2025-01-02 20:00:00,mac-waste-scenario,Project Vega,ram,64,8.33,GB,13.01
2025-01-02 21:00:00,mac-waste-scenario,Project Vega,ram,64,10.82,GB,16.9
2025-01-02 22:00:00,mac-waste-scenario,Project Vega,ram,64,9.92,GB,15.5
2025-01-02 23:00:00,mac-waste-scenario,Project Vega,ram,64,8.19,GB,12.8
2025-01-03 00:00:00,mac-waste-scenario,Project Vega,ram,64,9.25,GB,14.45
2025-01-03 01:00:00,mac-waste-scenario,Project Vega,ram,64,9.3,GB,14.53
2025-01-03 02:00:00,mac-waste-scenario,Project Vega,ram,64,8.72,GB,13.62
2025-01-03 03:00:00,mac-waste-scenario,Project Vega,ram,64,12.07,GB,18.86
2025-01-03 04:00:00,mac-waste-scenario,Project Vega,ram,64,7.16,GB,11.19
2025-01-03 05:00:00,mac-waste-scenario,Project Vega,ram,64,10.09,GB,15.76
2025-01-03 06:00:00,mac-waste-scenario,Project Vega,ram,64,10.02,GB,15.66
2025-01-03 07:00:00,mac-waste-scenario,Project Vega,ram,64,8.86,GB,13.84
2025-01-03 08:00:00,mac-waste-scenario,Project Vega,ram,64,9.79,GB,15.3
2025-01-03 09:00:00,mac-waste-scenario,Project Vega,ram,64,10.72,GB,16.76
2025-01-03 10:00:00,mac-waste-scenario,Project Vega,ram,64,9.8,GB,15.31
2025-01-03 11:00:00,mac-waste-scenario,Project Vega,ram,64,10.13,GB,15.83
2025-01-03 12:00:00,mac-waste-scenario,Project Vega,ram,64,10.49,GB,16.39
2025-01-03 13:00:00,mac-waste-scenario,Project Vega,ram,64,7.0,GB,10.94
2025-01-03 14:00:00,mac-waste-scenario,Project Vega,ram,64,11.49,GB,17.96
2025-01-03 15:00:00,mac-waste-scenario,Project Vega,ram,64,12.52,GB,19.56
2025-01-03 16:00:00,mac-waste-scenario,Project Vega,ram,64,10.86,GB,16.96
2025-01-03 17:00:00,mac-waste-scenario,Project Vega,ram,64,10.9,GB,17.03
2025-01-03 18:00:00,mac-waste-scenario,Project Vega,ram,64,7.8,GB,12.18
2025-01-03 19:00:00,mac-waste-scenario,Project Vega,ram,64,9.45,GB,14.76
2025-01-03 20:00:00,mac-waste-scenario,Project Vega,ram,64,8.56,GB,13.38
2025-01-03 21:00:00,mac-waste-scenario,Project Vega,ram,64,8.85,GB,13.83
2025-01-03 22:00:00,mac-waste-scenario,Project Vega,ram,64,10.84,GB,16.93
2025-01-03 23:00:00,mac-waste-scenario,Project Vega,ram,64,8.57,GB,13.39
2025-01-04 00:00:00,mac-waste-scenario,Project Vega,ram,64,9.43,GB,14.74
2025-01-04 01:00:00,mac-waste-scenario,Project Vega,ram,64,7.16,GB,11.18
2025-01-04 02:00:00,mac-waste-scenario,Project Vega,ram,64,9.4,GB,14.68
2025-01-04 03:00:00,mac-waste-scenario,Project Vega,ram,64,9.72,GB,15.18
2025-01-04 04:00:00,mac-waste-scenario,Project Vega,ram,64,8.7,GB,13.59
2025-01-04 05:00:00,mac-waste-scenario,Project Vega,ram,64,8.68,GB,13.56
2025-01-04 06:00:00,mac-waste-scenario,Project Vega,ram,64,12.01,GB,18.77
2025-01-04 07:00:00,mac-waste-scenario,Project Vega,ram,64,8.05,GB,12.58
2025-01-04 08:00:00,mac-waste-scenario,Project Vega,ram,64,8.26,GB,12.9
2025-01-04 09:00:00,mac-waste-scenario,Project Vega,ram,64,8.56,GB,13.38
2025-01-04 10:00:00,mac-waste-scenario,Project Vega,ram,64,11.13,GB,17.4
2025-01-04 11:00:00,mac-waste-scenario,Project Vega,ram,64,12.29,GB,19.2
2025-01-04 12:00:00,mac-waste-scenario,Project Vega,ram,64,10.03,GB,15.66
2025-01-04 13:00:00,mac-waste-scenario,Project Vega,ram,64,8.68,GB,13.57
2025-01-04 14:00:00,mac-waste-scenario,Project Vega,ram,64,9.05,GB,14.14
2025-01-04 15:00:00,mac-waste-scenario,Project Vega,ram,64,10.96,GB,17.13
2025-01-04 16:00:00,mac-waste-scenario,Project Vega,ram,64,8.43,GB,13.18
2025-01-04 17:00:00,mac-waste-scenario,Project Vega,ram,64,11.46,GB,17.91
2025-01-04 18:00:00,mac-waste-scenario,Project Vega,ram,64,11.41,GB,17.83
2025-01-04 19:00:00,mac-waste-scenario,Project Vega,ram,64,9.69,GB,15.14
2025-01-04 20:00:00,mac-waste-scenario,Project Vega,ram,64,10.43,GB,16.29
2025-01-04 21:00:00,mac-waste-scenario,Project Vega,ram,64,10.56,GB,16.5
2025-01-04 22:00:00,mac-waste-scenario,Project Vega,ram,64,11.59,GB,18.11
2025-01-04 23:00:00,mac-waste-scenario,Project Vega,ram,64,8.25,GB,12.9
2025-01-05 00:00:00,mac-waste-scenario,Project Vega,ram,64,11.11,GB,17.36
2025-01-05 01:00:00,mac-waste-scenario,Project Vega,ram,64,9.12,GB,14.25
2025-01-05 02:00:00,mac-waste-scenario,Project Vega,ram,64,8.62,GB,13.46
2025-01-05 03:00:00,mac-waste-scenario,Project Vega,ram,64,9.73,GB,15.21
2025-01-05 04:00:00,mac-waste-scenario,Project Vega,ram,64,9.33,GB,14.57
2025-01-05 05:00:00,mac-waste-scenario,Project Vega,ram,64,8.34,GB,13.03
2025-01-05 06:00:00,mac-waste-scenario,Project Vega,ram,64,7.56,GB,11.81
2025-01-05 07:00:00,mac-waste-scenario,Project Vega,ram,64,8.39,GB,13.12
2025-01-05 08:00:00,mac-waste-scenario,Project Vega,ram,64,11.46,GB,17.9
2025-01-05 09:00:00,mac-waste-scenario,Project Vega,ram,64,12.11,GB,18.93
2025-01-05 10:00:00,mac-waste-scenario,Project Vega,ram,64,10.43,GB,16.3
2025-01-05 11:00:00,mac-waste-scenario,Project Vega,ram,64,11.12,GB,17.37
2025-01-05 12:00:00,mac-waste-scenario,Project Vega,ram,64,8.94,GB,13.97
2025-01-05 13:00:00,mac-waste-scenario,Project Vega,ram,64,9.5,GB,14.85
2025-01-05 14:00:00,mac-waste-scenario,Project Vega,ram,64,9.96,GB,15.57
2025-01-05 15:00:00,mac-waste-scenario,Project Vega,ram,64,8.22,GB,12.84
2025-01-05 16:00:00,mac-waste-scenario,Project Vega,ram,64,8.33,GB,13.02
2025-01-05 17:00:00,mac-waste-scenario,Project Vega,ram,64,9.72,GB,15.19
2025-01-05 18:00:00,mac-waste-scenario,Project Vega,ram,64,9.19,GB,14.36
2025-01-05 19:00:00,mac-waste-scenario,Project Vega,ram,64,8.24,GB,12.87
2025-01-05 20:00:00,mac-waste-scenario,Project Vega,ram,64,10.09,GB,15.77
2025-01-05 21:00:00,mac-waste-scenario,Project Vega,ram,64,9.26,GB,14.47
2025-01-05 22:00:00,mac-waste-scenario,Project Vega,ram,64,10.91,GB,17.04
2025-01-05 23:00:00,mac-waste-scenario,Project Vega,ram,64,9.59,GB,14.99
2025-01-06 00:00:00,mac-waste-scenario,Project Vega,ram,64,9.22,GB,14.4
2025-01-06 01:00:00,mac-waste-scenario,Project Vega,ram,64,9.76,GB,15.26
2025-01-06 02:00:00,mac-waste-scenario,Project Vega,ram,64,9.38,GB,14.66
2025-01-06 03:00:00,mac-waste-scenario,Project Vega,ram,64,8.74,GB,13.66
2025-01-06 04:00:00,mac-waste-scenario,Project Vega,ram,64,9.09,GB,14.2
2025-01-06 05:00:00,mac-waste-scenario,Project Vega,ram,64,10.56,GB,16.5
2025-01-06 06:00:00,mac-waste-scenario,Project Vega,ram,64,10.43,GB,16.29
2025-01-06 07:00:00,mac-waste-scenario,Project Vega,ram,64,11.25,GB,17.57
2025-01-06 08:00:00,mac-waste-scenario,Project Vega,ram,64,7.43,GB,11.61
2025-01-06 09:00:00,mac-waste-scenario,Project Vega,ram,64,9.1,GB,14.21
2025-01-06 10:00:00,mac-waste-scenario,Project Vega,ram,64,9.07,GB,14.17
2025-01-06 11:00:00,mac-waste-scenario,Project Vega,ram,64,9.82,GB,15.34
2025-01-06 12:00:00,mac-waste-scenario,Project Vega,ram,64,9.02,GB,14.1
2025-01-06 13:00:00,mac-waste-scenario,Project Vega,ram,64,8.94,GB,13.97
2025-01-06 14:00:00,mac-waste-scenario,Project Vega,ram,64,10.6,GB,16.57
2025-01-06 15:00:00,mac-waste-scenario,Project Vega,ram,64,9.83,GB,15.36
2025-01-06 16:00:00,mac-waste-scenario,Project Vega,ram,64,8.11,GB,12.67
2025-01-06 17:00:00,mac-waste-scenario,Project Vega,ram,64,11.31,GB,17.67
2025-01-06 18:00:00,mac-waste-scenario,Project Vega,ram,64,10.88,GB,16.99
2025-01-06 19:00:00,mac-waste-scenario,Project Vega,ram,64,8.87,GB,13.85
2025-01-06 20:00:00,mac-waste-scenario,Project Vega,ram,64,10.66,GB,16.66
2025-01-06 21:00:00,mac-waste-scenario,Project Vega,ram,64,8.66,GB,13.53
2025-01-06 22:00:00,mac-waste-scenario,Project Vega,ram,64,11.04,GB,17.25
2025-01-06 23:00:00,mac-waste-scenario,Project Vega,ram,64,9.32,GB,14.56
2025-01-07 00:00:00,mac-waste-scenario,Project Vega,ram,64,8.57,GB,13.39
2025-01-07 01:00:00,mac-waste-scenario,Project Vega,ram,64,9.12,GB,14.25
2025-01-07 02:00:00,mac-waste-scenario,Project Vega,ram,64,8.62,GB,13.47
2025-01-07 03:00:00,mac-waste-scenario,Project Vega,ram,64,9.85,GB,15.38
2025-01-07 04:00:00,mac-waste-scenario,Project Vega,ram,64,9.82,GB,15.35
2025-01-07 05:00:00,mac-waste-scenario,Project Vega,ram,64,9.65,GB,15.07
2025-01-07 06:00:00,mac-waste-scenario,Project Vega,ram,64,8.89,GB,13.89
2025-01-07 07:00:00,mac-waste-scenario,Project Vega,ram,64,4.91,GB,7.68
2025-01-07 08:00:00,mac-waste-scenario,Project Vega,ram,64,9.72,GB,15.19
2025-01-07 09:00:00,mac-waste-scenario,Project Vega,ram,64,7.17,GB,11.21
2025-01-07 10:00:00,mac-waste-scenario,Project Vega,ram,64,9.91,GB,15.49
2025-01-07 11:00:00,mac-waste-scenario,Project Vega,ram,64,11.05,GB,17.26
2025-01-07 12:00:00,mac-waste-scenario,Project Vega,ram,64,9.95,GB,15.55
2025-01-07 13:00:00,mac-waste-scenario,Project Vega,ram,64,9.1,GB,14.22
2025-01-07 14:00:00,mac-waste-scenario,Project Vega,ram,64,9.37,GB,14.64
2025-01-07 15:00:00,mac-waste-scenario,Project Vega,ram,64,9.43,GB,14.73
2025-01-07 16:00:00,mac-waste-scenario,Project Vega,ram,64,8.9,GB,13.9
2025-01-07 17:00:00,mac-waste-scenario,Project Vega,ram,64,8.85,GB,13.83
2025-01-07 18:00:00,mac-waste-scenario,Project Vega,ram,64,8.42,GB,13.15
2025-01-07 19:00:00,mac-waste-scenario,Project Vega,ram,64,11.12,GB,17.38
2025-01-07 20:00:00,mac-waste-scenario,Project Vega,ram,64,9.58,GB,14.97
2025-01-07 21:00:00,mac-waste-scenario,Project Vega,ram,64,10.82,GB,16.91
2025-01-07 22:00:00,mac-waste-scenario,Project Vega,ram,64,9.28,GB,14.5
2025-01-07 23:00:00,mac-waste-scenario,Project Vega,ram,64,9.69,GB,15.14
2025-01-08 00:00:00,mac-waste-scenario,Project Vega,ram,64,9.38,GB,14.66
2025-01-08 01:00:00,mac-waste-scenario,Project Vega,ram,64,10.19,GB,15.93
2025-01-08 02:00:00,mac-waste-scenario,Project Vega,ram,64,10.66,GB,16.65
2025-01-08 03:00:00,mac-waste-scenario,Project Vega,ram,64,9.91,GB,15.48
2025-01-08 04:00:00,mac-waste-scenario,Project Vega,ram,64,8.74,GB,13.65
2025-01-08 05:00:00,mac-waste-scenario,Project Vega,ram,64,8.6,GB,13.44
2025-01-08 06:00:00,mac-waste-scenario,Project Vega,ram,64,11.72,GB,18.32
2025-01-08 07:00:00,mac-waste-scenario,Project Vega,ram,64,9.24,GB,14.44
2025-01-08 08:00:00,mac-waste-scenario,Project Vega,ram,64,9.23,GB,14.42
2025-01-08 09:00:00,mac-waste-scenario,Project Vega,ram,64,11.48,GB,17.93
2025-01-08 10:00:00,mac-waste-scenario,Project Vega,ram,64,10.99,GB,17.18
2025-01-08 11:00:00,mac-waste-scenario,Project Vega,ram,64,10.28,GB,16.07
2025-01-08 12:00:00,mac-waste-scenario,Project Vega,ram,64,9.09,GB,14.2
2025-01-08 13:00:00,mac-waste-scenario,Project Vega,ram,64,12.61,GB,19.71
2025-01-08 14:00:00,mac-waste-scenario,Project Vega,ram,64,10.1,GB,15.79
2025-01-08 15:00:00,mac-waste-scenario,Project Vega,ram,64,10.3,GB,16.09
2025-01-08 16:00:00,mac-waste-scenario,Project Vega,ram,64,9.38,GB,14.66
2025-01-08 17:00:00,mac-waste-scenario,Project Vega,ram,64,7.79,GB,12.17
2025-01-08 18:00:00,mac-waste-scenario,Project Vega,ram,64,7.89,GB,12.33
2025-01-08 19:00:00,mac-waste-scenario,Project Vega,ram,64,10.12,GB,15.81
2025-01-08 20:00:00,mac-waste-scenario,Project Vega,ram,64,10.1,GB,15.78
2025-01-08 21:00:00,mac-waste-scenario,Project Vega,ram,64,9.29,GB,14.52
2025-01-08 22:00:00,mac-waste-scenario,Project Vega,ram,64,8.1,GB,12.66
2025-01-08 23:00:00,mac-waste-scenario,Project Vega,ram,64,7.75,GB,12.12
2025-01-09 00:00:00,mac-waste-scenario,Project Vega,ram,64,9.18,GB,14.34
2025-01-09 01:00:00,mac-waste-scenario,Project Vega,ram,64,7.74,GB,12.09
2025-01-09 02:00:00,mac-waste-scenario,Project Vega,ram,64,10.75,GB,16.8
2025-01-09 03:00:00,mac-waste-scenario,Project Vega,ram,64,11.08,GB,17.31
2025-01-09 04:00:00,mac-waste-scenario,Project Vega,ram,64,13.22,GB,20.66
2025-01-09 05:00:00,mac-waste-scenario,Project Vega,ram,64,10.72,GB,16.76
2025-01-09 06:00:00,mac-waste-scenario,Project Vega,ram,64,8.84,GB,13.81
2025-01-09 07:00:00,mac-waste-scenario,Project Vega,ram,64,8.48,GB,13.26
2025-01-09 08:00:00,mac-waste-scenario,Project Vega,ram,64,5.18,GB,8.1
2025-01-09 09:00:00,mac-waste-scenario,Project Vega,ram,64,8.84,GB,13.81
2025-01-09 10:00:00,mac-waste-scenario,Project Vega,ram,64,9.37,GB,14.65
2025-01-09 11:00:00,mac-waste-scenario,Project Vega,ram,64,10.84,GB,16.94
2025-01-09 12:00:00,mac-waste-scenario,Project Vega,ram,64,10.38,GB,16.22
2025-01-09 13:00:00,mac-waste-scenario,Project Vega,ram,64,10.35,GB,16.18
2025-01-09 14:00:00,mac-waste-scenario,Project Vega,ram,64,9.87,GB,15.43
2025-01-09 15:00:00,mac-waste-scenario,Project Vega,ram,64,10.45,GB,16.32
2025-01-09 16:00:00,mac-waste-scenario,Project Vega,ram,64,11.45,GB,17.9
2025-01-09 17:00:00,mac-waste-scenario,Project Vega,ram,64,8.24,GB,12.87
2025-01-09 18:00:00,mac-waste-scenario,Project Vega,ram,64,9.01,GB,14.09
2025-01-09 19:00:00,mac-waste-scenario,Project Vega,ram,64,7.82,GB,12.22
2025-01-09 20:00:00,mac-waste-scenario,Project Vega,ram,64,11.67,GB,18.24
2025-01-09 21:00:00,mac-waste-scenario,Project Vega,ram,64,11.26,GB,17.59
2025-01-09 22:00:00,mac-waste-scenario,Project Vega,ram,64,10.56,GB,16.5
2025-01-09 23:00:00,mac-waste-scenario,Project Vega,ram,64,8.07,GB,12.6
2025-01-10 00:00:00,mac-waste-scenario,Project Vega,ram,64,9.82,GB,15.35
2025-01-10 01:00:00,mac-waste-scenario,Project Vega,ram,64,9.3,GB,14.53
2025-01-10 02:00:00,mac-waste-scenario,Project Vega,ram,64,9.7,GB,15.16
2025-01-10 03:00:00,mac-waste-scenario,Project Vega,ram,64,9.36,GB,14.62
2025-01-10 04:00:00,mac-waste-scenario,Project Vega,ram,64,10.27,GB,16.04
2025-01-10 05:00:00,mac-waste-scenario,Project Vega,ram,64,9.09,GB,14.21
2025-01-10 06:00:00,mac-waste-scenario,Project Vega,ram,64,10.69,GB,16.71
2025-01-10 07:00:00,mac-waste-scenario,Project Vega,ram,64,9.91,GB,15.48
2025-01-10 08:00:00,mac-waste-scenario,Project Vega,ram,64,9.22,GB,14.41
2025-01-10 09:00:00,mac-waste-scenario,Project Vega,ram,64,9.46,GB,14.78
2025-01-10 10:00:00,mac-waste-scenario,Project Vega,ram,64,9.04,GB,14.12
2025-01-10 11:00:00,mac-waste-scenario,Project Vega,ram,64,10.64,GB,16.63
2025-01-10 12:00:00,mac-waste-scenario,Project Vega,ram,64,9.25,GB,14.46
2025-01-10 13:00:00,mac-waste-scenario,Project Vega,ram,64,9.98,GB,15.59
2025-01-10 14:00:00,mac-waste-scenario,Project Vega,ram,64,9.1,GB,14.22
2025-01-10 15:00:00,mac-waste-scenario,Project Vega,ram,64,7.7,GB,12.03
2025-01-10 16:00:00,mac-waste-scenario,Project Vega,ram,64,10.76,GB,16.81
2025-01-10 17:00:00,mac-waste-scenario,Project Vega,ram,64,8.25,GB,12.88
2025-01-10 18:00:00,mac-waste-scenario,Project Vega,ram,64,10.47,GB,16.36
2025-01-10 19:00:00,mac-waste-scenario,Project Vega,ram,64,10.14,GB,15.84
2025-01-10 20:00:00,mac-waste-scenario,Project Vega,ram,64,7.48,GB,11.69
2025-01-10 21:00:00,mac-waste-scenario,Project Vega,ram,64,8.39,GB,13.11
2025-01-10 22:00:00,mac-waste-scenario,Project Vega,ram,64,8.94,GB,13.97
2025-01-10 23:00:00,mac-waste-scenario,Project Vega,ram,64,8.55,GB,13.36
2025-01-11 00:00:00,mac-waste-scenario,Project Vega,ram,64,8.09,GB,12.64
2025-01-11 01:00:00,mac-waste-scenario,Project Vega,ram,64,10.55,GB,16.48
2025-01-11 02:00:00,mac-waste-scenario,Project Vega,ram,64,9.29,GB,14.52
2025-01-11 03:00:00,mac-waste-scenario,Project Vega,ram,64,10.09,GB,15.77
2025-01-11 04:00:00,mac-waste-scenario,Project Vega,ram,64,9.05,GB,14.14
2025-01-11 05:00:00,mac-waste-scenario,Project Vega,ram,64,9.99,GB,15.61
2025-01-11 06:00:00,mac-waste-scenario,Project Vega,ram,64,8.64,GB,13.5
2025-01-11 07:00:00,mac-waste-scenario,Project Vega,ram,64,9.57,GB,14.95
2025-01-11 08:00:00,mac-waste-scenario,Project Vega,ram,64,10.34,GB,16.16
2025-01-11 09:00:00,mac-waste-scenario,Project Vega,ram,64,9.66,GB,15.09
2025-01-11 10:00:00,mac-waste-scenario,Project Vega,ram,64,9.01,GB,14.09
2025-01-11 11:00:00,mac-waste-scenario,Project Vega,ram,64,8.21,GB,12.83
2025-01-11 12:00:00,mac-waste-scenario,Project Vega,ram,64,9.81,GB,15.34
2025-01-11 13:00:00,mac-waste-scenario,Project Vega,ram,64,10.04,GB,15.69
2025-01-11 14:00:00,mac-waste-scenario,Project Vega,ram,64,9.27,GB,14.48
2025-01-11 15:00:00,mac-waste-scenario,Project Vega,ram,64,8.62,GB,13.46
2025-01-11 16:00:00,mac-waste-scenario,Project Vega,ram,64,10.29,GB,16.09
2025-01-11 17:00:00,mac-waste-scenario,Project Vega,ram,64,12.78,GB,19.96
2025-01-11 18:00:00,mac-waste-scenario,Project Vega,ram,64,9.21,GB,14.4
2025-01-11 19:00:00,mac-waste-scenario,Project Vega,ram,64,10.03,GB,15.67
2025-01-11 20:00:00,mac-waste-scenario,Project Vega,ram,64,10.08,GB,15.75
2025-01-11 21:00:00,mac-waste-scenario,Project Vega,ram,64,6.31,GB,9.87
2025-01-11 22:00:00,mac-waste-scenario,Project Vega,ram,64,9.76,GB,15.25
2025-01-11 23:00:00,mac-waste-scenario,Project Vega,ram,64,8.7,GB,13.59
2025-01-12 00:00:00,mac-waste-scenario,Project Vega,ram,64,11.37,GB,17.77
2025-01-12 01:00:00,mac-waste-scenario,Project Vega,ram,64,9.27,GB,14.49
2025-01-12 02:00:00,mac-waste-scenario,Project Vega,ram,64,8.6,GB,13.44
2025-01-12 03:00:00,mac-waste-scenario,Project Vega,ram,64,9.32,GB,14.56
2025-01-12 04:00:00,mac-waste-scenario,Project Vega,ram,64,9.81,GB,15.33
2025-01-12 05:00:00,mac-waste-scenario,Project Vega,ram,64,8.88,GB,13.88
2025-01-12 06:00:00,mac-waste-scenario,Project Vega,ram,64,9.53,GB,14.89
2025-01-12 07:00:00,mac-waste-scenario,Project Vega,ram,64,7.87,GB,12.29
2025-01-12 08:00:00,mac-waste-scenario,Project Vega,ram,64,9.31,GB,14.55
2025-01-12 09:00:00,mac-waste-scenario,Project Vega,ram,64,10.59,GB,16.55
2025-01-12 10:00:00,mac-waste-scenario,Project Vega,ram,64,12.12,GB,18.94
2025-01-12 11:00:00,mac-waste-scenario,Project Vega,ram,64,10.5,GB,16.41
2025-01-12 12:00:00,mac-waste-scenario,Project Vega,ram,64,9.95,GB,15.54
2025-01-12 13:00:00,mac-waste-scenario,Project Vega,ram,64,11.12,GB,17.37
2025-01-12 14:00:00,mac-waste-scenario,Project Vega,ram,64,10.9,GB,17.04
2025-01-12 15:00:00,mac-waste-scenario,Project Vega,ram,64,11.73,GB,18.33
2025-01-12 16:00:00,mac-waste-scenario,Project Vega,ram,64,10.99,GB,17.17
2025-01-12 17:00:00,mac-waste-scenario,Project Vega,ram,64,9.45,GB,14.76
2025-01-12 18:00:00,mac-waste-scenario,Project Vega,ram,64,9.93,GB,15.52
2025-01-12 19:00:00,mac-waste-scenario,Project Vega,ram,64,9.83,GB,15.36
2025-01-12 20:00:00,mac-waste-scenario,Project Vega,ram,64,9.99,GB,15.6
2025-01-12 21:00:00,mac-waste-scenario,Project Vega,ram,64,9.86,GB,15.4
2025-01-12 22:00:00,mac-waste-scenario,Project Vega,ram,64,8.6,GB,13.44
2025-01-12 23:00:00,mac-waste-scenario,Project Vega,ram,64,6.91,GB,10.79
2025-01-13 00:00:00,mac-waste-scenario,Project Vega,ram,64,8.74,GB,13.66
2025-01-13 01:00:00,mac-waste-scenario,Project Vega,ram,64,7.01,GB,10.95
2025-01-13 02:00:00,mac-waste-scenario,Project Vega,ram,64,9.69,GB,15.14
2025-01-13 03:00:00,mac-waste-scenario,Project Vega,ram,64,9.61,GB,15.01
2025-01-13 04:00:00,mac-waste-scenario,Project Vega,ram,64,7.46,GB,11.65
2025-01-13 05:00:00,mac-waste-scenario,Project Vega,ram,64,10.48,GB,16.38
2025-01-13 06:00:00,mac-waste-scenario,Project Vega,ram,64,10.71,GB,16.73
2025-01-13 07:00:00,mac-waste-scenario,Project Vega,ram,64,9.72,GB,15.19
2025-01-13 08:00:00,mac-waste-scenario,Project Vega,ram,64,11.73,GB,18.34
2025-01-13 09:00:00,mac-waste-scenario,Project Vega,ram,64,12.0,GB,18.74
2025-01-13 10:00:00,mac-waste-scenario,Project Vega,ram,64,8.06,GB,12.59
2025-01-13 11:00:00,mac-waste-scenario,Project Vega,ram,64,10.93,GB,17.07
2025-01-13 12:00:00,mac-waste-scenario,Project Vega,ram,64,10.16,GB,15.88
2025-01-13 13:00:00,mac-waste-scenario,Project Vega,ram,64,10.14,GB,15.84
2025-01-13 14:00:00,mac-waste-scenario,Project Vega,ram,64,10.8,GB,16.87
2025-01-13 15:00:00,mac-waste-scenario,Project Vega,ram,64,8.68,GB,13.56
2025-01-13 16:00:00,mac-waste-scenario,Project Vega,ram,64,8.84,GB,13.82
2025-01-13 17:00:00,mac-waste-scenario,Project Vega,ram,64,8.54,GB,13.35
2025-01-13 18:00:00,mac-waste-scenario,Project Vega,ram,64,8.63,GB,13.49
2025-01-13 19:00:00,mac-waste-scenario,Project Vega,ram,64,9.47,GB,14.8
2025-01-13 20:00:00,mac-waste-scenario,Project Vega,ram,64,7.74,GB,12.1
2025-01-13 21:00:00,mac-waste-scenario,Project Vega,ram,64,8.26,GB,12.91
2025-01-13 22:00:00,mac-waste-scenario,Project Vega,ram,64,10.34,GB,16.16
2025-01-13 23:00:00,mac-waste-scenario,Project Vega,ram,64,9.51,GB,14.86
2025-01-14 00:00:00,mac-waste-scenario,Project Vega,ram,64,10.09,GB,15.77
2025-01-14 01:00:00,mac-waste-scenario,Project Vega,ram,64,7.18,GB,11.22
2025-01-14 02:00:00,mac-waste-scenario,Project Vega,ram,64,8.6,GB,13.43
2025-01-14 03:00:00,mac-waste-scenario,Project Vega,ram,64,8.89,GB,13.89
2025-01-14 04:00:00,mac-waste-scenario,Project Vega,ram,64,9.64,GB,15.07
2025-01-14 05:00:00,mac-waste-scenario,Project Vega,ram,64,8.85,GB,13.83
2025-01-14 06:00:00,mac-waste-scenario,Project Vega,ram,64,10.79,GB,16.87
2025-01-14 07:00:00,mac-waste-scenario,Project Vega,ram,64,9.53,GB,14.88
2025-01-14 08:00:00,mac-waste-scenario,Project Vega,ram,64,9.62,GB,15.03
2025-01-14 09:00:00,mac-waste-scenario,Project Vega,ram,64,9.62,GB,15.03
2025-01-14 10:00:00,mac-waste-scenario,Project Vega,ram,64,10.51,GB,16.42
2025-01-14 11:00:00,mac-waste-scenario,Project Vega,ram,64,9.0,GB,14.06
2025-01-14 12:00:00,mac-waste-scenario,Project Vega,ram,64,11.04,GB,17.24
2025-01-14 13:00:00,mac-waste-scenario,Project Vega,ram,64,10.19,GB,15.92
2025-01-14 14:00:00,mac-waste-scenario,Project Vega,ram,64,9.8,GB,15.31
2025-01-14 15:00:00,mac-waste-scenario,Project Vega,ram,64,9.65,GB,15.08
2025-01-14 16:00:00,mac-waste-scenario,Project Vega,ram,64,10.27,GB,16.04
2025-01-14 17:00:00,mac-waste-scenario,Project Vega,ram,64,10.9,GB,17.03
2025-01-14 18:00:00,mac-waste-scenario,Project Vega,ram,64,10.81,GB,16.89
2025-01-14 19:00:00,mac-waste-scenario,Project Vega,ram,64,10.08,GB,15.75
2025-01-14 20:00:00,mac-waste-scenario,Project Vega,ram,64,10.72,GB,16.75
2025-01-14 21:00:00,mac-waste-scenario,Project Vega,ram,64,9.75,GB,15.24
2025-01-14 22:00:00,mac-waste-scenario,Project Vega,ram,64,11.2,GB,17.5
2025-01-14 23:00:00,mac-waste-scenario,Project Vega,ram,64,9.57,GB,14.95
2025-01-15 00:00:00,mac-waste-scenario,Project Vega,ram,64,6.94,GB,10.85
2025-01-15 01:00:00,mac-waste-scenario,Project Vega,ram,64,11.31,GB,17.68
2025-01-15 02:00:00,mac-waste-scenario,Project Vega,ram,64,9.74,GB,15.22
2025-01-15 03:00:00,mac-waste-scenario,Project Vega,ram,64,8.1,GB,12.66
2025-01-15 04:00:00,mac-waste-scenario,Project Vega,ram,64,9.35,GB,14.6
2025-01-15 05:00:00,mac-waste-scenario,Project Vega,ram,64,8.47,GB,13.23
2025-01-15 06:00:00,mac-waste-scenario,Project Vega,ram,64,12.29,GB,19.2
2025-01-15 07:00:00,mac-waste-scenario,Project Vega,ram,64,10.24,GB,16.0
2025-01-15 08:00:00,mac-waste-scenario,Project Vega,ram,64,7.59,GB,11.86
2025-01-15 09:00:00,mac-waste-scenario,Project Vega,ram,64,10.3,GB,16.09
2025-01-15 10:00:00,mac-waste-scenario,Project Vega,ram,64,9.09,GB,14.2
2025-01-15 11:00:00,mac-waste-scenario,Project Vega,ram,64,12.05,GB,18.83
2025-01-15 12:00:00,mac-waste-scenario,Project Vega,ram,64,8.25,GB,12.89
2025-01-15 13:00:00,mac-waste-scenario,Project Vega,ram,64,6.72,GB,10.51
2025-01-15 14:00:00,mac-waste-scenario,Project Vega,ram,64,9.68,GB,15.13
2025-01-15 15:00:00,mac-waste-scenario,Project Vega,ram,64,9.15,GB,14.3
2025-01-15 16:00:00,mac-waste-scenario,Project Vega,ram,64,9.07,GB,14.17
2025-01-15 17:00:00,mac-waste-scenario,Project Vega,ram,64,6.86,GB,10.72
2025-01-15 18:00:00,mac-waste-scenario,Project Vega,ram,64,10.15,GB,15.85
2025-01-15 19:00:00,mac-waste-scenario,Project Vega,ram,64,11.74,GB,18.35
2025-01-15 20:00:00,mac-waste-scenario,Project Vega,ram,64,7.16,GB,11.18
2025-01-15 21:00:00,mac-waste-scenario,Project Vega,ram,64,11.1,GB,17.34
2025-01-15 22:00:00,mac-waste-scenario,Project Vega,ram,64,8.87,GB,13.86
2025-01-15 23:00:00,mac-waste-scenario,Project Vega,ram,64,12.61,GB,19.7
2025-01-16 00:00:00,mac-waste-scenario,Project Vega,ram,64,10.16,GB,15.87
2025-01-16 01:00:00,mac-waste-scenario,Project Vega,ram,64,9.36,GB,14.62
2025-01-16 02:00:00,mac-waste-scenario,Project Vega,ram,64,11.01,GB,17.21
2025-01-16 03:00:00,mac-waste-scenario,Project Vega,ram,64,10.27,GB,16.05
2025-01-16 04:00:00,mac-waste-scenario,Project Vega,ram,64,8.84,GB,13.82
2025-01-16 05:00:00,mac-waste-scenario,Project Vega,ram,64,10.51,GB,16.42
2025-01-16 06:00:00,mac-waste-scenario,Project Vega,ram,64,8.95,GB,13.98
2025-01-16 07:00:00,mac-waste-scenario,Project Vega,ram,64,7.31,GB,11.42
2025-01-16 08:00:00,mac-waste-scenario,Project Vega,ram,64,12.2,GB,19.06
2025-01-16 09:00:00,mac-waste-scenario,Project Vega,ram,64,9.15,GB,14.3
2025-01-16 10:00:00,mac-waste-scenario,Project Vega,ram,64,8.82,GB,13.78
2025-01-16 11:00:00,mac-waste-scenario,Project Vega,ram,64,10.03,GB,15.68
2025-01-16 12:00:00,mac-waste-scenario,Project Vega,ram,64,7.6,GB,11.88
2025-01-16 13:00:00,mac-waste-scenario,Project Vega,ram,64,7.87,GB,12.29
2025-01-16 14:00:00,mac-waste-scenario,Project Vega,ram,64,8.96,GB,14.0
2025-01-16 15:00:00,mac-waste-scenario,Project Vega,ram,64,8.93,GB,13.96
2025-01-16 16:00:00,mac-waste-scenario,Project Vega,ram,64,9.69,GB,15.14
2025-01-16 17:00:00,mac-waste-scenario,Project Vega,ram,64,11.04,GB,17.25
2025-01-16 18:00:00,mac-waste-scenario,Project Vega,ram,64,8.99,GB,14.05
2025-01-16 19:00:00,mac-waste-scenario,Project Vega,ram,64,10.23,GB,15.99
2025-01-16 20:00:00,mac-waste-scenario,Project Vega,ram,64,10.37,GB,16.2
2025-01-16 21:00:00,mac-waste-scenario,Project Vega,ram,64,8.21,GB,12.83
2025-01-16 22:00:00,mac-waste-scenario,Project Vega,ram,64,9.89,GB,15.46
2025-01-16 23:00:00,mac-waste-scenario,Project Vega,ram,64,8.39,GB,13.11
2025-01-17 00:00:00,mac-waste-scenario,Project Vega,ram,64,10.96,GB,17.13
2025-01-17 01:00:00,mac-waste-scenario,Project Vega,ram,64,10.18,GB,15.91
2025-01-17 02:00:00,mac-waste-scenario,Project Vega,ram,64,9.62,GB,15.03
2025-01-17 03:00:00,mac-waste-scenario,Project Vega,ram,64,7.89,GB,12.32
2025-01-17 04:00:00,mac-waste-scenario,Project Vega,ram,64,9.75,GB,15.23
2025-01-17 05:00:00,mac-waste-scenario,Project Vega,ram,64,8.62,GB,13.47
2025-01-17 06:00:00,mac-waste-scenario,Project Vega,ram,64,10.5,GB,16.41
2025-01-17 07:00:00,mac-waste-scenario,Project Vega,ram,64,9.45,GB,14.76
2025-01-17 08:00:00,mac-waste-scenario,Project Vega,ram,64,8.56,GB,13.38
2025-01-17 09:00:00,mac-waste-scenario,Project Vega,ram,64,10.78,GB,16.85
2025-01-17 10:00:00,mac-waste-scenario,Project Vega,ram,64,10.52,GB,16.44
2025-01-17 11:00:00,mac-waste-scenario,Project Vega,ram,64,8.84,GB,13.81
2025-01-17 12:00:00,mac-waste-scenario,Project Vega,ram,64,11.09,GB,17.32
2025-01-17 13:00:00,mac-waste-scenario,Project Vega,ram,64,9.22,GB,14.4
2025-01-17 14:00:00,mac-waste-scenario,Project Vega,ram,64,9.2,GB,14.38
2025-01-17 15:00:00,mac-waste-scenario,Project Vega,ram,64,9.76,GB,15.25
2025-01-17 16:00:00,mac-waste-scenario,Project Vega,ram,64,8.64,GB,13.49
2025-01-17 17:00:00,mac-waste-scenario,Project Vega,ram,64,9.03,GB,14.12
2025-01-17 18:00:00,mac-waste-scenario,Project Vega,ram,64,9.39,GB,14.68
2025-01-17 19:00:00,mac-waste-scenario,Project Vega,ram,64,11.56,GB,18.06
2025-01-17 20:00:00,mac-waste-scenario,Project Vega,ram,64,11.52,GB,18.0
2025-01-17 21:00:00,mac-waste-scenario,Project Vega,ram,64,9.27,GB,14.48
2025-01-17 22:00:00,mac-waste-scenario,Project Vega,ram,64,11.66,GB,18.22
2025-01-17 23:00:00,mac-waste-scenario,Project Vega,ram,64,9.54,GB,14.91
2025-01-18 00:00:00,mac-waste-scenario,Project Vega,ram,64,10.09,GB,15.76
2025-01-18 01:00:00,mac-waste-scenario,Project Vega,ram,64,10.73,GB,16.77
2025-01-18 02:00:00,mac-waste-scenario,Project Vega,ram,64,9.97,GB,15.58
2025-01-18 03:00:00,mac-waste-scenario,Project Vega,ram,64,12.69,GB,19.83
2025-01-18 04:00:00,mac-waste-scenario,Project Vega,ram,64,9.91,GB,15.49
2025-01-18 05:00:00,mac-waste-scenario,Project Vega,ram,64,8.07,GB,12.6
2025-01-18 06:00:00,mac-waste-scenario,Project Vega,ram,64,11.27,GB,17.61
2025-01-18 07:00:00,mac-waste-scenario,Project Vega,ram,64,9.07,GB,14.18
2025-01-18 08:00:00,mac-waste-scenario,Project Vega,ram,64,9.21,GB,14.39
2025-01-18 09:00:00,mac-waste-scenario,Project Vega,ram,64,5.77,GB,9.02
2025-01-18 10:00:00,mac-waste-scenario,Project Vega,ram,64,10.88,GB,17.0
2025-01-18 11:00:00,mac-waste-scenario,Project Vega,ram,64,10.65,GB,16.64
2025-01-18 12:00:00,mac-waste-scenario,Project Vega,ram,64,10.62,GB,16.6
2025-01-18 13:00:00,mac-waste-scenario,Project Vega,ram,64,10.85,GB,16.96
2025-01-18 14:00:00,mac-waste-scenario,Project Vega,ram,64,11.76,GB,18.38
2025-01-18 15:00:00,mac-waste-scenario,Project Vega,ram,64,9.54,GB,14.91
2025-01-18 16:00:00,mac-waste-scenario,Project Vega,ram,64,10.8,GB,16.88
2025-01-18 17:00:00,mac-waste-scenario,Project Vega,ram,64,8.65,GB,13.51
2025-01-18 18:00:00,mac-waste-scenario,Project Vega,ram,64,9.15,GB,14.29
2025-01-18 19:00:00,mac-waste-scenario,Project Vega,ram,64,10.95,GB,17.11
2025-01-18 20:00:00,mac-waste-scenario,Project Vega,ram,64,10.1,GB,15.78
2025-01-18 21:00:00,mac-waste-scenario,Project Vega,ram,64,7.89,GB,12.33
2025-01-18 22:00:00,mac-waste-scenario,Project Vega,ram,64,10.06,GB,15.72
2025-01-18 23:00:00,mac-waste-scenario,Project Vega,ram,64,9.37,GB,14.63
2025-01-19 00:00:00,mac-waste-scenario,Project Vega,ram,64,8.55,GB,13.36
2025-01-19 01:00:00,mac-waste-scenario,Project Vega,ram,64,10.16,GB,15.87
2025-01-19 02:00:00,mac-waste-scenario,Project Vega,ram,64,9.08,GB,14.19
2025-01-19 03:00:00,mac-waste-scenario,Project Vega,ram,64,7.59,GB,11.86
2025-01-19 04:00:00,mac-waste-scenario,Project Vega,ram,64,8.18,GB,12.78
2025-01-19 05:00:00,mac-waste-scenario,Project Vega,ram,64,11.86,GB,18.54
2025-01-19 06:00:00,mac-waste-scenario,Project Vega,ram,64,7.66,GB,11.97
2025-01-19 07:00:00,mac-waste-scenario,Project Vega,ram,64,9.89,GB,15.45
2025-01-19 08:00:00,mac-waste-scenario,Project Vega,ram,64,10.38,GB,16.22
2025-01-19 09:00:00,mac-waste-scenario,Project Vega,ram,64,10.42,GB,16.28
2025-01-19 10:00:00,mac-waste-scenario,Project Vega,ram,64,8.03,GB,12.55
2025-01-19 11:00:00,mac-waste-scenario,Project Vega,ram,64,9.19,GB,14.36
2025-01-19 12:00:00,mac-waste-scenario,Project Vega,ram,64,9.78,GB,15.28
2025-01-19 13:00:00,mac-waste-scenario,Project Vega,ram,64,10.62,GB,16.6
2025-01-19 14:00:00,mac-waste-scenario,Project Vega,ram,64,8.77,GB,13.71
2025-01-19 15:00:00,mac-waste-scenario,Project Vega,ram,64,8.11,GB,12.67
2025-01-19 16:00:00,mac-waste-scenario,Project Vega,ram,64,10.88,GB,17.01
2025-01-19 17:00:00,mac-waste-scenario,Project Vega,ram,64,11.01,GB,17.21
2025-01-19 18:00:00,mac-waste-scenario,Project Vega,ram,64,10.07,GB,15.74
2025-01-19 19:00:00,mac-waste-scenario,Project Vega,ram,64,8.82,GB,13.78
2025-01-19 20:00:00,mac-waste-scenario,Project Vega,ram,64,10.12,GB,15.81
2025-01-19 21:00:00,mac-waste-scenario,Project Vega,ram,64,9.74,GB,15.22
2025-01-19 22:00:00,mac-waste-scenario,Project Vega,ram,64,10.67,GB,16.68
2025-01-19 23:00:00,mac-waste-scenario,Project Vega,ram,64,8.0,GB,12.5
2025-01-20 00:00:00,mac-waste-scenario,Project Vega,ram,64,9.75,GB,15.23
2025-01-20 01:00:00,mac-waste-scenario,Project Vega,ram,64,9.4,GB,14.68
2025-01-20 02:00:00,mac-waste-scenario,Project Vega,ram,64,8.18,GB,12.78
2025-01-20 03:00:00,mac-waste-scenario,Project Vega,ram,64,9.88,GB,15.43
2025-01-20 04:00:00,mac-waste-scenario,Project Vega,ram,64,9.64,GB,15.07
2025-01-20 05:00:00,mac-waste-scenario,Project Vega,ram,64,9.07,GB,14.18
2025-01-20 06:00:00,mac-waste-scenario,Project Vega,ram,64,10.11,GB,15.79
2025-01-20 07:00:00,mac-waste-scenario,Project Vega,ram,64,7.78,GB,12.16
2025-01-20 08:00:00,mac-waste-scenario,Project Vega,ram,64,9.53,GB,14.89
2025-01-20 09:00:00,mac-waste-scenario,Project Vega,ram,64,10.15,GB,15.86
2025-01-20 10:00:00,mac-waste-scenario,Project Vega,ram,64,9.96,GB,15.57
2025-01-20 11:00:00,mac-waste-scenario,Project Vega,ram,64,10.98,GB,17.15
2025-01-20 12:00:00,mac-waste-scenario,Project Vega,ram,64,8.06,GB,12.6
2025-01-20 13:00:00,mac-waste-scenario,Project Vega,ram,64,7.67,GB,11.98
2025-01-20 14:00:00,mac-waste-scenario,Project Vega,ram,64,9.91,GB,15.48
2025-01-20 15:00:00,mac-waste-scenario,Project Vega,ram,64,10.18,GB,15.91
2025-01-20 16:00:00,mac-waste-scenario,Project Vega,ram,64,12.31,GB,19.24
2025-01-20 17:00:00,mac-waste-scenario,Project Vega,ram,64,10.39,GB,16.23
2025-01-20 18:00:00,mac-waste-scenario,Project Vega,ram,64,8.48,GB,13.25
2025-01-20 19:00:00,mac-waste-scenario,Project Vega,ram,64,10.63,GB,16.61
2025-01-20 20:00:00,mac-waste-scenario,Project Vega,ram,64,8.52,GB,13.31
2025-01-20 21:00:00,mac-waste-scenario,Project Vega,ram,64,7.7,GB,12.03
2025-01-20 22:00:00,mac-waste-scenario,Project Vega,ram,64,12.94,GB,20.22
2025-01-20 23:00:00,mac-waste-scenario,Project Vega,ram,64,10.02,GB,15.65
2025-01-21 00:00:00,mac-waste-scenario,Project Vega,ram,64,10.52,GB,16.43
2025-01-21 01:00:00,mac-waste-scenario,Project Vega,ram,64,10.32,GB,16.13
2025-01-21 02:00:00,mac-waste-scenario,Project Vega,ram,64,11.92,GB,18.62
2025-01-21 03:00:00,mac-waste-scenario,Project Vega,ram,64,9.96,GB,15.57
2025-01-21 04:00:00,mac-waste-scenario,Project Vega,ram,64,11.16,GB,17.44
2025-01-21 05:00:00,mac-waste-scenario,Project Vega,ram,64,8.29,GB,12.95
2025-01-21 06:00:00,mac-waste-scenario,Project Vega,ram,64,7.82,GB,12.22
2025-01-21 07:00:00,mac-waste-scenario,Project Vega,ram,64,11.43,GB,17.85
2025-01-21 08:00:00,mac-waste-scenario,Project Vega,ram,64,11.49,GB,17.95
2025-01-21 09:00:00,mac-waste-scenario,Project Vega,ram,64,10.25,GB,16.02
2025-01-21 10:00:00,mac-waste-scenario,Project Vega,ram,64,9.89,GB,15.45
2025-01-21 11:00:00,mac-waste-scenario,Project Vega,ram,64,9.81,GB,15.33
2025-01-21 12:00:00,mac-waste-scenario,Project Vega,ram,64,8.72,GB,13.62
2025-01-21 13:00:00,mac-waste-scenario,Project Vega,ram,64,11.57,GB,18.08
2025-01-21 14:00:00,mac-waste-scenario,Project Vega,ram,64,10.44,GB,16.32
2025-01-21 15:00:00,mac-waste-scenario,Project Vega,ram,64,10.25,GB,16.01
2025-01-21 16:00:00,mac-waste-scenario,Project Vega,ram,64,10.08,GB,15.75
2025-01-21 17:00:00,mac-waste-scenario,Project Vega,ram,64,10.94,GB,17.1
2025-01-21 18:00:00,mac-waste-scenario,Project Vega,ram,64,10.25,GB,16.01
2025-01-21 19:00:00,mac-waste-scenario,Project Vega,ram,64,10.55,GB,16.49
2025-01-21 20:00:00,mac-waste-scenario,Project Vega,ram,64,8.1,GB,12.66
2025-01-21 21:00:00,mac-waste-scenario,Project Vega,ram,64,10.25,GB,16.02
2025-01-21 22:00:00,mac-waste-scenario,Project Vega,ram,64,12.4,GB,19.37
2025-01-21 23:00:00,mac-waste-scenario,Project Vega,ram,64,8.94,GB,13.96
2025-01-22 00:00:00,mac-waste-scenario,Project Vega,ram,64,9.44,GB,14.74
2025-01-22 01:00:00,mac-waste-scenario,Project Vega,ram,64,10.74,GB,16.78
2025-01-22 02:00:00,mac-waste-scenario,Project Vega,ram,64,10.83,GB,16.91
2025-01-22 03:00:00,mac-waste-scenario,Project Vega,ram,64,10.4,GB,16.25
2025-01-22 04:00:00,mac-waste-scenario,Project Vega,ram,64,7.53,GB,11.76
2025-01-22 05:00:00,mac-waste-scenario,Project Vega,ram,64,10.24,GB,16.0
2025-01-22 06:00:00,mac-waste-scenario,Project Vega,ram,64,8.08,GB,12.63
2025-01-22 07:00:00,mac-waste-scenario,Project Vega,ram,64,8.54,GB,13.35
2025-01-22 08:00:00,mac-waste-scenario,Project Vega,ram,64,10.3,GB,16.1
2025-01-22 09:00:00,mac-waste-scenario,Project Vega,ram,64,9.22,GB,14.41
2025-01-22 10:00:00,mac-waste-scenario,Project Vega,ram,64,10.64,GB,16.62
2025-01-22 11:00:00,mac-waste-scenario,Project Vega,ram,64,13.63,GB,21.3
2025-01-22 12:00:00,mac-waste-scenario,Project Vega,ram,64,10.59,GB,16.55
2025-01-22 13:00:00,mac-waste-scenario,Project Vega,ram,64,10.53,GB,16.45
2025-01-22 14:00:00,mac-waste-scenario,Project Vega,ram,64,8.45,GB,13.21
2025-01-22 15:00:00,mac-waste-scenario,Project Vega,ram,64,8.78,GB,13.71
2025-01-22 16:00:00,mac-waste-scenario,Project Vega,ram,64,8.24,GB,12.87
2025-01-22 17:00:00,mac-waste-scenario,Project Vega,ram,64,8.92,GB,13.93
2025-01-22 18:00:00,mac-waste-scenario,Project Vega,ram,64,8.2,GB,12.82
2025-01-22 19:00:00,mac-waste-scenario,Project Vega,ram,64,8.76,GB,13.68
2025-01-22 20:00:00,mac-waste-scenario,Project Vega,ram,64,9.33,GB,14.58
2025-01-22 21:00:00,mac-waste-scenario,Project Vega,ram,64,8.32,GB,13.0
2025-01-22 22:00:00,mac-waste-scenario,Project Vega,ram,64,7.78,GB,12.16
2025-01-22 23:00:00,mac-waste-scenario,Project Vega,ram,64,7.86,GB,12.28
2025-01-23 00:00:00,mac-waste-scenario,Project Vega,ram,64,10.18,GB,15.91
2025-01-23 01:00:00,mac-waste-scenario,Project Vega,ram,64,9.68,GB,15.12
2025-01-23 02:00:00,mac-waste-scenario,Project Vega,ram,64,10.91,GB,17.05
2025-01-23 03:00:00,mac-waste-scenario,Project Vega,ram,64,10.94,GB,17.09
2025-01-23 04:00:00,mac-waste-scenario,Project Vega,ram,64,9.16,GB,14.32
2025-01-23 05:00:00,mac-waste-scenario,Project Vega,ram,64,10.46,GB,16.34
2025-01-23 06:00:00,mac-waste-scenario,Project Vega,ram,64,7.76,GB,12.12
2025-01-23 07:00:00,mac-waste-scenario,Project Vega,ram,64,12.52,GB,19.57
2025-01-23 08:00:00,mac-waste-scenario,Project Vega,ram,64,11.13,GB,17.39
2025-01-23 09:00:00,mac-waste-scenario,Project Vega,ram,64,9.32,GB,14.57
2025-01-23 10:00:00,mac-waste-scenario,Project Vega,ram,64,8.11,GB,12.67
2025-01-23 11:00:00,mac-waste-scenario,Project Vega,ram,64,10.09,GB,15.76
2025-01-23 12:00:00,mac-waste-scenario,Project Vega,ram,64,7.21,GB,11.26
2025-01-23 13:00:00,mac-waste-scenario,Project Vega,ram,64,8.6,GB,13.44
2025-01-23 14:00:00,mac-waste-scenario,Project Vega,ram,64,10.56,GB,16.5
2025-01-23 15:00:00,mac-waste-scenario,Project Vega,ram,64,9.7,GB,15.15
2025-01-23 16:00:00,mac-waste-scenario,Project Vega,ram,64,8.97,GB,14.02
2025-01-23 17:00:00,mac-waste-scenario,Project Vega,ram,64,10.82,GB,16.9
2025-01-23 18:00:00,mac-waste-scenario,Project Vega,ram,64,8.27,GB,12.92
2025-01-23 19:00:00,mac-waste-scenario,Project Vega,ram,64,9.96,GB,15.57
2025-01-23 20:00:00,mac-waste-scenario,Project Vega,ram,64,8.96,GB,14.0
2025-01-23 21:00:00,mac-waste-scenario,Project Vega,ram,64,8.52,GB,13.31
2025-01-23 22:00:00,mac-waste-scenario,Project Vega,ram,64,10.19,GB,15.93
2025-01-23 23:00:00,mac-waste-scenario,Project Vega,ram,64,8.33,GB,13.01
2025-01-24 00:00:00,mac-waste-scenario,Project Vega,ram,64,12.03,GB,18.8
2025-01-24 01:00:00,mac-waste-scenario,Project Vega,ram,64,8.85,GB,13.83
2025-01-24 02:00:00,mac-waste-scenario,Project Vega,ram,64,12.15,GB,18.98
2025-01-24 03:00:00,mac-waste-scenario,Project Vega,ram,64,8.2,GB,12.81
2025-01-24 04:00:00,mac-waste-scenario,Project Vega,ram,64,10.38,GB,16.21
2025-01-24 05:00:00,mac-waste-scenario,Project Vega,ram,64,8.06,GB,12.6
2025-01-24 06:00:00,mac-waste-scenario,Project Vega,ram,64,7.88,GB,12.32
2025-01-24 07:00:00,mac-waste-scenario,Project Vega,ram,64,9.8,GB,15.32
2025-01-24 08:00:00,mac-waste-scenario,Project Vega,ram,64,10.47,GB,16.36
2025-01-24 09:00:00,mac-waste-scenario,Project Vega,ram,64,7.97,GB,12.45
2025-01-24 10:00:00,mac-waste-scenario,Project Vega,ram,64,11.12,GB,17.37
2025-01-24 11:00:00,mac-waste-scenario,Project Vega,ram,64,8.58,GB,13.4
2025-01-24 12:00:00,mac-waste-scenario,Project Vega,ram,64,9.77,GB,15.26
2025-01-24 13:00:00,mac-waste-scenario,Project Vega,ram,64,10.09,GB,15.76
2025-01-24 14:00:00,mac-waste-scenario,Project Vega,ram,64,10.36,GB,16.19
2025-01-24 15:00:00,mac-waste-scenario,Project Vega,ram,64,7.3,GB,11.4
2025-01-24 16:00:00,mac-waste-scenario,Project Vega,ram,64,11.67,GB,18.24
2025-01-24 17:00:00,mac-waste-scenario,Project Vega,ram,64,10.32,GB,16.12
2025-01-24 18:00:00,mac-waste-scenario,Project Vega,ram,64,9.06,GB,14.15
2025-01-24 19:00:00,mac-waste-scenario,Project Vega,ram,64,8.29,GB,12.95
2025-01-24 20:00:00,mac-waste-scenario,Project Vega,ram,64,7.43,GB,11.61
2025-01-24 21:00:00,mac-waste-scenario,Project Vega,ram,64,7.86,GB,12.28
2025-01-24 22:00:00,mac-waste-scenario,Project Vega,ram,64,10.3,GB,16.09
2025-01-24 23:00:00,mac-waste-scenario,Project Vega,ram,64,9.16,GB,14.32
2025-01-25 00:00:00,mac-waste-scenario,Project Vega,ram,64,8.15,GB,12.74
2025-01-25 01:00:00,mac-waste-scenario,Project Vega,ram,64,8.93,GB,13.95
2025-01-25 02:00:00,mac-waste-scenario,Project Vega,ram,64,11.6,GB,18.13
2025-01-25 03:00:00,mac-waste-scenario,Project Vega,ram,64,9.18,GB,14.34
2025-01-25 04:00:00,mac-waste-scenario,Project Vega,ram,64,8.85,GB,13.83
2025-01-25 05:00:00,mac-waste-scenario,Project Vega,ram,64,11.33,GB,17.7
2025-01-25 06:00:00,mac-waste-scenario,Project Vega,ram,64,10.19,GB,15.92
2025-01-25 07:00:00,mac-waste-scenario,Project Vega,ram,64,9.66,GB,15.09
2025-01-25 08:00:00,mac-waste-scenario,Project Vega,ram,64,8.82,GB,13.78
2025-01-25 09:00:00,mac-waste-scenario,Project Vega,ram,64,7.61,GB,11.9
2025-01-25 10:00:00,mac-waste-scenario,Project Vega,ram,64,8.1,GB,12.66
2025-01-25 11:00:00,mac-waste-scenario,Project Vega,ram,64,8.99,GB,14.04
2025-01-25 12:00:00,mac-waste-scenario,Project Vega,ram,64,9.32,GB,14.56
2025-01-25 13:00:00,mac-waste-scenario,Project Vega,ram,64,10.06,GB,15.71
2025-01-25 14:00:00,mac-waste-scenario,Project Vega,ram,64,10.31,GB,16.1
2025-01-25 15:00:00,mac-waste-scenario,Project Vega,ram,64,9.89,GB,15.45
2025-01-25 16:00:00,mac-waste-scenario,Project Vega,ram,64,9.88,GB,15.44
2025-01-25 17:00:00,mac-waste-scenario,Project Vega,ram,64,8.31,GB,12.98
2025-01-25 18:00:00,mac-waste-scenario,Project Vega,ram,64,6.84,GB,10.69
2025-01-25 19:00:00,mac-waste-scenario,Project Vega,ram,64,8.93,GB,13.96
2025-01-25 20:00:00,mac-waste-scenario,Project Vega,ram,64,8.38,GB,13.09
2025-01-25 21:00:00,mac-waste-scenario,Project Vega,ram,64,8.76,GB,13.69
2025-01-25 22:00:00,mac-waste-scenario,Project Vega,ram,64,9.25,GB,14.45
2025-01-25 23:00:00,mac-waste-scenario,Project Vega,ram,64,8.01,GB,12.51
2025-01-26 00:00:00,mac-waste-scenario,Project Vega,ram,64,8.18,GB,12.78
2025-01-26 01:00:00,mac-waste-scenario,Project Vega,ram,64,9.47,GB,14.8
2025-01-26 02:00:00,mac-waste-scenario,Project Vega,ram,64,9.75,GB,15.23
2025-01-26 03:00:00,mac-waste-scenario,Project Vega,ram,64,8.76,GB,13.69
2025-01-26 04:00:00,mac-waste-scenario,Project Vega,ram,64,10.24,GB,16.0
2025-01-26 05:00:00,mac-waste-scenario,Project Vega,ram,64,9.32,GB,14.56
2025-01-26 06:00:00,mac-waste-scenario,Project Vega,ram,64,8.29,GB,12.96
2025-01-26 07:00:00,mac-waste-scenario,Project Vega,ram,64,9.65,GB,15.08
2025-01-26 08:00:00,mac-waste-scenario,Project Vega,ram,64,12.01,GB,18.76
2025-01-26 09:00:00,mac-waste-scenario,Project Vega,ram,64,8.74,GB,13.65
2025-01-26 10:00:00,mac-waste-scenario,Project Vega,ram,64,11.09,GB,17.33
2025-01-26 11:00:00,mac-waste-scenario,Project Vega,ram,64,11.36,GB,17.76
2025-01-26 12:00:00,mac-waste-scenario,Project Vega,ram,64,11.52,GB,18.0
2025-01-26 13:00:00,mac-waste-scenario,Project Vega,ram,64,8.55,GB,13.35
2025-01-26 14:00:00,mac-waste-scenario,Project Vega,ram,64,12.18,GB,19.03
2025-01-26 15:00:00,mac-waste-scenario,Project Vega,ram,64,9.75,GB,15.23
2025-01-26 16:00:00,mac-waste-scenario,Project Vega,ram,64,9.28,GB,14.49
2025-01-26 17:00:00,mac-waste-scenario,Project Vega,ram,64,9.31,GB,14.54
2025-01-26 18:00:00,mac-waste-scenario,Project Vega,ram,64,10.37,GB,16.2
2025-01-26 19:00:00,mac-waste-scenario,Project Vega,ram,64,9.67,GB,15.1
2025-01-26 20:00:00,mac-waste-scenario,Project Vega,ram,64,9.37,GB,14.65
2025-01-26 21:00:00,mac-waste-scenario,Project Vega,ram,64,11.24,GB,17.57
2025-01-26 22:00:00,mac-waste-scenario,Project Vega,ram,64,8.67,GB,13.55
2025-01-26 23:00:00,mac-waste-scenario,Project Vega,ram,64,8.26,GB,12.91
2025-01-27 00:00:00,mac-waste-scenario,Project Vega,ram,64,10.62,GB,16.59
2025-01-27 01:00:00,mac-waste-scenario,Project Vega,ram,64,10.5,GB,16.41
2025-01-27 02:00:00,mac-waste-scenario,Project Vega,ram,64,11.0,GB,17.19
2025-01-27 03:00:00,mac-waste-scenario,Project Vega,ram,64,8.23,GB,12.86
2025-01-27 04:00:00,mac-waste-scenario,Project Vega,ram,64,10.98,GB,17.16
2025-01-27 05:00:00,mac-waste-scenario,Project Vega,ram,64,10.22,GB,15.96
2025-01-27 06:00:00,mac-waste-scenario,Project Vega,ram,64,11.86,GB,18.53
2025-01-27 07:00:00,mac-waste-scenario,Project Vega,ram,64,8.0,GB,12.5
2025-01-27 08:00:00,mac-waste-scenario,Project Vega,ram,64,9.88,GB,15.44
2025-01-27 09:00:00,mac-waste-scenario,Project Vega,ram,64,9.24,GB,14.44
2025-01-27 10:00:00,mac-waste-scenario,Project Vega,ram,64,7.57,GB,11.82
2025-01-27 11:00:00,mac-waste-scenario,Project Vega,ram,64,8.68,GB,13.57
2025-01-27 12:00:00,mac-waste-scenario,Project Vega,ram,64,11.04,GB,17.25
2025-01-27 13:00:00,mac-waste-scenario,Project Vega,ram,64,9.0,GB,14.06
2025-01-27 14:00:00,mac-waste-scenario,Project Vega,ram,64,8.68,GB,13.55
2025-01-27 15:00:00,mac-waste-scenario,Project Vega,ram,64,10.71,GB,16.74
2025-01-27 16:00:00,mac-waste-scenario,Project Vega,ram,64,10.87,GB,16.98
2025-01-27 17:00:00,mac-waste-scenario,Project Vega,ram,64,10.86,GB,16.97
2025-01-27 18:00:00,mac-waste-scenario,Project Vega,ram,64,8.59,GB,13.42
2025-01-27 19:00:00,mac-waste-scenario,Project Vega,ram,64,9.53,GB,14.88
2025-01-27 20:00:00,mac-waste-scenario,Project Vega,ram,64,10.92,GB,17.06
2025-01-27 21:00:00,mac-waste-scenario,Project Vega,ram,64,8.76,GB,13.69
2025-01-27 22:00:00,mac-waste-scenario,Project Vega,ram,64,8.64,GB,13.5
2025-01-27 23:00:00,mac-waste-scenario,Project Vega,ram,64,10.66,GB,16.66
2025-01-28 00:00:00,mac-waste-scenario,Project Vega,ram,64,11.6,GB,18.12
2025-01-28 01:00:00,mac-waste-scenario,Project Vega,ram,64,8.13,GB,12.7
2025-01-28 02:00:00,mac-waste-scenario,Project Vega,ram,64,6.28,GB,9.8
2025-01-28 03:00:00,mac-waste-scenario,Project Vega,ram,64,7.74,GB,12.1
2025-01-28 04:00:00,mac-waste-scenario,Project Vega,ram,64,8.3,GB,12.98
2025-01-28 05:00:00,mac-waste-scenario,Project Vega,ram,64,9.42,GB,14.72
2025-01-28 06:00:00,mac-waste-scenario,Project Vega,ram,64,10.39,GB,16.23
2025-01-28 07:00:00,mac-waste-scenario,Project Vega,ram,64,9.41,GB,14.71
2025-01-28 08:00:00,mac-waste-scenario,Project Vega,ram,64,8.7,GB,13.6
2025-01-28 09:00:00,mac-waste-scenario,Project Vega,ram,64,9.8,GB,15.31
2025-01-28 10:00:00,mac-waste-scenario,Project Vega,ram,64,8.37,GB,13.08
2025-01-28 11:00:00,mac-waste-scenario,Project Vega,ram,64,9.54,GB,14.91
2025-01-28 12:00:00,mac-waste-scenario,Project Vega,ram,64,8.78,GB,13.72
2025-01-28 13:00:00,mac-waste-scenario,Project Vega,ram,64,13.03,GB,20.36
2025-01-28 14:00:00,mac-waste-scenario,Project Vega,ram,64,10.65,GB,16.63
2025-01-28 15:00:00,mac-waste-scenario,Project Vega,ram,64,8.53,GB,13.33
2025-01-28 16:00:00,mac-waste-scenario,Project Vega,ram,64,8.32,GB,13.01
2025-01-28 17:00:00,mac-waste-scenario,Project Vega,ram,64,9.04,GB,14.12
2025-01-28 18:00:00,mac-waste-scenario,Project Vega,ram,64,7.49,GB,11.71
2025-01-28 19:00:00,mac-waste-scenario,Project Vega,ram,64,8.66,GB,13.54
2025-01-28 20:00:00,mac-waste-scenario,Project Vega,ram,64,8.66,GB,13.52
2025-01-28 21:00:00,mac-waste-scenario,Project Vega,ram,64,10.73,GB,16.77
2025-01-28 22:00:00,mac-waste-scenario,Project Vega,ram,64,9.05,GB,14.15
2025-01-28 23:00:00,mac-waste-scenario,Project Vega,ram,64,8.59,GB,13.42
2025-01-29 00:00:00,mac-waste-scenario,Project Vega,ram,64,7.88,GB,12.32
2025-01-29 01:00:00,mac-waste-scenario,Project Vega,ram,64,8.09,GB,12.65
2025-01-29 02:00:00,mac-waste-scenario,Project Vega,ram,64,9.52,GB,14.87
2025-01-29 03:00:00,mac-waste-scenario,Project Vega,ram,64,9.32,GB,14.57
2025-01-29 04:00:00,mac-waste-scenario,Project Vega,ram,64,11.05,GB,17.27
2025-01-29 05:00:00,mac-waste-scenario,Project Vega,ram,64,8.79,GB,13.74
2025-01-29 06:00:00,mac-waste-scenario,Project Vega,ram,64,10.96,GB,17.12
2025-01-29 07:00:00,mac-waste-scenario,Project Vega,ram,64,9.93,GB,15.51
2025-01-29 08:00:00,mac-waste-scenario,Project Vega,ram,64,9.59,GB,14.99
2025-01-29 09:00:00,mac-waste-scenario,Project Vega,ram,64,7.03,GB,10.98
2025-01-29 10:00:00,mac-waste-scenario,Project Vega,ram,64,7.95,GB,12.42
2025-01-29 11:00:00,mac-waste-scenario,Project Vega,ram,64,10.55,GB,16.48
2025-01-29 12:00:00,mac-waste-scenario,Project Vega,ram,64,11.39,GB,17.8
2025-01-29 13:00:00,mac-waste-scenario,Project Vega,ram,64,9.86,GB,15.41
2025-01-29 14:00:00,mac-waste-scenario,Project Vega,ram,64,10.58,GB,16.53
2025-01-29 15:00:00,mac-waste-scenario,Project Vega,ram,64,9.08,GB,14.18
2025-01-29 16:00:00,mac-waste-scenario,Project Vega,ram,64,9.12,GB,14.26
2025-01-29 17:00:00,mac-waste-scenario,Project Vega,ram,64,8.75,GB,13.67
2025-01-29 18:00:00,mac-waste-scenario,Project Vega,ram,64,10.85,GB,16.95
2025-01-29 19:00:00,mac-waste-scenario,Project Vega,ram,64,10.04,GB,15.69
2025-01-29 20:00:00,mac-waste-scenario,Project Vega,ram,64,9.3,GB,14.53
2025-01-29 21:00:00,mac-waste-scenario,Project Vega,ram,64,9.18,GB,14.34
2025-01-29 22:00:00,mac-waste-scenario,Project Vega,ram,64,10.31,GB,16.11
2025-01-29 23:00:00,mac-waste-scenario,Project Vega,ram,64,10.01,GB,15.65
2025-01-30 00:00:00,mac-waste-scenario,Project Vega,ram,64,8.53,GB,13.34
2025-01-30 01:00:00,mac-waste-scenario,Project Vega,ram,64,11.8,GB,18.43
2025-01-30 02:00:00,mac-waste-scenario,Project Vega,ram,64,9.93,GB,15.51
2025-01-30 03:00:00,mac-waste-scenario,Project Vega,ram,64,9.61,GB,15.02
2025-01-30 04:00:00,mac-waste-scenario,Project Vega,ram,64,11.49,GB,17.95
2025-01-30 05:00:00,mac-waste-scenario,Project Vega,ram,64,10.91,GB,17.05
2025-01-30 06:00:00,mac-waste-scenario,Project Vega,ram,64,9.49,GB,14.82
2025-01-30 07:00:00,mac-waste-scenario,Project Vega,ram,64,10.29,GB,16.07
2025-01-30 08:00:00,mac-waste-scenario,Project Vega,ram,64,8.23,GB,12.86
2025-01-30 09:00:00,mac-waste-scenario,Project Vega,ram,64,8.78,GB,13.72
2025-01-30 10:00:00,mac-waste-scenario,Project Vega,ram,64,6.71,GB,10.48
2025-01-30 11:00:00,mac-waste-scenario,Project Vega,ram,64,11.16,GB,17.44
2025-01-30 12:00:00,mac-waste-scenario,Project Vega,ram,64,7.17,GB,11.2
2025-01-30 13:00:00,mac-waste-scenario,Project Vega,ram,64,10.47,GB,16.36
2025-01-30 14:00:00,mac-waste-scenario,Project Vega,ram,64,8.54,GB,13.34
2025-01-30 15:00:00,mac-waste-scenario,Project Vega,ram,64,8.35,GB,13.04
2025-01-30 16:00:00,mac-waste-scenario,Project Vega,ram,64,9.35,GB,14.61
2025-01-30 17:00:00,mac-waste-scenario,Project Vega,ram,64,9.94,GB,15.53
2025-01-30 18:00:00,mac-waste-scenario,Project Vega,ram,64,10.38,GB,16.22
2025-01-30 19:00:00,mac-waste-scenario,Project Vega,ram,64,11.87,GB,18.54
2025-01-30 20:00:00,mac-waste-scenario,Project Vega,ram,64,10.06,GB,15.72
2025-01-30 21:00:00,mac-waste-scenario,Project Vega,ram,64,10.73,GB,16.76
2025-01-30 22:00:00,mac-waste-scenario,Project Vega,ram,64,8.83,GB,13.8
2025-01-30 23:00:00,mac-waste-scenario,Project Vega,ram,64,10.51,GB,16.43
2025-01-31 00:00:00,mac-waste-scenario,Project Vega,ram,64,9.8,GB,15.31
2025-01-31 01:00:00,mac-waste-scenario,Project Vega,ram,64,9.01,GB,14.07
2025-01-31 02:00:00,mac-waste-scenario,Project Vega,ram,64,9.48,GB,14.81
2025-01-31 03:00:00,mac-waste-scenario,Project Vega,ram,64,9.52,GB,14.88
2025-01-31 04:00:00,mac-waste-scenario,Project Vega,ram,64,9.84,GB,15.38
2025-01-31 05:00:00,mac-waste-scenario,Project Vega,ram,64,10.11,GB,15.8
2025-01-31 06:00:00,mac-waste-scenario,Project Vega,ram,64,8.95,GB,13.98
2025-01-31 07:00:00,mac-waste-scenario,Project Vega,ram,64,8.65,GB,13.52
2025-01-31 08:00:00,mac-waste-scenario,Project Vega,ram,64,10.56,GB,16.49
2025-01-31 09:00:00,mac-waste-scenario,Project Vega,ram,64,7.43,GB,11.61
2025-01-31 10:00:00,mac-waste-scenario,Project Vega,ram,64,8.81,GB,13.76
2025-01-31 11:00:00,mac-waste-scenario,Project Vega,ram,64,11.59,GB,18.11
2025-01-31 12:00:00,mac-waste-scenario,Project Vega,ram,64,6.13,GB,9.59
2025-01-31 13:00:00,mac-waste-scenario,Project Vega,ram,64,8.71,GB,13.61
2025-01-31 14:00:00,mac-waste-scenario,Project Vega,ram,64,10.48,GB,16.38
2025-01-31 15:00:00,mac-waste-scenario,Project Vega,ram,64,7.49,GB,11.7
2025-01-31 16:00:00,mac-waste-scenario,Project Vega,ram,64,12.93,GB,20.2
2025-01-31 17:00:00,mac-waste-scenario,Project Vega,ram,64,6.29,GB,9.82
2025-01-31 18:00:00,mac-waste-scenario,Project Vega,ram,64,11.44,GB,17.87
2025-01-31 19:00:00,mac-waste-scenario,Project Vega,ram,64,11.59,GB,18.11
2025-01-31 20:00:00,mac-waste-scenario,Project Vega,ram,64,10.77,GB,16.83
2025-01-31 21:00:00,mac-waste-scenario,Project Vega,ram,64,9.32,GB,14.56
2025-01-31 22:00:00,mac-waste-scenario,Project Vega,ram,64,10.06,GB,15.71
2025-01-31 23:00:00,mac-waste-scenario,Project Vega,ram,64,8.45,GB,13.21
2025-02-01 00:00:00,mac-waste-scenario,Project Vega,ram,64,10.64,GB,16.62
2025-02-01 01:00:00,mac-waste-scenario,Project Vega,ram,64,8.17,GB,12.76
2025-02-01 02:00:00,mac-waste-scenario,Project Vega,ram,64,9.25,GB,14.45
2025-02-01 03:00:00,mac-waste-scenario,Project Vega,ram,64,10.88,GB,16.99
2025-02-01 04:00:00,mac-waste-scenario,Project Vega,ram,64,8.17,GB,12.77
2025-02-01 05:00:00,mac-waste-scenario,Project Vega,ram,64,9.13,GB,14.27
2025-02-01 06:00:00,mac-waste-scenario,Project Vega,ram,64,9.81,GB,15.33
2025-02-01 07:00:00,mac-waste-scenario,Project Vega,ram,64,7.88,GB,12.32
2025-02-01 08:00:00,mac-waste-scenario,Project Vega,ram,64,11.09,GB,17.33
2025-02-01 09:00:00,mac-waste-scenario,Project Vega,ram,64,10.04,GB,15.68
2025-02-01 10:00:00,mac-waste-scenario,Project Vega,ram,64,7.66,GB,11.97
2025-02-01 11:00:00,mac-waste-scenario,Project Vega,ram,64,9.54,GB,14.91
2025-02-01 12:00:00,mac-waste-scenario,Project Vega,ram,64,8.61,GB,13.45
2025-02-01 13:00:00,mac-waste-scenario,Project Vega,ram,64,8.76,GB,13.68
2025-02-01 14:00:00,mac-waste-scenario,Project Vega,ram,64,9.7,GB,15.15
2025-02-01 15:00:00,mac-waste-scenario,Project Vega,ram,64,8.69,GB,13.58
2025-02-01 16:00:00,mac-waste-scenario,Project Vega,ram,64,10.83,GB,16.93
2025-02-01 17:00:00,mac-waste-scenario,Project Vega,ram,64,8.7,GB,13.59
2025-02-01 18:00:00,mac-waste-scenario,Project Vega,ram,64,10.86,GB,16.96
2025-02-01 19:00:00,mac-waste-scenario,Project Vega,ram,64,9.54,GB,14.91
2025-02-01 20:00:00,mac-waste-scenario,Project Vega,ram,64,10.7,GB,16.71
2025-02-01 21:00:00,mac-waste-scenario,Project Vega,ram,64,8.91,GB,13.92
2025-02-01 22:00:00,mac-waste-scenario,Project Vega,ram,64,8.95,GB,13.99
2025-02-01 23:00:00,mac-waste-scenario,Project Vega,ram,64,8.12,GB,12.7
2025-02-02 00:00:00,mac-waste-scenario,Project Vega,ram,64,10.34,GB,16.16
2025-02-02 01:00:00,mac-waste-scenario,Project Vega,ram,64,10.8,GB,16.88
2025-02-02 02:00:00,mac-waste-scenario,Project Vega,ram,64,12.31,GB,19.24
2025-02-02 03:00:00,mac-waste-scenario,Project Vega,ram,64,11.25,GB,17.58
2025-02-02 04:00:00,mac-waste-scenario,Project Vega,ram,64,9.92,GB,15.5
2025-02-02 05:00:00,mac-waste-scenario,Project Vega,ram,64,9.33,GB,14.58
2025-02-02 06:00:00,mac-waste-scenario,Project Vega,ram,64,10.1,GB,15.78
2025-02-02 07:00:00,mac-waste-scenario,Project Vega,ram,64,9.56,GB,14.94
2025-02-02 08:00:00,mac-waste-scenario,Project Vega,ram,64,11.47,GB,17.93
2025-02-02 09:00:00,mac-waste-scenario,Project Vega,ram,64,10.81,GB,16.89
2025-02-02 10:00:00,mac-waste-scenario,Project Vega,ram,64,8.53,GB,13.33
2025-02-02 11:00:00,mac-waste-scenario,Project Vega,ram,64,8.72,GB,13.62
2025-02-02 12:00:00,mac-waste-scenario,Project Vega,ram,64,11.35,GB,17.73
2025-02-02 13:00:00,mac-waste-scenario,Project Vega,ram,64,9.99,GB,15.62
2025-02-02 14:00:00,mac-waste-scenario,Project Vega,ram,64,9.3,GB,14.54
2025-02-02 15:00:00,mac-waste-scenario,Project Vega,ram,64,11.12,GB,17.37
2025-02-02 16:00:00,mac-waste-scenario,Project Vega,ram,64,9.1,GB,14.22
2025-02-02 17:00:00,mac-waste-scenario,Project Vega,ram,64,9.24,GB,14.44
2025-02-02 18:00:00,mac-waste-scenario,Project Vega,ram,64,9.01,GB,14.08
2025-02-02 19:00:00,mac-waste-scenario,Project Vega,ram,64,7.09,GB,11.08
2025-02-02 20:00:00,mac-waste-scenario,Project Vega,ram,64,10.71,GB,16.73
2025-02-02 21:00:00,mac-waste-scenario,Project Vega,ram,64,8.05,GB,12.58
2025-02-02 22:00:00,mac-waste-scenario,Project Vega,ram,64,8.87,GB,13.86
2025-02-02 23:00:00,mac-waste-scenario,Project Vega,ram,64,8.65,GB,13.51
2025-02-03 00:00:00,mac-waste-scenario,Project Vega,ram,64,10.53,GB,16.45
2025-02-03 01:00:00,mac-waste-scenario,Project Vega,ram,64,9.51,GB,14.86
2025-02-03 02:00:00,mac-waste-scenario,Project Vega,ram,64,9.62,GB,15.03
2025-02-03 03:00:00,mac-waste-scenario,Project Vega,ram,64,7.45,GB,11.64
2025-02-03 04:00:00,mac-waste-scenario,Project Vega,ram,64,9.49,GB,14.83
2025-02-03 05:00:00,mac-waste-scenario,Project Vega,ram,64,7.71,GB,12.05
2025-02-03 06:00:00,mac-waste-scenario,Project Vega,ram,64,9.99,GB,15.61
2025-02-03 07:00:00,mac-waste-scenario,Project Vega,ram,64,10.07,GB,15.73
2025-02-03 08:00:00,mac-waste-scenario,Project Vega,ram,64,9.58,GB,14.97
2025-02-03 09:00:00,mac-waste-scenario,Project Vega,ram,64,12.22,GB,19.09
2025-02-03 10:00:00,mac-waste-scenario,Project Vega,ram,64,10.28,GB,16.06
2025-02-03 11:00:00,mac-waste-scenario,Project Vega,ram,64,10.36,GB,16.19
2025-02-03 12:00:00,mac-waste-scenario,Project Vega,ram,64,9.78,GB,15.28
2025-02-03 13:00:00,mac-waste-scenario,Project Vega,ram,64,9.35,GB,14.61
2025-02-03 14:00:00,mac-waste-scenario,Project Vega,ram,64,10.84,GB,16.93
2025-02-03 15:00:00,mac-waste-scenario,Project Vega,ram,64,11.01,GB,17.2
2025-02-03 16:00:00,mac-waste-scenario,Project Vega,ram,64,7.93,GB,12.4
2025-02-03 17:00:00,mac-waste-scenario,Project Vega,ram,64,10.95,GB,17.11
2025-02-03 18:00:00,mac-waste-scenario,Project Vega,ram,64,10.26,GB,16.03
2025-02-03 19:00:00,mac-waste-scenario,Project Vega,ram,64,10.83,GB,16.92
2025-02-03 20:00:00,mac-waste-scenario,Project Vega,ram,64,10.2,GB,15.93
2025-02-03 21:00:00,mac-waste-scenario,Project Vega,ram,64,8.01,GB,12.51
2025-02-03 22:00:00,mac-waste-scenario,Project Vega,ram,64,8.1,GB,12.65
2025-02-03 23:00:00,mac-waste-scenario,Project Vega,ram,64,11.94,GB,18.65
2025-02-04 00:00:00,mac-waste-scenario,Project Vega,ram,64,9.92,GB,15.5
2025-02-04 01:00:00,mac-waste-scenario,Project Vega,ram,64,7.79,GB,12.17
2025-02-04 02:00:00,mac-waste-scenario,Project Vega,ram,64,10.05,GB,15.7
2025-02-04 03:00:00,mac-waste-scenario,Project Vega,ram,64,9.14,GB,14.28
2025-02-04 04:00:00,mac-waste-scenario,Project Vega,ram,64,7.24,GB,11.31
2025-02-04 05:00:00,mac-waste-scenario,Project Vega,ram,64,6.67,GB,10.42
2025-02-04 06:00:00,mac-waste-scenario,Project Vega,ram,64,7.55,GB,11.79
2025-02-04 07:00:00,mac-waste-scenario,Project Vega,ram,64,9.95,GB,15.54
2025-02-04 08:00:00,mac-waste-scenario,Project Vega,ram,64,9.54,GB,14.9
2025-02-04 09:00:00,mac-waste-scenario,Project Vega,ram,64,9.28,GB,14.5
2025-02-04 10:00:00,mac-waste-scenario,Project Vega,ram,64,9.96,GB,15.57
2025-02-04 11:00:00,mac-waste-scenario,Project Vega,ram,64,10.37,GB,16.2
2025-02-04 12:00:00,mac-waste-scenario,Project Vega,ram,64,6.91,GB,10.79
2025-02-04 13:00:00,mac-waste-scenario,Project Vega,ram,64,9.21,GB,14.4
2025-02-04 14:00:00,mac-waste-scenario,Project Vega,ram,64,8.54,GB,13.34
2025-02-04 15:00:00,mac-waste-scenario,Project Vega,ram,64,8.02,GB,12.53
2025-02-04 16:00:00,mac-waste-scenario,Project Vega,ram,64,8.9,GB,13.91
2025-02-04 17:00:00,mac-waste-scenario,Project Vega,ram,64,9.44,GB,14.75
2025-02-04 18:00:00,mac-waste-scenario,Project Vega,ram,64,9.26,GB,14.47
2025-02-04 19:00:00,mac-waste-scenario,Project Vega,ram,64,7.74,GB,12.09
2025-02-04 20:00:00,mac-waste-scenario,Project Vega,ram,64,8.98,GB,14.03
2025-02-04 21:00:00,mac-waste-scenario,Project Vega,ram,64,12.18,GB,19.03
2025-02-04 22:00:00,mac-waste-scenario,Project Vega,ram,64,8.25,GB,12.89
2025-02-04 23:00:00,mac-waste-scenario,Project Vega,ram,64,7.44,GB,11.63
2025-02-05 00:00:00,mac-waste-scenario,Project Vega,ram,64,9.95,GB,15.55
2025-02-05 01:00:00,mac-waste-scenario,Project Vega,ram,64,10.36,GB,16.19
2025-02-05 02:00:00,mac-waste-scenario,Project Vega,ram,64,10.19,GB,15.93
2025-02-05 03:00:00,mac-waste-scenario,Project Vega,ram,64,8.17,GB,12.76
2025-02-05 04:00:00,mac-waste-scenario,Project Vega,ram,64,10.88,GB,17.0
2025-02-05 05:00:00,mac-waste-scenario,Project Vega,ram,64,8.59,GB,13.43
2025-02-05 06:00:00,mac-waste-scenario,Project Vega,ram,64,8.15,GB,12.73
2025-02-05 07:00:00,mac-waste-scenario,Project Vega,ram,64,8.82,GB,13.78
2025-02-05 08:00:00,mac-waste-scenario,Project Vega,ram,64,9.46,GB,14.78
2025-02-05 09:00:00,mac-waste-scenario,Project Vega,ram,64,10.51,GB,16.43
2025-02-05 10:00:00,mac-waste-scenario,Project Vega,ram,64,10.4,GB,16.25
2025-02-05 11:00:00,mac-waste-scenario,Project Vega,ram,64,9.57,GB,14.96
2025-02-05 12:00:00,mac-waste-scenario,Project Vega,ram,64,10.79,GB,16.87
2025-02-05 13:00:00,mac-waste-scenario,Project Vega,ram,64,9.7,GB,15.16
2025-02-05 14:00:00,mac-waste-scenario,Project Vega,ram,64,10.75,GB,16.79
2025-02-05 15:00:00,mac-waste-scenario,Project Vega,ram,64,7.8,GB,12.19
2025-02-05 16:00:00,mac-waste-scenario,Project Vega,ram,64,7.59,GB,11.85
2025-02-05 17:00:00,mac-waste-scenario,Project Vega,ram,64,10.59,GB,16.55
2025-02-05 18:00:00,mac-waste-scenario,Project Vega,ram,64,7.82,GB,12.22
2025-02-05 19:00:00,mac-waste-scenario,Project Vega,ram,64,9.21,GB,14.4
2025-02-05 20:00:00,mac-waste-scenario,Project Vega,ram,64,9.47,GB,14.8
2025-02-05 21:00:00,mac-waste-scenario,Project Vega,ram,64,8.98,GB,14.02
2025-02-05 22:00:00,mac-waste-scenario,Project Vega,ram,64,9.02,GB,14.09
2025-02-05 23:00:00,mac-waste-scenario,Project Vega,ram,64,11.38,GB,17.79
2025-02-06 00:00:00,mac-waste-scenario,Project Vega,ram,64,6.36,GB,9.94
2025-02-06 01:00:00,mac-waste-scenario,Project Vega,ram,64,10.73,GB,16.77
2025-02-06 02:00:00,mac-waste-scenario,Project Vega,ram,64,12.54,GB,19.59
2025-02-06 03:00:00,mac-waste-scenario,Project Vega,ram,64,9.63,GB,15.05
2025-02-06 04:00:00,mac-waste-scenario,Project Vega,ram,64,9.58,GB,14.96
2025-02-06 05:00:00,mac-waste-scenario,Project Vega,ram,64,10.53,GB,16.45
2025-02-06 06:00:00,mac-waste-scenario,Project Vega,ram,64,11.94,GB,18.66
2025-02-06 07:00:00,mac-waste-scenario,Project Vega,ram,64,8.08,GB,12.62
2025-02-06 08:00:00,mac-waste-scenario,Project Vega,ram,64,9.71,GB,15.18
2025-02-06 09:00:00,mac-waste-scenario,Project Vega,ram,64,9.36,GB,14.63
2025-02-06 10:00:00,mac-waste-scenario,Project Vega,ram,64,10.32,GB,16.12
2025-02-06 11:00:00,mac-waste-scenario,Project Vega,ram,64,9.8,GB,15.32
2025-02-06 12:00:00,mac-waste-scenario,Project Vega,ram,64,10.44,GB,16.32
2025-02-06 13:00:00,mac-waste-scenario,Project Vega,ram,64,9.06,GB,14.16
2025-02-06 14:00:00,mac-waste-scenario,Project Vega,ram,64,9.66,GB,15.1
2025-02-06 15:00:00,mac-waste-scenario,Project Vega,ram,64,8.74,GB,13.66
2025-02-06 16:00:00,mac-waste-scenario,Project Vega,ram,64,8.75,GB,13.67
2025-02-06 17:00:00,mac-waste-scenario,Project Vega,ram,64,9.42,GB,14.72
2025-02-06 18:00:00,mac-waste-scenario,Project Vega,ram,64,9.42,GB,14.72
2025-02-06 19:00:00,mac-waste-scenario,Project Vega,ram,64,8.1,GB,12.66
2025-02-06 20:00:00,mac-waste-scenario,Project Vega,ram,64,11.61,GB,18.14
2025-02-06 21:00:00,mac-waste-scenario,Project Vega,ram,64,9.43,GB,14.73
2025-02-06 22:00:00,mac-waste-scenario,Project Vega,ram,64,7.83,GB,12.23
2025-02-06 23:00:00,mac-waste-scenario,Project Vega,ram,64,11.01,GB,17.2
2025-02-07 00:00:00,mac-waste-scenario,Project Vega,ram,64,8.64,GB,13.5
2025-02-07 01:00:00,mac-waste-scenario,Project Vega,ram,64,10.25,GB,16.02
2025-02-07 02:00:00,mac-waste-scenario,Project Vega,ram,64,9.58,GB,14.97
2025-02-07 03:00:00,mac-waste-scenario,Project Vega,ram,64,9.92,GB,15.5
2025-02-07 04:00:00,mac-waste-scenario,Project Vega,ram,64,9.82,GB,15.34
2025-02-07 05:00:00,mac-waste-scenario,Project Vega,ram,64,8.86,GB,13.85
2025-02-07 06:00:00,mac-waste-scenario,Project Vega,ram,64,9.65,GB,15.08
2025-02-07 07:00:00,mac-waste-scenario,Project Vega,ram,64,12.2,GB,19.07
2025-02-07 08:00:00,mac-waste-scenario,Project Vega,ram,64,6.74,GB,10.52
2025-02-07 09:00:00,mac-waste-scenario,Project Vega,ram,64,9.68,GB,15.13
2025-02-07 10:00:00,mac-waste-scenario,Project Vega,ram,64,10.16,GB,15.87
2025-02-07 11:00:00,mac-waste-scenario,Project Vega,ram,64,8.25,GB,12.9
2025-02-07 12:00:00,mac-waste-scenario,Project Vega,ram,64,7.85,GB,12.26
2025-02-07 13:00:00,mac-waste-scenario,Project Vega,ram,64,12.36,GB,19.32
2025-02-07 14:00:00,mac-waste-scenario,Project Vega,ram,64,9.12,GB,14.26
2025-02-07 15:00:00,mac-waste-scenario,Project Vega,ram,64,12.26,GB,19.16
2025-02-07 16:00:00,mac-waste-scenario,Project Vega,ram,64,10.29,GB,16.07
2025-02-07 17:00:00,mac-waste-scenario,Project Vega,ram,64,9.7,GB,15.15
2025-02-07 18:00:00,mac-waste-scenario,Project Vega,ram,64,10.21,GB,15.95
2025-02-07 19:00:00,mac-waste-scenario,Project Vega,ram,64,10.41,GB,16.27
2025-02-07 20:00:00,mac-waste-scenario,Project Vega,ram,64,11.11,GB,17.36
2025-02-07 21:00:00,mac-waste-scenario,Project Vega,ram,64,10.16,GB,15.87
2025-02-07 22:00:00,mac-waste-scenario,Project Vega,ram,64,9.79,GB,15.29
2025-02-07 23:00:00,mac-waste-scenario,Project Vega,ram,64,9.83,GB,15.35
2025-02-08 00:00:00,mac-waste-scenario,Project Vega,ram,64,11.33,GB,17.7
2025-02-08 01:00:00,mac-waste-scenario,Project Vega,ram,64,10.65,GB,16.63
2025-02-08 02:00:00,mac-waste-scenario,Project Vega,ram,64,8.32,GB,13.0
2025-02-08 03:00:00,mac-waste-scenario,Project Vega,ram,64,8.79,GB,13.73
2025-02-08 04:00:00,mac-waste-scenario,Project Vega,ram,64,10.02,GB,15.66
2025-02-08 05:00:00,mac-waste-scenario,Project Vega,ram,64,8.8,GB,13.75
2025-02-08 06:00:00,mac-waste-scenario,Project Vega,ram,64,9.12,GB,14.25
2025-02-08 07:00:00,mac-waste-scenario,Project Vega,ram,64,8.38,GB,13.09
2025-02-08 08:00:00,mac-waste-scenario,Project Vega,ram,64,9.27,GB,14.48
2025-02-08 09:00:00,mac-waste-scenario,Project Vega,ram,64,10.14,GB,15.85
2025-02-08 10:00:00,mac-waste-scenario,Project Vega,ram,64,10.87,GB,16.99
2025-02-08 11:00:00,mac-waste-scenario,Project Vega,ram,64,9.61,GB,15.02
2025-02-08 12:00:00,mac-waste-scenario,Project Vega,ram,64,12.26,GB,19.15
2025-02-08 13:00:00,mac-waste-scenario,Project Vega,ram,64,9.5,GB,14.85
2025-02-08 14:00:00,mac-waste-scenario,Project Vega,ram,64,13.69,GB,21.39
2025-02-08 15:00:00,mac-waste-scenario,Project Vega,ram,64,10.88,GB,17.0
2025-02-08 16:00:00,mac-waste-scenario,Project Vega,ram,64,10.24,GB,15.99
2025-02-08 17:00:00,mac-waste-scenario,Project Vega,ram,64,8.96,GB,14.0
2025-02-08 18:00:00,mac-waste-scenario,Project Vega,ram,64,5.98,GB,9.35
2025-02-08 19:00:00,mac-waste-scenario,Project Vega,ram,64,9.4,GB,14.69
2025-02-08 20:00:00,mac-waste-scenario,Project Vega,ram,64,9.83,GB,15.36
2025-02-08 21:00:00,mac-waste-scenario,Project Vega,ram,64,12.06,GB,18.84
2025-02-08 22:00:00,mac-waste-scenario,Project Vega,ram,64,7.83,GB,12.24
2025-02-08 23:00:00,mac-waste-scenario,Project Vega,ram,64,12.04,GB,18.81
2025-02-09 00:00:00,mac-waste-scenario,Project Vega,ram,64,9.28,GB,14.5
2025-02-09 01:00:00,mac-waste-scenario,Project Vega,ram,64,10.53,GB,16.45
2025-02-09 02:00:00,mac-waste-scenario,Project Vega,ram,64,6.35,GB,9.92
2025-02-09 03:00:00,mac-waste-scenario,Project Vega,ram,64,9.78,GB,15.28
2025-02-09 04:00:00,mac-waste-scenario,Project Vega,ram,64,9.16,GB,14.31
2025-02-09 05:00:00,mac-waste-scenario,Project Vega,ram,64,10.47,GB,16.36
2025-02-09 06:00:00,mac-waste-scenario,Project Vega,ram,64,9.72,GB,15.18
2025-02-09 07:00:00,mac-waste-scenario,Project Vega,ram,64,8.14,GB,12.72
2025-02-09 08:00:00,mac-waste-scenario,Project Vega,ram,64,10.81,GB,16.89
2025-02-09 09:00:00,mac-waste-scenario,Project Vega,ram,64,10.49,GB,16.39
2025-02-09 10:00:00,mac-waste-scenario,Project Vega,ram,64,10.36,GB,16.19
2025-02-09 11:00:00,mac-waste-scenario,Project Vega,ram,64,10.89,GB,17.02
2025-02-09 12:00:00,mac-waste-scenario,Project Vega,ram,64,11.01,GB,17.2
2025-02-09 13:00:00,mac-waste-scenario,Project Vega,ram,64,9.57,GB,14.96
2025-02-09 14:00:00,mac-waste-scenario,Project Vega,ram,64,7.86,GB,12.28
2025-02-09 15:00:00,mac-waste-scenario,Project Vega,ram,64,7.83,GB,12.23
2025-02-09 16:00:00,mac-waste-scenario,Project Vega,ram,64,11.33,GB,17.7
2025-02-09 17:00:00,mac-waste-scenario,Project Vega,ram,64,10.51,GB,16.42
2025-02-09 18:00:00,mac-waste-scenario,Project Vega,ram,64,9.73,GB,15.2
2025-02-09 19:00:00,mac-waste-scenario,Project Vega,ram,64,9.04,GB,14.13
2025-02-09 20:00:00,mac-waste-scenario,Project Vega,ram,64,9.64,GB,15.06
2025-02-09 21:00:00,mac-waste-scenario,Project Vega,ram,64,9.63,GB,15.05
2025-02-09 22:00:00,mac-waste-scenario,Project Vega,ram,64,9.17,GB,14.33
2025-02-09 23:00:00,mac-waste-scenario,Project Vega,ram,64,8.71,GB,13.6
2025-02-10 00:00:00,mac-waste-scenario,Project Vega,ram,64,12.37,GB,19.33
2025-02-10 01:00:00,mac-waste-scenario,Project Vega,ram,64,9.89,GB,15.46
2025-02-10 02:00:00,mac-waste-scenario,Project Vega,ram,64,8.82,GB,13.79
2025-02-10 03:00:00,mac-waste-scenario,Project Vega,ram,64,7.93,GB,12.4
2025-02-10 04:00:00,mac-waste-scenario,Project Vega,ram,64,8.67,GB,13.55
2025-02-10 05:00:00,mac-waste-scenario,Project Vega,ram,64,10.52,GB,16.44
2025-02-10 06:00:00,mac-waste-scenario,Project Vega,ram,64,10.57,GB,16.52
2025-02-10 07:00:00,mac-waste-scenario,Project Vega,ram,64,9.32,GB,14.56
2025-02-10 08:00:00,mac-waste-scenario,Project Vega,ram,64,9.67,GB,15.1
2025-02-10 09:00:00,mac-waste-scenario,Project Vega,ram,64,9.21,GB,14.39
2025-02-10 10:00:00,mac-waste-scenario,Project Vega,ram,64,8.18,GB,12.78
2025-02-10 11:00:00,mac-waste-scenario,Project Vega,ram,64,11.27,GB,17.6
2025-02-10 12:00:00,mac-waste-scenario,Project Vega,ram,64,10.08,GB,15.75
2025-02-10 13:00:00,mac-waste-scenario,Project Vega,ram,64,12.77,GB,19.95
2025-02-10 14:00:00,mac-waste-scenario,Project Vega,ram,64,8.63,GB,13.49
2025-02-10 15:00:00,mac-waste-scenario,Project Vega,ram,64,9.42,GB,14.72
2025-02-10 16:00:00,mac-waste-scenario,Project Vega,ram,64,10.73,GB,16.77
2025-02-10 17:00:00,mac-waste-scenario,Project Vega,ram,64,9.29,GB,14.51
2025-02-10 18:00:00,mac-waste-scenario,Project Vega,ram,64,7.82,GB,12.22
2025-02-10 19:00:00,mac-waste-scenario,Project Vega,ram,64,8.39,GB,13.1
2025-02-10 20:00:00,mac-waste-scenario,Project Vega,ram,64,9.73,GB,15.2
2025-02-10 21:00:00,mac-waste-scenario,Project Vega,ram,64,10.04,GB,15.69
2025-02-10 22:00:00,mac-waste-scenario,Project Vega,ram,64,9.48,GB,14.81
2025-02-10 23:00:00,mac-waste-scenario,Project Vega,ram,64,10.88,GB,17.01
2025-02-11 00:00:00,mac-waste-scenario,Project Vega,ram,64,10.87,GB,16.99
2025-02-11 01:00:00,mac-waste-scenario,Project Vega,ram,64,10.01,GB,15.65
2025-02-11 02:00:00,mac-waste-scenario,Project Vega,ram,64,9.63,GB,15.05
2025-02-11 03:00:00,mac-waste-scenario,Project Vega,ram,64,9.28,GB,14.49
2025-02-11 04:00:00,mac-waste-scenario,Project Vega,ram,64,10.31,GB,16.1
2025-02-11 05:00:00,mac-waste-scenario,Project Vega,ram,64,10.78,GB,16.84
2025-02-11 06:00:00,mac-waste-scenario,Project Vega,ram,64,9.68,GB,15.12
2025-02-11 07:00:00,mac-waste-scenario,Project Vega,ram,64,10.18,GB,15.9
2025-02-11 08:00:00,mac-waste-scenario,Project Vega,ram,64,9.18,GB,14.35
2025-02-11 09:00:00,mac-waste-scenario,Project Vega,ram,64,7.79,GB,12.18
2025-02-11 10:00:00,mac-waste-scenario,Project Vega,ram,64,8.32,GB,13.0
2025-02-11 11:00:00,mac-waste-scenario,Project Vega,ram,64,10.58,GB,16.53
2025-02-11 12:00:00,mac-waste-scenario,Project Vega,ram,64,10.17,GB,15.89
2025-02-11 13:00:00,mac-waste-scenario,Project Vega,ram,64,11.64,GB,18.18
2025-02-11 14:00:00,mac-waste-scenario,Project Vega,ram,64,9.67,GB,15.11
2025-02-11 15:00:00,mac-waste-scenario,Project Vega,ram,64,10.71,GB,16.73
2025-02-11 16:00:00,mac-waste-scenario,Project Vega,ram,64,11.29,GB,17.65
2025-02-11 17:00:00,mac-waste-scenario,Project Vega,ram,64,10.87,GB,16.99
2025-02-11 18:00:00,mac-waste-scenario,Project Vega,ram,64,8.82,GB,13.78
2025-02-11 19:00:00,mac-waste-scenario,Project Vega,ram,64,9.36,GB,14.63
2025-02-11 20:00:00,mac-waste-scenario,Project Vega,ram,64,9.77,GB,15.26
2025-02-11 21:00:00,mac-waste-scenario,Project Vega,ram,64,8.34,GB,13.03
2025-02-11 22:00:00,mac-waste-scenario,Project Vega,ram,64,10.21,GB,15.95
2025-02-11 23:00:00,mac-waste-scenario,Project Vega,ram,64,10.91,GB,17.05
2025-02-12 00:00:00,mac-waste-scenario,Project Vega,ram,64,8.98,GB,14.04
2025-02-12 01:00:00,mac-waste-scenario,Project Vega,ram,64,12.12,GB,18.95
2025-02-12 02:00:00,mac-waste-scenario,Project Vega,ram,64,9.23,GB,14.42
2025-02-12 03:00:00,mac-waste-scenario,Project Vega,ram,64,9.34,GB,14.59
2025-02-12 04:00:00,mac-waste-scenario,Project Vega,ram,64,9.3,GB,14.52
2025-02-12 05:00:00,mac-waste-scenario,Project Vega,ram,64,8.69,GB,13.58
2025-02-12 06:00:00,mac-waste-scenario,Project Vega,ram,64,10.13,GB,15.84
2025-02-12 07:00:00,mac-waste-scenario,Project Vega,ram,64,9.63,GB,15.04
2025-02-12 08:00:00,mac-waste-scenario,Project Vega,ram,64,11.73,GB,18.32
2025-02-12 09:00:00,mac-waste-scenario,Project Vega,ram,64,10.38,GB,16.21
2025-02-12 10:00:00,mac-waste-scenario,Project Vega,ram,64,10.29,GB,16.08
2025-02-12 11:00:00,mac-waste-scenario,Project Vega,ram,64,9.32,GB,14.56
2025-02-12 12:00:00,mac-waste-scenario,Project Vega,ram,64,7.79,GB,12.17
2025-02-12 13:00:00,mac-waste-scenario,Project Vega,ram,64,9.49,GB,14.82
2025-02-12 14:00:00,mac-waste-scenario,Project Vega,ram,64,8.51,GB,13.3
2025-02-12 15:00:00,mac-waste-scenario,Project Vega,ram,64,10.82,GB,16.9
2025-02-12 16:00:00,mac-waste-scenario,Project Vega,ram,64,9.56,GB,14.94
2025-02-12 17:00:00,mac-waste-scenario,Project Vega,ram,64,11.73,GB,18.33
2025-02-12 18:00:00,mac-waste-scenario,Project Vega,ram,64,10.54,GB,16.47
2025-02-12 19:00:00,mac-waste-scenario,Project Vega,ram,64,10.67,GB,16.67
2025-02-12 20:00:00,mac-waste-scenario,Project Vega,ram,64,9.9,GB,15.46
2025-02-12 21:00:00,mac-waste-scenario,Project Vega,ram,64,9.87,GB,15.42
2025-02-12 22:00:00,mac-waste-scenario,Project Vega,ram,64,10.44,GB,16.31
2025-02-12 23:00:00,mac-waste-scenario,Project Vega,ram,64,10.78,GB,16.85
2025-02-13 00:00:00,mac-waste-scenario,Project Vega,ram,64,8.69,GB,13.58
2025-02-13 01:00:00,mac-waste-scenario,Project Vega,ram,64,10.23,GB,15.98
2025-02-13 02:00:00,mac-waste-scenario,Project Vega,ram,64,12.95,GB,20.24
2025-02-13 03:00:00,mac-waste-scenario,Project Vega,ram,64,9.49,GB,14.82
2025-02-13 04:00:00,mac-waste-scenario,Project Vega,ram,64,9.27,GB,14.49
2025-02-13 05:00:00,mac-waste-scenario,Project Vega,ram,64,8.71,GB,13.62
2025-02-13 06:00:00,mac-waste-scenario,Project Vega,ram,64,7.75,GB,12.1
2025-02-13 07:00:00,mac-waste-scenario,Project Vega,ram,64,11.12,GB,17.38
2025-02-13 08:00:00,mac-waste-scenario,Project Vega,ram,64,9.68,GB,15.12
2025-02-13 09:00:00,mac-waste-scenario,Project Vega,ram,64,9.98,GB,15.6
2025-02-13 10:00:00,mac-waste-scenario,Project Vega,ram,64,11.96,GB,18.69
2025-02-13 11:00:00,mac-waste-scenario,Project Vega,ram,64,12.81,GB,20.02
2025-02-13 12:00:00,mac-waste-scenario,Project Vega,ram,64,8.46,GB,13.22
2025-02-13 13:00:00,mac-waste-scenario,Project Vega,ram,64,10.95,GB,17.11
2025-02-13 14:00:00,mac-waste-scenario,Project Vega,ram,64,10.4,GB,16.25
2025-02-13 15:00:00,mac-waste-scenario,Project Vega,ram,64,10.11,GB,15.8
2025-02-13 16:00:00,mac-waste-scenario,Project Vega,ram,64,10.21,GB,15.96
2025-02-13 17:00:00,mac-waste-scenario,Project Vega,ram,64,9.57,GB,14.96
2025-02-13 18:00:00,mac-waste-scenario,Project Vega,ram,64,11.64,GB,18.18
2025-02-13 19:00:00,mac-waste-scenario,Project Vega,ram,64,10.39,GB,16.23
2025-02-13 20:00:00,mac-waste-scenario,Project Vega,ram,64,10.04,GB,15.69
2025-02-13 21:00:00,mac-waste-scenario,Project Vega,ram,64,11.2,GB,17.5
2025-02-13 22:00:00,mac-waste-scenario,Project Vega,ram,64,10.75,GB,16.8
2025-02-13 23:00:00,mac-waste-scenario,Project Vega,ram,64,10.19,GB,15.93
2025-02-14 00:00:00,mac-waste-scenario,Project Vega,ram,64,10.02,GB,15.66
2025-02-14 01:00:00,mac-waste-scenario,Project Vega,ram,64,11.85,GB,18.52
2025-02-14 02:00:00,mac-waste-scenario,Project Vega,ram,64,10.26,GB,16.02
2025-02-14 03:00:00,mac-waste-scenario,Project Vega,ram,64,9.49,GB,14.83
2025-02-14 04:00:00,mac-waste-scenario,Project Vega,ram,64,8.51,GB,13.29
2025-02-14 05:00:00,mac-waste-scenario,Project Vega,ram,64,9.16,GB,14.32
2025-02-14 06:00:00,mac-waste-scenario,Project Vega,ram,64,8.26,GB,12.91
2025-02-14 07:00:00,mac-waste-scenario,Project Vega,ram,64,9.74,GB,15.22
2025-02-14 08:00:00,mac-waste-scenario,Project Vega,ram,64,9.93,GB,15.52
2025-02-14 09:00:00,mac-waste-scenario,Project Vega,ram,64,6.98,GB,10.9
2025-02-14 10:00:00,mac-waste-scenario,Project Vega,ram,64,9.63,GB,15.04
2025-02-14 11:00:00,mac-waste-scenario,Project Vega,ram,64,10.43,GB,16.3
2025-02-14 12:00:00,mac-waste-scenario,Project Vega,ram,64,9.82,GB,15.34
2025-02-14 13:00:00,mac-waste-scenario,Project Vega,ram,64,8.38,GB,13.1
2025-02-14 14:00:00,mac-waste-scenario,Project Vega,ram,64,11.23,GB,17.54
2025-02-14 15:00:00,mac-waste-scenario,Project Vega,ram,64,8.71,GB,13.61
2025-02-14 16:00:00,mac-waste-scenario,Project Vega,ram,64,8.03,GB,12.55
2025-02-14 17:00:00,mac-waste-scenario,Project Vega,ram,64,8.22,GB,12.84
2025-02-14 18:00:00,mac-waste-scenario,Project Vega,ram,64,9.58,GB,14.98
2025-02-14 19:00:00,mac-waste-scenario,Project Vega,ram,64,10.86,GB,16.97
2025-02-14 20:00:00,mac-waste-scenario,Project Vega,ram,64,11.1,GB,17.34
2025-02-14 21:00:00,mac-waste-scenario,Project Vega,ram,64,9.87,GB,15.42
2025-02-14 22:00:00,mac-waste-scenario,Project Vega,ram,64,8.08,GB,12.62
2025-02-14 23:00:00,mac-waste-scenario,Project Vega,ram,64,8.76,GB,13.69
2025-02-15 00:00:00,mac-waste-scenario,Project Vega,ram,64,8.45,GB,13.21
2025-02-15 01:00:00,mac-waste-scenario,Project Vega,ram,64,9.37,GB,14.65
2025-02-15 02:00:00,mac-waste-scenario,Project Vega,ram,64,7.33,GB,11.46
2025-02-15 03:00:00,mac-waste-scenario,Project Vega,ram,64,9.74,GB,15.23
2025-02-15 04:00:00,mac-waste-scenario,Project Vega,ram,64,10.43,GB,16.29
2025-02-15 05:00:00,mac-waste-scenario,Project Vega,ram,64,9.41,GB,14.7
2025-02-15 06:00:00,mac-waste-scenario,Project Vega,ram,64,10.19,GB,15.92
2025-02-15 07:00:00,mac-waste-scenario,Project Vega,ram,64,8.4,GB,13.13
2025-02-15 08:00:00,mac-waste-scenario,Project Vega,ram,64,7.74,GB,12.09
2025-02-15 09:00:00,mac-waste-scenario,Project Vega,ram,64,8.79,GB,13.73
2025-02-15 10:00:00,mac-waste-scenario,Project Vega,ram,64,11.08,GB,17.32
2025-02-15 11:00:00,mac-waste-scenario,Project Vega,ram,64,10.92,GB,17.06
2025-02-15 12:00:00,mac-waste-scenario,Project Vega,ram,64,9.02,GB,14.09
2025-02-15 13:00:00,mac-waste-scenario,Project Vega,ram,64,11.14,GB,17.41
2025-02-15 14:00:00,mac-waste-scenario,Project Vega,ram,64,9.19,GB,14.35
2025-02-15 15:00:00,mac-waste-scenario,Project Vega,ram,64,11.54,GB,18.03
2025-02-15 16:00:00,mac-waste-scenario,Project Vega,ram,64,10.22,GB,15.97
2025-02-15 17:00:00,mac-waste-scenario,Project Vega,ram,64,9.02,GB,14.1
2025-02-15 18:00:00,mac-waste-scenario,Project Vega,ram,64,10.62,GB,16.59
2025-02-15 19:00:00,mac-waste-scenario,Project Vega,ram,64,8.61,GB,13.45
2025-02-15 20:00:00,mac-waste-scenario,Project Vega,ram,64,8.4,GB,13.13
2025-02-15 21:00:00,mac-waste-scenario,Project Vega,ram,64,7.74,GB,12.1
2025-02-15 22:00:00,mac-waste-scenario,Project Vega,ram,64,9.93,GB,15.52
2025-02-15 23:00:00,mac-waste-scenario,Project Vega,ram,64,9.53,GB,14.89
2025-02-16 00:00:00,mac-waste-scenario,Project Vega,ram,64,9.5,GB,14.85
2025-02-16 01:00:00,mac-waste-scenario,Project Vega,ram,64,9.08,GB,14.18
2025-02-16 02:00:00,mac-waste-scenario,Project Vega,ram,64,11.44,GB,17.88
2025-02-16 03:00:00,mac-waste-scenario,Project Vega,ram,64,9.06,GB,14.15
2025-02-16 04:00:00,mac-waste-scenario,Project Vega,ram,64,8.67,GB,13.55
2025-02-16 05:00:00,mac-waste-scenario,Project Vega,ram,64,11.2,GB,17.49
2025-02-16 06:00:00,mac-waste-scenario,Project Vega,ram,64,11.42,GB,17.84
2025-02-16 07:00:00,mac-waste-scenario,Project Vega,ram,64,10.03,GB,15.68
2025-02-16 08:00:00,mac-waste-scenario,Project Vega,ram,64,7.37,GB,11.52
2025-02-16 09:00:00,mac-waste-scenario,Project Vega,ram,64,8.83,GB,13.8
2025-02-16 10:00:00,mac-waste-scenario,Project Vega,ram,64,10.38,GB,16.23
2025-02-16 11:00:00,mac-waste-scenario,Project Vega,ram,64,9.62,GB,15.04
2025-02-16 12:00:00,mac-waste-scenario,Project Vega,ram,64,11.59,GB,18.11
2025-02-16 13:00:00,mac-waste-scenario,Project Vega,ram,64,7.85,GB,12.27
2025-02-16 14:00:00,mac-waste-scenario,Project Vega,ram,64,10.47,GB,16.36
2025-02-16 15:00:00,mac-waste-scenario,Project Vega,ram,64,8.8,GB,13.75
2025-02-16 16:00:00,mac-waste-scenario,Project Vega,ram,64,11.29,GB,17.65
2025-02-16 17:00:00,mac-waste-scenario,Project Vega,ram,64,9.5,GB,14.85
2025-02-16 18:00:00,mac-waste-scenario,Project Vega,ram,64,10.92,GB,17.06
2025-02-16 19:00:00,mac-waste-scenario,Project Vega,ram,64,8.77,GB,13.7
2025-02-16 20:00:00,mac-waste-scenario,Project Vega,ram,64,7.8,GB,12.18
2025-02-16 21:00:00,mac-waste-scenario,Project Vega,ram,64,8.18,GB,12.78
2025-02-16 22:00:00,mac-waste-scenario,Project Vega,ram,64,8.82,GB,13.79
2025-02-16 23:00:00,mac-waste-scenario,Project Vega,ram,64,8.29,GB,12.95
2025-02-17 00:00:00,mac-waste-scenario,Project Vega,ram,64,11.14,GB,17.4
2025-02-17 01:00:00,mac-waste-scenario,Project Vega,ram,64,11.31,GB,17.68
2025-02-17 02:00:00,mac-waste-scenario,Project Vega,ram,64,9.95,GB,15.55
2025-02-17 03:00:00,mac-waste-scenario,Project Vega,ram,64,8.28,GB,12.93
2025-02-17 04:00:00,mac-waste-scenario,Project Vega,ram,64,9.45,GB,14.76
2025-02-17 05:00:00,mac-waste-scenario,Project Vega,ram,64,8.72,GB,13.63
2025-02-17 06:00:00,mac-waste-scenario,Project Vega,ram,64,11.46,GB,17.91
2025-02-17 07:00:00,mac-waste-scenario,Project Vega,ram,64,10.0,GB,15.63
2025-02-17 08:00:00,mac-waste-scenario,Project Vega,ram,64,10.23,GB,15.98
2025-02-17 09:00:00,mac-waste-scenario,Project Vega,ram,64,9.09,GB,14.2
2025-02-17 10:00:00,mac-waste-scenario,Project Vega,ram,64,7.03,GB,10.98
2025-02-17 11:00:00,mac-waste-scenario,Project Vega,ram,64,8.61,GB,13.46
2025-02-17 12:00:00,mac-waste-scenario,Project Vega,ram,64,8.17,GB,12.77
2025-02-17 13:00:00,mac-waste-scenario,Project Vega,ram,64,10.07,GB,15.74
2025-02-17 14:00:00,mac-waste-scenario,Project Vega,ram,64,9.72,GB,15.19
2025-02-17 15:00:00,mac-waste-scenario,Project Vega,ram,64,8.57,GB,13.4
2025-02-17 16:00:00,mac-waste-scenario,Project Vega,ram,64,9.1,GB,14.22
2025-02-17 17:00:00,mac-waste-scenario,Project Vega,ram,64,11.61,GB,18.13
2025-02-17 18:00:00,mac-waste-scenario,Project Vega,ram,64,8.37,GB,13.08
2025-02-17 19:00:00,mac-waste-scenario,Project Vega,ram,64,8.43,GB,13.16
2025-02-17 20:00:00,mac-waste-scenario,Project Vega,ram,64,9.31,GB,14.54
2025-02-17 21:00:00,mac-waste-scenario,Project Vega,ram,64,8.71,GB,13.6
2025-02-17 22:00:00,mac-waste-scenario,Project Vega,ram,64,9.05,GB,14.14
2025-02-17 23:00:00,mac-waste-scenario,Project Vega,ram,64,10.28,GB,16.06
2025-02-18 00:00:00,mac-waste-scenario,Project Vega,ram,64,11.82,GB,18.46
2025-02-18 01:00:00,mac-waste-scenario,Project Vega,ram,64,7.32,GB,11.44
2025-02-18 02:00:00,mac-waste-scenario,Project Vega,ram,64,9.58,GB,14.96
2025-02-18 03:00:00,mac-waste-scenario,Project Vega,ram,64,9.65,GB,15.08
2025-02-18 04:00:00,mac-waste-scenario,Project Vega,ram,64,9.49,GB,14.83
2025-02-18 05:00:00,mac-waste-scenario,Project Vega,ram,64,9.36,GB,14.63
2025-02-18 06:00:00,mac-waste-scenario,Project Vega,ram,64,9.16,GB,14.32
2025-02-18 07:00:00,mac-waste-scenario,Project Vega,ram,64,10.89,GB,17.01
2025-02-18 08:00:00,mac-waste-scenario,Project Vega,ram,64,9.0,GB,14.07
2025-02-18 09:00:00,mac-waste-scenario,Project Vega,ram,64,9.44,GB,14.75
2025-02-18 10:00:00,mac-waste-scenario,Project Vega,ram,64,9.6,GB,15.0
2025-02-18 11:00:00,mac-waste-scenario,Project Vega,ram,64,9.74,GB,15.21
2025-02-18 12:00:00,mac-waste-scenario,Project Vega,ram,64,9.38,GB,14.66
2025-02-18 13:00:00,mac-waste-scenario,Project Vega,ram,64,10.88,GB,17.0
2025-02-18 14:00:00,mac-waste-scenario,Project Vega,ram,64,9.59,GB,14.98
2025-02-18 15:00:00,mac-waste-scenario,Project Vega,ram,64,9.82,GB,15.35
2025-02-18 16:00:00,mac-waste-scenario,Project Vega,ram,64,9.53,GB,14.9
2025-02-18 17:00:00,mac-waste-scenario,Project Vega,ram,64,8.32,GB,12.99
2025-02-18 18:00:00,mac-waste-scenario,Project Vega,ram,64,8.54,GB,13.34
2025-02-18 19:00:00,mac-waste-scenario,Project Vega,ram,64,8.26,GB,12.9
2025-02-18 20:00:00,mac-waste-scenario,Project Vega,ram,64,9.85,GB,15.39
2025-02-18 21:00:00,mac-waste-scenario,Project Vega,ram,64,8.69,GB,13.57
2025-02-18 22:00:00,mac-waste-scenario,Project Vega,ram,64,8.24,GB,12.88
2025-02-18 23:00:00,mac-waste-scenario,Project Vega,ram,64,9.9,GB,15.48
2025-02-19 00:00:00,mac-waste-scenario,Project Vega,ram,64,10.27,GB,16.05
2025-02-19 01:00:00,mac-waste-scenario,Project Vega,ram,64,7.35,GB,11.48
2025-02-19 02:00:00,mac-waste-scenario,Project Vega,ram,64,11.76,GB,18.38
2025-02-19 03:00:00,mac-waste-scenario,Project Vega,ram,64,9.64,GB,15.06
2025-02-19 04:00:00,mac-waste-scenario,Project Vega,ram,64,9.47,GB,14.79
2025-02-19 05:00:00,mac-waste-scenario,Project Vega,ram,64,10.97,GB,17.13
2025-02-19 06:00:00,mac-waste-scenario,Project Vega,ram,64,9.69,GB,15.14
2025-02-19 07:00:00,mac-waste-scenario,Project Vega,ram,64,8.83,GB,13.79
2025-02-19 08:00:00,mac-waste-scenario,Project Vega,ram,64,12.41,GB,19.39
2025-02-19 09:00:00,mac-waste-scenario,Project Vega,ram,64,8.22,GB,12.85
2025-02-19 10:00:00,mac-waste-scenario,Project Vega,ram,64,9.48,GB,14.8
2025-02-19 11:00:00,mac-waste-scenario,Project Vega,ram,64,10.68,GB,16.69
2025-02-19 12:00:00,mac-waste-scenario,Project Vega,ram,64,8.23,GB,12.86
2025-02-19 13:00:00,mac-waste-scenario,Project Vega,ram,64,9.47,GB,14.8
2025-02-19 14:00:00,mac-waste-scenario,Project Vega,ram,64,10.09,GB,15.77
2025-02-19 15:00:00,mac-waste-scenario,Project Vega,ram,64,12.67,GB,19.8
2025-02-19 16:00:00,mac-waste-scenario,Project Vega,ram,64,8.46,GB,13.21
2025-02-19 17:00:00,mac-waste-scenario,Project Vega,ram,64,9.54,GB,14.9
2025-02-19 18:00:00,mac-waste-scenario,Project Vega,ram,64,10.44,GB,16.32
2025-02-19 19:00:00,mac-waste-scenario,Project Vega,ram,64,9.7,GB,15.16
2025-02-19 20:00:00,mac-waste-scenario,Project Vega,ram,64,8.06,GB,12.59
2025-02-19 21:00:00,mac-waste-scenario,Project Vega,ram,64,10.12,GB,15.82
2025-02-19 22:00:00,mac-waste-scenario,Project Vega,ram,64,9.74,GB,15.22
2025-02-19 23:00:00,mac-waste-scenario,Project Vega,ram,64,10.17,GB,15.89
2025-02-20 00:00:00,mac-waste-scenario,Project Vega,ram,64,11.05,GB,17.26
2025-02-20 01:00:00,mac-waste-scenario,Project Vega,ram,64,10.9,GB,17.03
2025-02-20 02:00:00,mac-waste-scenario,Project Vega,ram,64,10.12,GB,15.82
2025-02-20 03:00:00,mac-waste-scenario,Project Vega,ram,64,10.0,GB,15.62
2025-02-20 04:00:00,mac-waste-scenario,Project Vega,ram,64,8.19,GB,12.8
2025-02-20 05:00:00,mac-waste-scenario,Project Vega,ram,64,9.43,GB,14.73
2025-02-20 06:00:00,mac-waste-scenario,Project Vega,ram,64,9.88,GB,15.44
2025-02-20 07:00:00,mac-waste-scenario,Project Vega,ram,64,9.09,GB,14.2
2025-02-20 08:00:00,mac-waste-scenario,Project Vega,ram,64,9.72,GB,15.2
2025-02-20 09:00:00,mac-waste-scenario,Project Vega,ram,64,8.54,GB,13.35
2025-02-20 10:00:00,mac-waste-scenario,Project Vega,ram,64,11.56,GB,18.07
2025-02-20 11:00:00,mac-waste-scenario,Project Vega,ram,64,12.35,GB,19.3
2025-02-20 12:00:00,mac-waste-scenario,Project Vega,ram,64,9.1,GB,14.22
2025-02-20 13:00:00,mac-waste-scenario,Project Vega,ram,64,10.11,GB,15.8
2025-02-20 14:00:00,mac-waste-scenario,Project Vega,ram,64,9.3,GB,14.53
2025-02-20 15:00:00,mac-waste-scenario,Project Vega,ram,64,11.22,GB,17.53
2025-02-20 16:00:00,mac-waste-scenario,Project Vega,ram,64,10.16,GB,15.87
2025-02-20 17:00:00,mac-waste-scenario,Project Vega,ram,64,9.7,GB,15.15
2025-02-20 18:00:00,mac-waste-scenario,Project Vega,ram,64,9.31,GB,14.55
2025-02-20 19:00:00,mac-waste-scenario,Project Vega,ram,64,9.76,GB,15.25
2025-02-20 20:00:00,mac-waste-scenario,Project Vega,ram,64,8.32,GB,13.0
2025-02-20 21:00:00,mac-waste-scenario,Project Vega,ram,64,10.46,GB,16.35
2025-02-20 22:00:00,mac-waste-scenario,Project Vega,ram,64,8.69,GB,13.57
2025-02-20 23:00:00,mac-waste-scenario,Project Vega,ram,64,10.28,GB,16.07
2025-02-21 00:00:00,mac-waste-scenario,Project Vega,ram,64,9.77,GB,15.26
2025-02-21 01:00:00,mac-waste-scenario,Project Vega,ram,64,11.0,GB,17.19
2025-02-21 02:00:00,mac-waste-scenario,Project Vega,ram,64,9.58,GB,14.97
2025-02-21 03:00:00,mac-waste-scenario,Project Vega,ram,64,10.91,GB,17.05
2025-02-21 04:00:00,mac-waste-scenario,Project Vega,ram,64,8.42,GB,13.16
2025-02-21 05:00:00,mac-waste-scenario,Project Vega,ram,64,10.38,GB,16.22
2025-02-21 06:00:00,mac-waste-scenario,Project Vega,ram,64,9.31,GB,14.55
2025-02-21 07:00:00,mac-waste-scenario,Project Vega,ram,64,9.85,GB,15.39
2025-02-21 08:00:00,mac-waste-scenario,Project Vega,ram,64,9.69,GB,15.14
2025-02-21 09:00:00,mac-waste-scenario,Project Vega,ram,64,10.8,GB,16.87
2025-02-21 10:00:00,mac-waste-scenario,Project Vega,ram,64,7.01,GB,10.96
2025-02-21 11:00:00,mac-waste-scenario,Project Vega,ram,64,10.01,GB,15.65
2025-02-21 12:00:00,mac-waste-scenario,Project Vega,ram,64,7.69,GB,12.01
2025-02-21 13:00:00,mac-waste-scenario,Project Vega,ram,64,11.14,GB,17.41
2025-02-21 14:00:00,mac-waste-scenario,Project Vega,ram,64,7.07,GB,11.05
2025-02-21 15:00:00,mac-waste-scenario,Project Vega,ram,64,8.32,GB,12.99
2025-02-21 16:00:00,mac-waste-scenario,Project Vega,ram,64,7.46,GB,11.65
2025-02-21 17:00:00,mac-waste-scenario,Project Vega,ram,64,11.7,GB,18.28
2025-02-21 18:00:00,mac-waste-scenario,Project Vega,ram,64,7.95,GB,12.42
2025-02-21 19:00:00,mac-waste-scenario,Project Vega,ram,64,9.75,GB,15.23
2025-02-21 20:00:00,mac-waste-scenario,Project Vega,ram,64,8.91,GB,13.93
2025-02-21 21:00:00,mac-waste-scenario,Project Vega,ram,64,7.3,GB,11.4
2025-02-21 22:00:00,mac-waste-scenario,Project Vega,ram,64,9.17,GB,14.33
2025-02-21 23:00:00,mac-waste-scenario,Project Vega,ram,64,10.45,GB,16.33
2025-02-22 00:00:00,mac-waste-scenario,Project Vega,ram,64,9.36,GB,14.63
2025-02-22 01:00:00,mac-waste-scenario,Project Vega,ram,64,10.8,GB,16.88
2025-02-22 02:00:00,mac-waste-scenario,Project Vega,ram,64,9.14,GB,14.28
2025-02-22 03:00:00,mac-waste-scenario,Project Vega,ram,64,9.61,GB,15.01
2025-02-22 04:00:00,mac-waste-scenario,Project Vega,ram,64,9.11,GB,14.23
2025-02-22 05:00:00,mac-waste-scenario,Project Vega,ram,64,10.04,GB,15.69
2025-02-22 06:00:00,mac-waste-scenario,Project Vega,ram,64,12.03,GB,18.8
2025-02-22 07:00:00,mac-waste-scenario,Project Vega,ram,64,10.06,GB,15.72
2025-02-22 08:00:00,mac-waste-scenario,Project Vega,ram,64,9.85,GB,15.39
2025-02-22 09:00:00,mac-waste-scenario,Project Vega,ram,64,8.81,GB,13.76
2025-02-22 10:00:00,mac-waste-scenario,Project Vega,ram,64,8.63,GB,13.49
2025-02-22 11:00:00,mac-waste-scenario,Project Vega,ram,64,11.47,GB,17.93
2025-02-22 12:00:00,mac-waste-scenario,Project Vega,ram,64,8.18,GB,12.78
2025-02-22 13:00:00,mac-waste-scenario,Project Vega,ram,64,8.43,GB,13.17
2025-02-22 14:00:00,mac-waste-scenario,Project Vega,ram,64,9.48,GB,14.81
2025-02-22 15:00:00,mac-waste-scenario,Project Vega,ram,64,9.05,GB,14.15
2025-02-22 16:00:00,mac-waste-scenario,Project Vega,ram,64,12.1,GB,18.91
2025-02-22 17:00:00,mac-waste-scenario,Project Vega,ram,64,6.57,GB,10.27
2025-02-22 18:00:00,mac-waste-scenario,Project Vega,ram,64,10.06,GB,15.72
2025-02-22 19:00:00,mac-waste-scenario,Project Vega,ram,64,10.51,GB,16.43
2025-02-22 20:00:00,mac-waste-scenario,Project Vega,ram,64,8.17,GB,12.76
2025-02-22 21:00:00,mac-waste-scenario,Project Vega,ram,64,8.77,GB,13.71
2025-02-22 22:00:00,mac-waste-scenario,Project Vega,ram,64,10.15,GB,15.87
2025-02-22 23:00:00,mac-waste-scenario,Project Vega,ram,64,11.69,GB,18.26
2025-02-23 00:00:00,mac-waste-scenario,Project Vega,ram,64,8.42,GB,13.16
2025-02-23 01:00:00,mac-waste-scenario,Project Vega,ram,64,7.58,GB,11.84
2025-02-23 02:00:00,mac-waste-scenario,Project Vega,ram,64,10.84,GB,16.94
2025-02-23 03:00:00,mac-waste-scenario,Project Vega,ram,64,11.55,GB,18.05
2025-02-23 04:00:00,mac-waste-scenario,Project Vega,ram,64,9.17,GB,14.33
2025-02-23 05:00:00,mac-waste-scenario,Project Vega,ram,64,6.77,GB,10.57
2025-02-23 06:00:00,mac-waste-scenario,Project Vega,ram,64,11.46,GB,17.9
2025-02-23 07:00:00,mac-waste-scenario,Project Vega,ram,64,9.35,GB,14.6
2025-02-23 08:00:00,mac-waste-scenario,Project Vega,ram,64,11.04,GB,17.25
2025-02-23 09:00:00,mac-waste-scenario,Project Vega,ram,64,9.54,GB,14.91
2025-02-23 10:00:00,mac-waste-scenario,Project Vega,ram,64,9.12,GB,14.25
2025-02-23 11:00:00,mac-waste-scenario,Project Vega,ram,64,9.02,GB,14.1
2025-02-23 12:00:00,mac-waste-scenario,Project Vega,ram,64,11.49,GB,17.95
2025-02-23 13:00:00,mac-waste-scenario,Project Vega,ram,64,11.44,GB,17.87
2025-02-23 14:00:00,mac-waste-scenario,Project Vega,ram,64,6.86,GB,10.72
2025-02-23 15:00:00,mac-waste-scenario,Project Vega,ram,64,8.4,GB,13.13
2025-02-23 16:00:00,mac-waste-scenario,Project Vega,ram,64,11.87,GB,18.55
2025-02-23 17:00:00,mac-waste-scenario,Project Vega,ram,64,9.13,GB,14.27
2025-02-23 18:00:00,mac-waste-scenario,Project Vega,ram,64,7.86,GB,12.28
2025-02-23 19:00:00,mac-waste-scenario,Project Vega,ram,64,9.61,GB,15.01
2025-02-23 20:00:00,mac-waste-scenario,Project Vega,ram,64,9.46,GB,14.78
2025-02-23 21:00:00,mac-waste-scenario,Project Vega,ram,64,9.48,GB,14.81
2025-02-23 22:00:00,mac-waste-scenario,Project Vega,ram,64,8.99,GB,14.04
2025-02-23 23:00:00,mac-waste-scenario,Project Vega,ram,64,9.2,GB,14.38
2025-02-24 00:00:00,mac-waste-scenario,Project Vega,ram,64,9.02,GB,14.09
2025-02-24 01:00:00,mac-waste-scenario,Project Vega,ram,64,10.03,GB,15.67
2025-02-24 02:00:00,mac-waste-scenario,Project Vega,ram,64,8.56,GB,13.37
2025-02-24 03:00:00,mac-waste-scenario,Project Vega,ram,64,9.23,GB,14.42
2025-02-24 04:00:00,mac-waste-scenario,Project Vega,ram,64,9.42,GB,14.71
2025-02-24 05:00:00,mac-waste-scenario,Project Vega,ram,64,11.27,GB,17.61
2025-02-24 06:00:00,mac-waste-scenario,Project Vega,ram,64,10.08,GB,15.75
2025-02-24 07:00:00,mac-waste-scenario,Project Vega,ram,64,9.46,GB,14.78
2025-02-24 08:00:00,mac-waste-scenario,Project Vega,ram,64,10.29,GB,16.07
2025-02-24 09:00:00,mac-waste-scenario,Project Vega,ram,64,10.12,GB,15.81
2025-02-24 10:00:00,mac-waste-scenario,Project Vega,ram,64,10.99,GB,17.18
2025-02-24 11:00:00,mac-waste-scenario,Project Vega,ram,64,10.25,GB,16.01
2025-02-24 12:00:00,mac-waste-scenario,Project Vega,ram,64,11.9,GB,18.59
2025-02-24 13:00:00,mac-waste-scenario,Project Vega,ram,64,11.32,GB,17.69
2025-02-24 14:00:00,mac-waste-scenario,Project Vega,ram,64,9.55,GB,14.92
2025-02-24 15:00:00,mac-waste-scenario,Project Vega,ram,64,9.07,GB,14.17
2025-02-24 16:00:00,mac-waste-scenario,Project Vega,ram,64,10.73,GB,16.77
2025-02-24 17:00:00,mac-waste-scenario,Project Vega,ram,64,10.26,GB,16.03
2025-02-24 18:00:00,mac-waste-scenario,Project Vega,ram,64,9.48,GB,14.81
2025-02-24 19:00:00,mac-waste-scenario,Project Vega,ram,64,7.71,GB,12.05
2025-02-24 20:00:00,mac-waste-scenario,Project Vega,ram,64,7.25,GB,11.34
2025-02-24 21:00:00,mac-waste-scenario,Project Vega,ram,64,10.05,GB,15.7
2025-02-24 22:00:00,mac-waste-scenario,Project Vega,ram,64,10.59,GB,16.54
2025-02-24 23:00:00,mac-waste-scenario,Project Vega,ram,64,10.63,GB,16.61
2025-02-25 00:00:00,mac-waste-scenario,Project Vega,ram,64,7.95,GB,12.43
2025-02-25 01:00:00,mac-waste-scenario,Project Vega,ram,64,10.93,GB,17.07
2025-02-25 02:00:00,mac-waste-scenario,Project Vega,ram,64,8.92,GB,13.93
2025-02-25 03:00:00,mac-waste-scenario,Project Vega,ram,64,10.1,GB,15.78
2025-02-25 04:00:00,mac-waste-scenario,Project Vega,ram,64,10.13,GB,15.83
2025-02-25 05:00:00,mac-waste-scenario,Project Vega,ram,64,8.57,GB,13.4
2025-02-25 06:00:00,mac-waste-scenario,Project Vega,ram,64,8.84,GB,13.82
2025-02-25 07:00:00,mac-waste-scenario,Project Vega,ram,64,6.95,GB,10.85
2025-02-25 08:00:00,mac-waste-scenario,Project Vega,ram,64,8.43,GB,13.17
2025-02-25 09:00:00,mac-waste-scenario,Project Vega,ram,64,7.29,GB,11.39
2025-02-25 10:00:00,mac-waste-scenario,Project Vega,ram,64,10.16,GB,15.87
2025-02-25 11:00:00,mac-waste-scenario,Project Vega,ram,64,9.68,GB,15.12
2025-02-25 12:00:00,mac-waste-scenario,Project Vega,ram,64,10.77,GB,16.83
2025-02-25 13:00:00,mac-waste-scenario,Project Vega,ram,64,10.06,GB,15.71
2025-02-25 14:00:00,mac-waste-scenario,Project Vega,ram,64,8.79,GB,13.73
2025-02-25 15:00:00,mac-waste-scenario,Project Vega,ram,64,10.04,GB,15.69
2025-02-25 16:00:00,mac-waste-scenario,Project Vega,ram,64,9.1,GB,14.22
2025-02-25 17:00:00,mac-waste-scenario,Project Vega,ram,64,10.38,GB,16.22
2025-02-25 18:00:00,mac-waste-scenario,Project Vega,ram,64,10.0,GB,15.63
2025-02-25 19:00:00,mac-waste-scenario,Project Vega,ram,64,8.33,GB,13.02
2025-02-25 20:00:00,mac-waste-scenario,Project Vega,ram,64,9.6,GB,15.0
2025-02-25 21:00:00,mac-waste-scenario,Project Vega,ram,64,9.67,GB,15.11
2025-02-25 22:00:00,mac-waste-scenario,Project Vega,ram,64,9.21,GB,14.38
2025-02-25 23:00:00,mac-waste-scenario,Project Vega,ram,64,10.75,GB,16.79
2025-02-26 00:00:00,mac-waste-scenario,Project Vega,ram,64,11.79,GB,18.43
2025-02-26 01:00:00,mac-waste-scenario,Project Vega,ram,64,9.13,GB,14.26
2025-02-26 02:00:00,mac-waste-scenario,Project Vega,ram,64,9.15,GB,14.3
2025-02-26 03:00:00,mac-waste-scenario,Project Vega,ram,64,6.72,GB,10.5
2025-02-26 04:00:00,mac-waste-scenario,Project Vega,ram,64,9.43,GB,14.74
2025-02-26 05:00:00,mac-waste-scenario,Project Vega,ram,64,9.04,GB,14.13
2025-02-26 06:00:00,mac-waste-scenario,Project Vega,ram,64,6.83,GB,10.68
2025-02-26 07:00:00,mac-waste-scenario,Project Vega,ram,64,9.97,GB,15.58
2025-02-26 08:00:00,mac-waste-scenario,Project Vega,ram,64,10.36,GB,16.18
2025-02-26 09:00:00,mac-waste-scenario,Project Vega,ram,64,8.66,GB,13.53
2025-02-26 10:00:00,mac-waste-scenario,Project Vega,ram,64,9.12,GB,14.25
2025-02-26 11:00:00,mac-waste-scenario,Project Vega,ram,64,8.36,GB,13.07
2025-02-26 12:00:00,mac-waste-scenario,Project Vega,ram,64,10.58,GB,16.53
2025-02-26 13:00:00,mac-waste-scenario,Project Vega,ram,64,7.66,GB,11.97
2025-02-26 14:00:00,mac-waste-scenario,Project Vega,ram,64,9.2,GB,14.37
2025-02-26 15:00:00,mac-waste-scenario,Project Vega,ram,64,12.1,GB,18.9
2025-02-26 16:00:00,mac-waste-scenario,Project Vega,ram,64,9.67,GB,15.1
2025-02-26 17:00:00,mac-waste-scenario,Project Vega,ram,64,10.2,GB,15.94
2025-02-26 18:00:00,mac-waste-scenario,Project Vega,ram,64,9.41,GB,14.71
2025-02-26 19:00:00,mac-waste-scenario,Project Vega,ram,64,8.1,GB,12.65
2025-02-26 20:00:00,mac-waste-scenario,Project Vega,ram,64,9.56,GB,14.93
2025-02-26 21:00:00,mac-waste-scenario,Project Vega,ram,64,10.12,GB,15.81
2025-02-26 22:00:00,mac-waste-scenario,Project Vega,ram,64,8.29,GB,12.95
2025-02-26 23:00:00,mac-waste-scenario,Project Vega,ram,64,10.04,GB,15.68
2025-02-27 00:00:00,mac-waste-scenario,Project Vega,ram,64,11.19,GB,17.49
2025-02-27 01:00:00,mac-waste-scenario,Project Vega,ram,64,10.97,GB,17.14
2025-02-27 02:00:00,mac-waste-scenario,Project Vega,ram,64,7.57,GB,11.83
2025-02-27 03:00:00,mac-waste-scenario,Project Vega,ram,64,8.35,GB,13.05
2025-02-27 04:00:00,mac-waste-scenario,Project Vega,ram,64,7.53,GB,11.77
2025-02-27 05:00:00,mac-waste-scenario,Project Vega,ram,64,10.97,GB,17.14
2025-02-27 06:00:00,mac-waste-scenario,Project Vega,ram,64,10.38,GB,16.22
2025-02-27 07:00:00,mac-waste-scenario,Project Vega,ram,64,10.5,GB,16.41
2025-02-27 08:00:00,mac-waste-scenario,Project Vega,ram,64,8.48,GB,13.24
2025-02-27 09:00:00,mac-waste-scenario,Project Vega,ram,64,8.11,GB,12.67
2025-02-27 10:00:00,mac-waste-scenario,Project Vega,ram,64,9.7,GB,15.15
2025-02-27 11:00:00,mac-waste-scenario,Project Vega,ram,64,9.73,GB,15.2
2025-02-27 12:00:00,mac-waste-scenario,Project Vega,ram,64,8.51,GB,13.29
2025-02-27 13:00:00,mac-waste-scenario,Project Vega,ram,64,9.78,GB,15.28
2025-02-27 14:00:00,mac-waste-scenario,Project Vega,ram,64,10.43,GB,16.29
2025-02-27 15:00:00,mac-waste-scenario,Project Vega,ram,64,9.89,GB,15.46
2025-02-27 16:00:00,mac-waste-scenario,Project Vega,ram,64,8.27,GB,12.92
2025-02-27 17:00:00,mac-waste-scenario,Project Vega,ram,64,6.9,GB,10.77
2025-02-27 18:00:00,mac-waste-scenario,Project Vega,ram,64,9.27,GB,14.48
2025-02-27 19:00:00,mac-waste-scenario,Project Vega,ram,64,9.81,GB,15.33
2025-02-27 20:00:00,mac-waste-scenario,Project Vega,ram,64,9.27,GB,14.48
2025-02-27 21:00:00,mac-waste-scenario,Project Vega,ram,64,9.05,GB,14.14
2025-02-27 22:00:00,mac-waste-scenario,Project Vega,ram,64,8.71,GB,13.62
2025-02-27 23:00:00,mac-waste-scenario,Project Vega,ram,64,10.52,GB,16.43
2025-02-28 00:00:00,mac-waste-scenario,Project Vega,ram,64,9.53,GB,14.9
2025-02-28 01:00:00,mac-waste-scenario,Project Vega,ram,64,9.76,GB,15.25
2025-02-28 02:00:00,mac-waste-scenario,Project Vega,ram,64,8.36,GB,13.06
2025-02-28 03:00:00,mac-waste-scenario,Project Vega,ram,64,8.81,GB,13.76
2025-02-28 04:00:00,mac-waste-scenario,Project Vega,ram,64,9.81,GB,15.33
2025-02-28 05:00:00,mac-waste-scenario,Project Vega,ram,64,8.31,GB,12.99
2025-02-28 06:00:00,mac-waste-scenario,Project Vega,ram,64,7.99,GB,12.48
2025-02-28 07:00:00,mac-waste-scenario,Project Vega,ram,64,9.18,GB,14.34
2025-02-28 08:00:00,mac-waste-scenario,Project Vega,ram,64,11.14,GB,17.4
2025-02-28 09:00:00,mac-waste-scenario,Project Vega,ram,64,9.84,GB,15.38
2025-02-28 10:00:00,mac-waste-scenario,Project Vega,ram,64,11.47,GB,17.92
2025-02-28 11:00:00,mac-waste-scenario,Project Vega,ram,64,9.43,GB,14.74
2025-02-28 12:00:00,mac-waste-scenario,Project Vega,ram,64,9.2,GB,14.38
2025-02-28 13:00:00,mac-waste-scenario,Project Vega,ram,64,7.82,GB,12.22
2025-02-28 14:00:00,mac-waste-scenario,Project Vega,ram,64,8.86,GB,13.85
2025-02-28 15:00:00,mac-waste-scenario,Project Vega,ram,64,11.44,GB,17.87
2025-02-28 16:00:00,mac-waste-scenario,Project Vega,ram,64,10.02,GB,15.66
2025-02-28 17:00:00,mac-waste-scenario,Project Vega,ram,64,10.54,GB,16.47
2025-02-28 18:00:00,mac-waste-scenario,Project Vega,ram,64,10.5,GB,16.41
2025-02-28 19:00:00,mac-waste-scenario,Project Vega,ram,64,9.59,GB,14.98
2025-02-28 20:00:00,mac-waste-scenario,Project Vega,ram,64,9.34,GB,14.59
2025-02-28 21:00:00,mac-waste-scenario,Project Vega,ram,64,9.75,GB,15.24
2025-02-28 22:00:00,mac-waste-scenario,Project Vega,ram,64,10.46,GB,16.34
2025-02-28 23:00:00,mac-waste-scenario,Project Vega,ram,64,10.19,GB,15.92
2025-03-01 00:00:00,mac-waste-scenario,Project Vega,ram,64,10.23,GB,15.98
2025-03-01 01:00:00,mac-waste-scenario,Project Vega,ram,64,9.8,GB,15.31
2025-03-01 02:00:00,mac-waste-scenario,Project Vega,ram,64,8.61,GB,13.46
2025-03-01 03:00:00,mac-waste-scenario,Project Vega,ram,64,9.27,GB,14.48
2025-03-01 04:00:00,mac-waste-scenario,Project Vega,ram,64,8.39,GB,13.12
2025-03-01 05:00:00,mac-waste-scenario,Project Vega,ram,64,10.89,GB,17.01
2025-03-01 06:00:00,mac-waste-scenario,Project Vega,ram,64,6.91,GB,10.8
2025-03-01 07:00:00,mac-waste-scenario,Project Vega,ram,64,9.32,GB,14.56
2025-03-01 08:00:00,mac-waste-scenario,Project Vega,ram,64,12.66,GB,19.77
2025-03-01 09:00:00,mac-waste-scenario,Project Vega,ram,64,9.16,GB,14.32
2025-03-01 10:00:00,mac-waste-scenario,Project Vega,ram,64,8.15,GB,12.73
2025-03-01 11:00:00,mac-waste-scenario,Project Vega,ram,64,9.58,GB,14.96
2025-03-01 12:00:00,mac-waste-scenario,Project Vega,ram,64,11.25,GB,17.58
2025-03-01 13:00:00,mac-waste-scenario,Project Vega,ram,64,9.39,GB,14.68
2025-03-01 14:00:00,mac-waste-scenario,Project Vega,ram,64,10.39,GB,16.23
2025-03-01 15:00:00,mac-waste-scenario,Project Vega,ram,64,9.73,GB,15.2
2025-03-01 16:00:00,mac-waste-scenario,Project Vega,ram,64,9.12,GB,14.25
2025-03-01 17:00:00,mac-waste-scenario,Project Vega,ram,64,13.63,GB,21.3
2025-03-01 18:00:00,mac-waste-scenario,Project Vega,ram,64,9.69,GB,15.14
2025-03-01 19:00:00,mac-waste-scenario,Project Vega,ram,64,8.91,GB,13.93
2025-03-01 20:00:00,mac-waste-scenario,Project Vega,ram,64,8.97,GB,14.02
2025-03-01 21:00:00,mac-waste-scenario,Project Vega,ram,64,10.09,GB,15.76
2025-03-01 22:00:00,mac-waste-scenario,Project Vega,ram,64,10.12,GB,15.82
2025-03-01 23:00:00,mac-waste-scenario,Project Vega,ram,64,10.59,GB,16.54
2025-03-02 00:00:00,mac-waste-scenario,Project Vega,ram,64,9.78,GB,15.28
2025-03-02 01:00:00,mac-waste-scenario,Project Vega,ram,64,7.77,GB,12.14
2025-03-02 02:00:00,mac-waste-scenario,Project Vega,ram,64,10.28,GB,16.06
2025-03-02 03:00:00,mac-waste-scenario,Project Vega,ram,64,9.2,GB,14.38
2025-03-02 04:00:00,mac-waste-scenario,Project Vega,ram,64,9.23,GB,14.43
2025-03-02 05:00:00,mac-waste-scenario,Project Vega,ram,64,7.7,GB,12.03
2025-03-02 06:00:00,mac-waste-scenario,Project Vega,ram,64,8.87,GB,13.85
2025-03-02 07:00:00,mac-waste-scenario,Project Vega,ram,64,8.67,GB,13.55
2025-03-02 08:00:00,mac-waste-scenario,Project Vega,ram,64,9.55,GB,14.93
2025-03-02 09:00:00,mac-waste-scenario,Project Vega,ram,64,7.74,GB,12.09
2025-03-02 10:00:00,mac-waste-scenario,Project Vega,ram,64,9.66,GB,15.1
2025-03-02 11:00:00,mac-waste-scenario,Project Vega,ram,64,9.76,GB,15.25
2025-03-02 12:00:00,mac-waste-scenario,Project Vega,ram,64,8.17,GB,12.76
2025-03-02 13:00:00,mac-waste-scenario,Project Vega,ram,64,8.8,GB,13.75
2025-03-02 14:00:00,mac-waste-scenario,Project Vega,ram,64,8.5,GB,13.28
2025-03-02 15:00:00,mac-waste-scenario,Project Vega,ram,64,10.76,GB,16.82
2025-03-02 16:00:00,mac-waste-scenario,Project Vega,ram,64,6.36,GB,9.94
2025-03-02 17:00:00,mac-waste-scenario,Project Vega,ram,64,9.16,GB,14.31
2025-03-02 18:00:00,mac-waste-scenario,Project Vega,ram,64,7.47,GB,11.68
2025-03-02 19:00:00,mac-waste-scenario,Project Vega,ram,64,9.05,GB,14.14
2025-03-02 20:00:00,mac-waste-scenario,Project Vega,ram,64,10.68,GB,16.69
2025-03-02 21:00:00,mac-waste-scenario,Project Vega,ram,64,8.79,GB,13.74
2025-03-02 22:00:00,mac-waste-scenario,Project Vega,ram,64,9.78,GB,15.28
2025-03-02 23:00:00,mac-waste-scenario,Project Vega,ram,64,8.52,GB,13.31
2025-03-03 00:00:00,mac-waste-scenario,Project Vega,ram,64,12.08,GB,18.88
2025-03-03 01:00:00,mac-waste-scenario,Project Vega,ram,64,10.77,GB,16.83
2025-03-03 02:00:00,mac-waste-scenario,Project Vega,ram,64,11.04,GB,17.25
2025-03-03 03:00:00,mac-waste-scenario,Project Vega,ram,64,7.9,GB,12.34
2025-03-03 04:00:00,mac-waste-scenario,Project Vega,ram,64,8.19,GB,12.8
2025-03-03 05:00:00,mac-waste-scenario,Project Vega,ram,64,10.98,GB,17.16
2025-03-03 06:00:00,mac-waste-scenario,Project Vega,ram,64,9.35,GB,14.61
2025-03-03 07:00:00,mac-waste-scenario,Project Vega,ram,64,9.27,GB,14.48
2025-03-03 08:00:00,mac-waste-scenario,Project Vega,ram,64,10.03,GB,15.67
2025-03-03 09:00:00,mac-waste-scenario,Project Vega,ram,64,7.99,GB,12.49
2025-03-03 10:00:00,mac-waste-scenario,Project Vega,ram,64,10.59,GB,16.55
2025-03-03 11:00:00,mac-waste-scenario,Project Vega,ram,64,9.62,GB,15.04
2025-03-03 12:00:00,mac-waste-scenario,Project Vega,ram,64,10.21,GB,15.96
2025-03-03 13:00:00,mac-waste-scenario,Project Vega,ram,64,8.74,GB,13.66
2025-03-03 14:00:00,mac-waste-scenario,Project Vega,ram,64,10.26,GB,16.03
2025-03-03 15:00:00,mac-waste-scenario,Project Vega,ram,64,8.7,GB,13.59
2025-03-03 16:00:00,mac-waste-scenario,Project Vega,ram,64,10.82,GB,16.91
2025-03-03 17:00:00,mac-waste-scenario,Project Vega,ram,64,11.05,GB,17.26
2025-03-03 18:00:00,mac-waste-scenario,Project Vega,ram,64,10.77,GB,16.82
2025-03-03 19:00:00,mac-waste-scenario,Project Vega,ram,64,10.26,GB,16.03
2025-03-03 20:00:00,mac-waste-scenario,Project Vega,ram,64,10.41,GB,16.27
2025-03-03 21:00:00,mac-waste-scenario,Project Vega,ram,64,6.14,GB,9.59
2025-03-03 22:00:00,mac-waste-scenario,Project Vega,ram,64,10.67,GB,16.67
2025-03-03 23:00:00,mac-waste-scenario,Project Vega,ram,64,9.25,GB,14.45
2025-03-04 00:00:00,mac-waste-scenario,Project Vega,ram,64,9.72,GB,15.19
2025-03-04 01:00:00,mac-waste-scenario,Project Vega,ram,64,9.24,GB,14.43
2025-03-04 02:00:00,mac-waste-scenario,Project Vega,ram,64,7.82,GB,12.22
2025-03-04 03:00:00,mac-waste-scenario,Project Vega,ram,64,8.91,GB,13.92
2025-03-04 04:00:00,mac-waste-scenario,Project Vega,ram,64,10.44,GB,16.32
2025-03-04 05:00:00,mac-waste-scenario,Project Vega,ram,64,11.41,GB,17.83
2025-03-04 06:00:00,mac-waste-scenario,Project Vega,ram,64,8.8,GB,13.75
2025-03-04 07:00:00,mac-waste-scenario,Project Vega,ram,64,8.44,GB,13.19
2025-03-04 08:00:00,mac-waste-scenario,Project Vega,ram,64,11.46,GB,17.9
2025-03-04 09:00:00,mac-waste-scenario,Project Vega,ram,64,8.47,GB,13.23
2025-03-04 10:00:00,mac-waste-scenario,Project Vega,ram,64,12.25,GB,19.15
2025-03-04 11:00:00,mac-waste-scenario,Project Vega,ram,64,9.66,GB,15.1
2025-03-04 12:00:00,mac-waste-scenario,Project Vega,ram,64,8.47,GB,13.23
2025-03-04 13:00:00,mac-waste-scenario,Project Vega,ram,64,10.86,GB,16.97
2025-03-04 14:00:00,mac-waste-scenario,Project Vega,ram,64,11.77,GB,18.39
2025-03-04 15:00:00,mac-waste-scenario,Project Vega,ram,64,7.76,GB,12.13
2025-03-04 16:00:00,mac-waste-scenario,Project Vega,ram,64,11.6,GB,18.12
2025-03-04 17:00:00,mac-waste-scenario,Project Vega,ram,64,9.24,GB,14.44
2025-03-04 18:00:00,mac-waste-scenario,Project Vega,ram,64,11.5,GB,17.97
2025-03-04 19:00:00,mac-waste-scenario,Project Vega,ram,64,9.11,GB,14.24
2025-03-04 20:00:00,mac-waste-scenario,Project Vega,ram,64,7.58,GB,11.85
2025-03-04 21:00:00,mac-waste-scenario,Project Vega,ram,64,10.24,GB,16.0
2025-03-04 22:00:00,mac-waste-scenario,Project Vega,ram,64,10.79,GB,16.85
2025-03-04 23:00:00,mac-waste-scenario,Project Vega,ram,64,12.28,GB,19.19
2025-03-05 00:00:00,mac-waste-scenario,Project Vega,ram,64,11.81,GB,18.45
2025-03-05 01:00:00,mac-waste-scenario,Project Vega,ram,64,10.49,GB,16.39
2025-03-05 02:00:00,mac-waste-scenario,Project Vega,ram,64,9.3,GB,14.52
2025-03-05 03:00:00,mac-waste-scenario,Project Vega,ram,64,8.93,GB,13.96
2025-03-05 04:00:00,mac-waste-scenario,Project Vega,ram,64,9.22,GB,14.41
2025-03-05 05:00:00,mac-waste-scenario,Project Vega,ram,64,8.54,GB,13.34
2025-03-05 06:00:00,mac-waste-scenario,Project Vega,ram,64,9.25,GB,14.45
2025-03-05 07:00:00,mac-waste-scenario,Project Vega,ram,64,6.34,GB,9.91
2025-03-05 08:00:00,mac-waste-scenario,Project Vega,ram,64,9.83,GB,15.36
2025-03-05 09:00:00,mac-waste-scenario,Project Vega,ram,64,9.56,GB,14.94
2025-03-05 10:00:00,mac-waste-scenario,Project Vega,ram,64,12.88,GB,20.13
2025-03-05 11:00:00,mac-waste-scenario,Project Vega,ram,64,10.57,GB,16.52
2025-03-05 12:00:00,mac-waste-scenario,Project Vega,ram,64,8.99,GB,14.04
2025-03-05 13:00:00,mac-waste-scenario,Project Vega,ram,64,10.32,GB,16.13
2025-03-05 14:00:00,mac-waste-scenario,Project Vega,ram,64,8.03,GB,12.55
2025-03-05 15:00:00,mac-waste-scenario,Project Vega,ram,64,8.83,GB,13.79
2025-03-05 16:00:00,mac-waste-scenario,Project Vega,ram,64,7.21,GB,11.26
2025-03-05 17:00:00,mac-waste-scenario,Project Vega,ram,64,11.44,GB,17.87
2025-03-05 18:00:00,mac-waste-scenario,Project Vega,ram,64,10.36,GB,16.19
2025-03-05 19:00:00,mac-waste-scenario,Project Vega,ram,64,8.1,GB,12.65
2025-03-05 20:00:00,mac-waste-scenario,Project Vega,ram,64,9.52,GB,14.88
2025-03-05 21:00:00,mac-waste-scenario,Project Vega,ram,64,10.82,GB,16.9
2025-03-05 22:00:00,mac-waste-scenario,Project Vega,ram,64,10.23,GB,15.99
2025-03-05 23:00:00,mac-waste-scenario,Project Vega,ram,64,10.09,GB,15.76
2025-03-06 00:00:00,mac-waste-scenario,Project Vega,ram,64,8.5,GB,13.28
2025-03-06 01:00:00,mac-waste-scenario,Project Vega,ram,64,8.78,GB,13.73
2025-03-06 02:00:00,mac-waste-scenario,Project Vega,ram,64,9.72,GB,15.19
2025-03-06 03:00:00,mac-waste-scenario,Project Vega,ram,64,10.78,GB,16.84
2025-03-06 04:00:00,mac-waste-scenario,Project Vega,ram,64,8.54,GB,13.34
2025-03-06 05:00:00,mac-waste-scenario,Project Vega,ram,64,8.16,GB,12.76
2025-03-06 06:00:00,mac-waste-scenario,Project Vega,ram,64,11.06,GB,17.29
2025-03-06 07:00:00,mac-waste-scenario,Project Vega,ram,64,8.41,GB,13.14
2025-03-06 08:00:00,mac-waste-scenario,Project Vega,ram,64,10.98,GB,17.15
2025-03-06 09:00:00,mac-waste-scenario,Project Vega,ram,64,9.91,GB,15.49
2025-03-06 10:00:00,mac-waste-scenario,Project Vega,ram,64,10.73,GB,16.76
2025-03-06 11:00:00,mac-waste-scenario,Project Vega,ram,64,11.83,GB,18.49
2025-03-06 12:00:00,mac-waste-scenario,Project Vega,ram,64,10.48,GB,16.38
2025-03-06 13:00:00,mac-waste-scenario,Project Vega,ram,64,10.59,GB,16.55
2025-03-06 14:00:00,mac-waste-scenario,Project Vega,ram,64,8.43,GB,13.16
2025-03-06 15:00:00,mac-waste-scenario,Project Vega,ram,64,8.71,GB,13.61
2025-03-06 16:00:00,mac-waste-scenario,Project Vega,ram,64,10.42,GB,16.29
2025-03-06 17:00:00,mac-waste-scenario,Project Vega,ram,64,11.56,GB,18.07
2025-03-06 18:00:00,mac-waste-scenario,Project Vega,ram,64,11.38,GB,17.78
2025-03-06 19:00:00,mac-waste-scenario,Project Vega,ram,64,12.57,GB,19.63
2025-03-06 20:00:00,mac-waste-scenario,Project Vega,ram,64,10.0,GB,15.62
2025-03-06 21:00:00,mac-waste-scenario,Project Vega,ram,64,9.86,GB,15.41
2025-03-06 22:00:00,mac-waste-scenario,Project Vega,ram,64,10.89,GB,17.01
2025-03-06 23:00:00,mac-waste-scenario,Project Vega,ram,64,9.62,GB,15.04
2025-03-07 00:00:00,mac-waste-scenario,Project Vega,ram,64,9.52,GB,14.88
2025-03-07 01:00:00,mac-waste-scenario,Project Vega,ram,64,8.26,GB,12.91
2025-03-07 02:00:00,mac-waste-scenario,Project Vega,ram,64,10.87,GB,16.98
2025-03-07 03:00:00,mac-waste-scenario,Project Vega,ram,64,8.23,GB,12.86
2025-03-07 04:00:00,mac-waste-scenario,Project Vega,ram,64,10.26,GB,16.02
2025-03-07 05:00:00,mac-waste-scenario,Project Vega,ram,64,7.78,GB,12.16
2025-03-07 06:00:00,mac-waste-scenario,Project Vega,ram,64,11.0,GB,17.19
2025-03-07 07:00:00,mac-waste-scenario,Project Vega,ram,64,8.28,GB,12.94
2025-03-07 08:00:00,mac-waste-scenario,Project Vega,ram,64,10.68,GB,16.69
2025-03-07 09:00:00,mac-waste-scenario,Project Vega,ram,64,7.57,GB,11.82
2025-03-07 10:00:00,mac-waste-scenario,Project Vega,ram,64,9.04,GB,14.12
2025-03-07 11:00:00,mac-waste-scenario,Project Vega,ram,64,11.11,GB,17.36
2025-03-07 12:00:00,mac-waste-scenario,Project Vega,ram,64,8.57,GB,13.39
2025-03-07 13:00:00,mac-waste-scenario,Project Vega,ram,64,9.69,GB,15.13
2025-03-07 14:00:00,mac-waste-scenario,Project Vega,ram,64,8.99,GB,14.04
2025-03-07 15:00:00,mac-waste-scenario,Project Vega,ram,64,6.64,GB,10.38
2025-03-07 16:00:00,mac-waste-scenario,Project Vega,ram,64,9.99,GB,15.62
2025-03-07 17:00:00,mac-waste-scenario,Project Vega,ram,64,10.15,GB,15.86
2025-03-07 18:00:00,mac-waste-scenario,Project Vega,ram,64,8.18,GB,12.78
2025-03-07 19:00:00,mac-waste-scenario,Project Vega,ram,64,10.33,GB,16.15
2025-03-07 20:00:00,mac-waste-scenario,Project Vega,ram,64,8.58,GB,13.41
2025-03-07 21:00:00,mac-waste-scenario,Project Vega,ram,64,8.32,GB,12.99
2025-03-07 22:00:00,mac-waste-scenario,Project Vega,ram,64,9.61,GB,15.01
2025-03-07 23:00:00,mac-waste-scenario,Project Vega,ram,64,8.73,GB,13.64
2025-03-08 00:00:00,mac-waste-scenario,Project Vega,ram,64,12.53,GB,19.58
2025-03-08 01:00:00,mac-waste-scenario,Project Vega,ram,64,7.61,GB,11.89
2025-03-08 02:00:00,mac-waste-scenario,Project Vega,ram,64,10.55,GB,16.48
2025-03-08 03:00:00,mac-waste-scenario,Project Vega,ram,64,10.87,GB,16.98
2025-03-08 04:00:00,mac-waste-scenario,Project Vega,ram,64,7.07,GB,11.04
2025-03-08 05:00:00,mac-waste-scenario,Project Vega,ram,64,7.38,GB,11.54
2025-03-08 06:00:00,mac-waste-scenario,Project Vega,ram,64,10.32,GB,16.12
2025-03-08 07:00:00,mac-waste-scenario,Project Vega,ram,64,8.98,GB,14.04
2025-03-08 08:00:00,mac-waste-scenario,Project Vega,ram,64,10.09,GB,15.77
2025-03-08 09:00:00,mac-waste-scenario,Project Vega,ram,64,11.06,GB,17.28
2025-03-08 10:00:00,mac-waste-scenario,Project Vega,ram,64,9.12,GB,14.26
2025-03-08 11:00:00,mac-waste-scenario,Project Vega,ram,64,8.24,GB,12.87
2025-03-08 12:00:00,mac-waste-scenario,Project Vega,ram,64,6.11,GB,9.54
2025-03-08 13:00:00,mac-waste-scenario,Project Vega,ram,64,9.86,GB,15.41
2025-03-08 14:00:00,mac-waste-scenario,Project Vega,ram,64,8.41,GB,13.14
2025-03-08 15:00:00,mac-waste-scenario,Project Vega,ram,64,10.0,GB,15.63
2025-03-08 16:00:00,mac-waste-scenario,Project Vega,ram,64,9.9,GB,15.46
2025-03-08 17:00:00,mac-waste-scenario,Project Vega,ram,64,7.83,GB,12.23
2025-03-08 18:00:00,mac-waste-scenario,Project Vega,ram,64,11.81,GB,18.45
2025-03-08 19:00:00,mac-waste-scenario,Project Vega,ram,64,10.99,GB,17.17
2025-03-08 20:00:00,mac-waste-scenario,Project Vega,ram,64,10.69,GB,16.7
2025-03-08 21:00:00,mac-waste-scenario,Project Vega,ram,64,8.08,GB,12.63
2025-03-08 22:00:00,mac-waste-scenario,Project Vega,ram,64,9.08,GB,14.19
2025-03-08 23:00:00,mac-waste-scenario,Project Vega,ram,64,8.9,GB,13.91
2025-03-09 00:00:00,mac-waste-scenario,Project Vega,ram,64,9.07,GB,14.17
2025-03-09 01:00:00,mac-waste-scenario,Project Vega,ram,64,8.16,GB,12.75
2025-03-09 02:00:00,mac-waste-scenario,Project Vega,ram,64,10.16,GB,15.87
2025-03-09 03:00:00,mac-waste-scenario,Project Vega,ram,64,9.89,GB,15.46
2025-03-09 04:00:00,mac-waste-scenario,Project Vega,ram,64,10.07,GB,15.73
2025-03-09 05:00:00,mac-waste-scenario,Project Vega,ram,64,8.95,GB,13.99
2025-03-09 06:00:00,mac-waste-scenario,Project Vega,ram,64,11.25,GB,17.58
2025-03-09 07:00:00,mac-waste-scenario,Project Vega,ram,64,9.84,GB,15.38
2025-03-09 08:00:00,mac-waste-scenario,Project Vega,ram,64,6.1,GB,9.52
2025-03-09 09:00:00,mac-waste-scenario,Project Vega,ram,64,8.78,GB,13.72
2025-03-09 10:00:00,mac-waste-scenario,Project Vega,ram,64,9.53,GB,14.89
2025-03-09 11:00:00,mac-waste-scenario,Project Vega,ram,64,10.84,GB,16.93
2025-03-09 12:00:00,mac-waste-scenario,Project Vega,ram,64,9.22,GB,14.4
2025-03-09 13:00:00,mac-waste-scenario,Project Vega,ram,64,9.28,GB,14.5
2025-03-09 14:00:00,mac-waste-scenario,Project Vega,ram,64,8.75,GB,13.67
2025-03-09 15:00:00,mac-waste-scenario,Project Vega,ram,64,10.45,GB,16.33
2025-03-09 16:00:00,mac-waste-scenario,Project Vega,ram,64,9.03,GB,14.1
2025-03-09 17:00:00,mac-waste-scenario,Project Vega,ram,64,8.83,GB,13.79
2025-03-09 18:00:00,mac-waste-scenario,Project Vega,ram,64,8.65,GB,13.52
2025-03-09 19:00:00,mac-waste-scenario,Project Vega,ram,64,10.31,GB,16.11
2025-03-09 20:00:00,mac-waste-scenario,Project Vega,ram,64,8.92,GB,13.93
2025-03-09 21:00:00,mac-waste-scenario,Project Vega,ram,64,7.45,GB,11.65
2025-03-09 22:00:00,mac-waste-scenario,Project Vega,ram,64,10.4,GB,16.25
2025-03-09 23:00:00,mac-waste-scenario,Project Vega,ram,64,8.7,GB,13.6
2025-03-10 00:00:00,mac-waste-scenario,Project Vega,ram,64,10.06,GB,15.71
2025-03-10 01:00:00,mac-waste-scenario,Project Vega,ram,64,10.08,GB,15.75
2025-03-10 02:00:00,mac-waste-scenario,Project Vega,ram,64,11.14,GB,17.41
2025-03-10 03:00:00,mac-waste-scenario,Project Vega,ram,64,10.94,GB,17.09
2025-03-10 04:00:00,mac-waste-scenario,Project Vega,ram,64,8.86,GB,13.85
2025-03-10 05:00:00,mac-waste-scenario,Project Vega,ram,64,9.39,GB,14.67
2025-03-10 06:00:00,mac-waste-scenario,Project Vega,ram,64,7.95,GB,12.42
2025-03-10 07:00:00,mac-waste-scenario,Project Vega,ram,64,11.75,GB,18.35
2025-03-10 08:00:00,mac-waste-scenario,Project Vega,ram,64,10.17,GB,15.88
2025-03-10 09:00:00,mac-waste-scenario,Project Vega,ram,64,11.38,GB,17.79
2025-03-10 10:00:00,mac-waste-scenario,Project Vega,ram,64,9.19,GB,14.36
2025-03-10 11:00:00,mac-waste-scenario,Project Vega,ram,64,6.98,GB,10.9
2025-03-10 12:00:00,mac-waste-scenario,Project Vega,ram,64,11.56,GB,18.06
2025-03-10 13:00:00,mac-waste-scenario,Project Vega,ram,64,9.72,GB,15.19
2025-03-10 14:00:00,mac-waste-scenario,Project Vega,ram,64,9.77,GB,15.27
2025-03-10 15:00:00,mac-waste-scenario,Project Vega,ram,64,9.67,GB,15.11
2025-03-10 16:00:00,mac-waste-scenario,Project Vega,ram,64,10.43,GB,16.29
2025-03-10 17:00:00,mac-waste-scenario,Project Vega,ram,64,10.28,GB,16.07
2025-03-10 18:00:00,mac-waste-scenario,Project Vega,ram,64,7.56,GB,11.82
2025-03-10 19:00:00,mac-waste-scenario,Project Vega,ram,64,10.99,GB,17.17
2025-03-10 20:00:00,mac-waste-scenario,Project Vega,ram,64,8.92,GB,13.94
2025-03-10 21:00:00,mac-waste-scenario,Project Vega,ram,64,9.0,GB,14.07
2025-03-10 22:00:00,mac-waste-scenario,Project Vega,ram,64,11.81,GB,18.45
2025-03-10 23:00:00,mac-waste-scenario,Project Vega,ram,64,10.78,GB,16.84
2025-03-11 00:00:00,mac-waste-scenario,Project Vega,ram,64,9.17,GB,14.32
2025-03-11 01:00:00,mac-waste-scenario,Project Vega,ram,64,7.22,GB,11.29
2025-03-11 02:00:00,mac-waste-scenario,Project Vega,ram,64,9.81,GB,15.32
2025-03-11 03:00:00,mac-waste-scenario,Project Vega,ram,64,10.29,GB,16.08
2025-03-11 04:00:00,mac-waste-scenario,Project Vega,ram,64,9.5,GB,14.84
2025-03-11 05:00:00,mac-waste-scenario,Project Vega,ram,64,8.01,GB,12.51
2025-03-11 06:00:00,mac-waste-scenario,Project Vega,ram,64,8.59,GB,13.42
2025-03-11 07:00:00,mac-waste-scenario,Project Vega,ram,64,7.99,GB,12.49
2025-03-11 08:00:00,mac-waste-scenario,Project Vega,ram,64,9.88,GB,15.43
2025-03-11 09:00:00,mac-waste-scenario,Project Vega,ram,64,10.65,GB,16.64
2025-03-11 10:00:00,mac-waste-scenario,Project Vega,ram,64,10.91,GB,17.05
2025-03-11 11:00:00,mac-waste-scenario,Project Vega,ram,64,8.66,GB,13.54
2025-03-11 12:00:00,mac-waste-scenario,Project Vega,ram,64,9.9,GB,15.47
2025-03-11 13:00:00,mac-waste-scenario,Project Vega,ram,64,10.31,GB,16.11
2025-03-11 14:00:00,mac-waste-scenario,Project Vega,ram,64,8.95,GB,13.98
2025-03-11 15:00:00,mac-waste-scenario,Project Vega,ram,64,9.41,GB,14.7
2025-03-11 16:00:00,mac-waste-scenario,Project Vega,ram,64,12.32,GB,19.25
2025-03-11 17:00:00,mac-waste-scenario,Project Vega,ram,64,9.86,GB,15.41
2025-03-11 18:00:00,mac-waste-scenario,Project Vega,ram,64,10.73,GB,16.77
2025-03-11 19:00:00,mac-waste-scenario,Project Vega,ram,64,9.04,GB,14.13
2025-03-11 20:00:00,mac-waste-scenario,Project Vega,ram,64,9.65,GB,15.08
2025-03-11 21:00:00,mac-waste-scenario,Project Vega,ram,64,7.41,GB,11.57
2025-03-11 22:00:00,mac-waste-scenario,Project Vega,ram,64,9.57,GB,14.95
2025-03-11 23:00:00,mac-waste-scenario,Project Vega,ram,64,11.13,GB,17.38
2025-03-12 00:00:00,mac-waste-scenario,Project Vega,ram,64,12.29,GB,19.2
2025-03-12 01:00:00,mac-waste-scenario,Project Vega,ram,64,11.13,GB,17.39
2025-03-12 02:00:00,mac-waste-scenario,Project Vega,ram,64,10.48,GB,16.37
2025-03-12 03:00:00,mac-waste-scenario,Project Vega,ram,64,9.67,GB,15.11
2025-03-12 04:00:00,mac-waste-scenario,Project Vega,ram,64,8.83,GB,13.8
2025-03-12 05:00:00,mac-waste-scenario,Project Vega,ram,64,9.39,GB,14.68
2025-03-12 06:00:00,mac-waste-scenario,Project Vega,ram,64,10.38,GB,16.23
2025-03-12 07:00:00,mac-waste-scenario,Project Vega,ram,64,8.6,GB,13.43
2025-03-12 08:00:00,mac-waste-scenario,Project Vega,ram,64,10.79,GB,16.87
2025-03-12 09:00:00,mac-waste-scenario,Project Vega,ram,64,8.34,GB,13.03
2025-03-12 10:00:00,mac-waste-scenario,Project Vega,ram,64,7.32,GB,11.44
2025-03-12 11:00:00,mac-waste-scenario,Project Vega,ram,64,8.3,GB,12.98
2025-03-12 12:00:00,mac-waste-scenario,Project Vega,ram,64,7.47,GB,11.67
2025-03-12 13:00:00,mac-waste-scenario,Project Vega,ram,64,7.84,GB,12.26
2025-03-12 14:00:00,mac-waste-scenario,Project Vega,ram,64,11.05,GB,17.26
2025-03-12 15:00:00,mac-waste-scenario,Project Vega,ram,64,9.34,GB,14.6
2025-03-12 16:00:00,mac-waste-scenario,Project Vega,ram,64,9.88,GB,15.44
2025-03-12 17:00:00,mac-waste-scenario,Project Vega,ram,64,11.08,GB,17.32
2025-03-12 18:00:00,mac-waste-scenario,Project Vega,ram,64,11.21,GB,17.52
2025-03-12 19:00:00,mac-waste-scenario,Project Vega,ram,64,8.95,GB,13.99
2025-03-12 20:00:00,mac-waste-scenario,Project Vega,ram,64,11.3,GB,17.66
2025-03-12 21:00:00,mac-waste-scenario,Project Vega,ram,64,10.09,GB,15.77
2025-03-12 22:00:00,mac-waste-scenario,Project Vega,ram,64,9.6,GB,15.01
2025-03-12 23:00:00,mac-waste-scenario,Project Vega,ram,64,10.17,GB,15.88
2025-03-13 00:00:00,mac-waste-scenario,Project Vega,ram,64,7.78,GB,12.15
2025-03-13 01:00:00,mac-waste-scenario,Project Vega,ram,64,8.59,GB,13.43
2025-03-13 02:00:00,mac-waste-scenario,Project Vega,ram,64,9.46,GB,14.78
2025-03-13 03:00:00,mac-waste-scenario,Project Vega,ram,64,10.38,GB,16.22
2025-03-13 04:00:00,mac-waste-scenario,Project Vega,ram,64,9.12,GB,14.26
2025-03-13 05:00:00,mac-waste-scenario,Project Vega,ram,64,9.44,GB,14.75
2025-03-13 06:00:00,mac-waste-scenario,Project Vega,ram,64,10.84,GB,16.94
2025-03-13 07:00:00,mac-waste-scenario,Project Vega,ram,64,11.41,GB,17.82
2025-03-13 08:00:00,mac-waste-scenario,Project Vega,ram,64,10.58,GB,16.53
2025-03-13 09:00:00,mac-waste-scenario,Project Vega,ram,64,11.22,GB,17.54
2025-03-13 10:00:00,mac-waste-scenario,Project Vega,ram,64,9.08,GB,14.19
2025-03-13 11:00:00,mac-waste-scenario,Project Vega,ram,64,9.21,GB,14.39
2025-03-13 12:00:00,mac-waste-scenario,Project Vega,ram,64,10.01,GB,15.64
2025-03-13 13:00:00,mac-waste-scenario,Project Vega,ram,64,9.21,GB,14.4
2025-03-13 14:00:00,mac-waste-scenario,Project Vega,ram,64,8.95,GB,13.99
2025-03-13 15:00:00,mac-waste-scenario,Project Vega,ram,64,11.71,GB,18.3
2025-03-13 16:00:00,mac-waste-scenario,Project Vega,ram,64,9.34,GB,14.6
2025-03-13 17:00:00,mac-waste-scenario,Project Vega,ram,64,8.36,GB,13.07
2025-03-13 18:00:00,mac-waste-scenario,Project Vega,ram,64,10.22,GB,15.97
2025-03-13 19:00:00,mac-waste-scenario,Project Vega,ram,64,11.95,GB,18.67
2025-03-13 20:00:00,mac-waste-scenario,Project Vega,ram,64,9.7,GB,15.16
2025-03-13 21:00:00,mac-waste-scenario,Project Vega,ram,64,11.18,GB,17.46
2025-03-13 22:00:00,mac-waste-scenario,Project Vega,ram,64,9.04,GB,14.12
2025-03-13 23:00:00,mac-waste-scenario,Project Vega,ram,64,8.97,GB,14.02
2025-03-14 00:00:00,mac-waste-scenario,Project Vega,ram,64,8.72,GB,13.62
2025-03-14 01:00:00,mac-waste-scenario,Project Vega,ram,64,9.42,GB,14.71
2025-03-14 02:00:00,mac-waste-scenario,Project Vega,ram,64,11.95,GB,18.67
2025-03-14 03:00:00,mac-waste-scenario,Project Vega,ram,64,8.12,GB,12.69
2025-03-14 04:00:00,mac-waste-scenario,Project Vega,ram,64,11.7,GB,18.27
2025-03-14 05:00:00,mac-waste-scenario,Project Vega,ram,64,8.31,GB,12.98
2025-03-14 06:00:00,mac-waste-scenario,Project Vega,ram,64,9.3,GB,14.53
2025-03-14 07:00:00,mac-waste-scenario,Project Vega,ram,64,10.67,GB,16.67
2025-03-14 08:00:00,mac-waste-scenario,Project Vega,ram,64,10.41,GB,16.26
2025-03-14 09:00:00,mac-waste-scenario,Project Vega,ram,64,9.96,GB,15.56
2025-03-14 10:00:00,mac-waste-scenario,Project Vega,ram,64,7.49,GB,11.7
2025-03-14 11:00:00,mac-waste-scenario,Project Vega,ram,64,10.06,GB,15.72
2025-03-14 12:00:00,mac-waste-scenario,Project Vega,ram,64,8.29,GB,12.96
2025-03-14 13:00:00,mac-waste-scenario,Project Vega,ram,64,12.89,GB,20.14
2025-03-14 14:00:00,mac-waste-scenario,Project Vega,ram,64,9.33,GB,14.57
2025-03-14 15:00:00,mac-waste-scenario,Project Vega,ram,64,9.84,GB,15.38
2025-03-14 16:00:00,mac-waste-scenario,Project Vega,ram,64,8.13,GB,12.71
2025-03-14 17:00:00,mac-waste-scenario,Project Vega,ram,64,8.99,GB,14.04
2025-03-14 18:00:00,mac-waste-scenario,Project Vega,ram,64,7.95,GB,12.42
2025-03-14 19:00:00,mac-waste-scenario,Project Vega,ram,64,10.86,GB,16.96
2025-03-14 20:00:00,mac-waste-scenario,Project Vega,ram,64,9.26,GB,14.48
2025-03-14 21:00:00,mac-waste-scenario,Project Vega,ram,64,10.32,GB,16.13
2025-03-14 22:00:00,mac-waste-scenario,Project Vega,ram,64,8.72,GB,13.63
2025-03-14 23:00:00,mac-waste-scenario,Project Vega,ram,64,8.96,GB,14.0
2025-03-15 00:00:00,mac-waste-scenario,Project Vega,ram,64,11.25,GB,17.58
2025-03-15 01:00:00,mac-waste-scenario,Project Vega,ram,64,8.36,GB,13.06
2025-03-15 02:00:00,mac-waste-scenario,Project Vega,ram,64,7.29,GB,11.4
2025-03-15 03:00:00,mac-waste-scenario,Project Vega,ram,64,10.12,GB,15.81
2025-03-15 04:00:00,mac-waste-scenario,Project Vega,ram,64,8.14,GB,12.72
2025-03-15 05:00:00,mac-waste-scenario,Project Vega,ram,64,9.04,GB,14.12
2025-03-15 06:00:00,mac-waste-scenario,Project Vega,ram,64,10.77,GB,16.82
2025-03-15 07:00:00,mac-waste-scenario,Project Vega,ram,64,8.55,GB,13.36
2025-03-15 08:00:00,mac-waste-scenario,Project Vega,ram,64,10.72,GB,16.76
2025-03-15 09:00:00,mac-waste-scenario,Project Vega,ram,64,8.73,GB,13.64
2025-03-15 10:00:00,mac-waste-scenario,Project Vega,ram,64,11.51,GB,17.98
2025-03-15 11:00:00,mac-waste-scenario,Project Vega,ram,64,11.3,GB,17.65
2025-03-15 12:00:00,mac-waste-scenario,Project Vega,ram,64,9.0,GB,14.06
2025-03-15 13:00:00,mac-waste-scenario,Project Vega,ram,64,9.33,GB,14.57
2025-03-15 14:00:00,mac-waste-scenario,Project Vega,ram,64,8.54,GB,13.34
2025-03-15 15:00:00,mac-waste-scenario,Project Vega,ram,64,9.86,GB,15.4
2025-03-15 16:00:00,mac-waste-scenario,Project Vega,ram,64,11.07,GB,17.3
2025-03-15 17:00:00,mac-waste-scenario,Project Vega,ram,64,7.75,GB,12.11
2025-03-15 18:00:00,mac-waste-scenario,Project Vega,ram,64,10.77,GB,16.83
2025-03-15 19:00:00,mac-waste-scenario,Project Vega,ram,64,7.91,GB,12.35
2025-03-15 20:00:00,mac-waste-scenario,Project Vega,ram,64,8.5,GB,13.28
2025-03-15 21:00:00,mac-waste-scenario,Project Vega,ram,64,7.31,GB,11.42
2025-03-15 22:00:00,mac-waste-scenario,Project Vega,ram,64,12.29,GB,19.21
2025-03-15 23:00:00,mac-waste-scenario,Project Vega,ram,64,9.68,GB,15.12
2025-03-16 00:00:00,mac-waste-scenario,Project Vega,ram,64,9.91,GB,15.49
2025-03-16 01:00:00,mac-waste-scenario,Project Vega,ram,64,8.73,GB,13.65
2025-03-16 02:00:00,mac-waste-scenario,Project Vega,ram,64,10.97,GB,17.13
2025-03-16 03:00:00,mac-waste-scenario,Project Vega,ram,64,6.91,GB,10.79
2025-03-16 04:00:00,mac-waste-scenario,Project Vega,ram,64,9.63,GB,15.05
2025-03-16 05:00:00,mac-waste-scenario,Project Vega,ram,64,12.42,GB,19.41
2025-03-16 06:00:00,mac-waste-scenario,Project Vega,ram,64,9.11,GB,14.24
2025-03-16 07:00:00,mac-waste-scenario,Project Vega,ram,64,9.62,GB,15.03
2025-03-16 08:00:00,mac-waste-scenario,Project Vega,ram,64,10.46,GB,16.34
2025-03-16 09:00:00,mac-waste-scenario,Project Vega,ram,64,8.56,GB,13.38
2025-03-16 10:00:00,mac-waste-scenario,Project Vega,ram,64,9.63,GB,15.05
2025-03-16 11:00:00,mac-waste-scenario,Project Vega,ram,64,10.83,GB,16.92
2025-03-16 12:00:00,mac-waste-scenario,Project Vega,ram,64,9.85,GB,15.39
2025-03-16 13:00:00,mac-waste-scenario,Project Vega,ram,64,10.07,GB,15.74
2025-03-16 14:00:00,mac-waste-scenario,Project Vega,ram,64,9.15,GB,14.3
2025-03-16 15:00:00,mac-waste-scenario,Project Vega,ram,64,10.0,GB,15.63
2025-03-16 16:00:00,mac-waste-scenario,Project Vega,ram,64,9.67,GB,15.11
2025-03-16 17:00:00,mac-waste-scenario,Project Vega,ram,64,11.46,GB,17.91
2025-03-16 18:00:00,mac-waste-scenario,Project Vega,ram,64,10.53,GB,16.45
2025-03-16 19:00:00,mac-waste-scenario,Project Vega,ram,64,9.29,GB,14.51
2025-03-16 20:00:00,mac-waste-scenario,Project Vega,ram,64,6.47,GB,10.11
2025-03-16 21:00:00,mac-waste-scenario,Project Vega,ram,64,10.52,GB,16.43
2025-03-16 22:00:00,mac-waste-scenario,Project Vega,ram,64,10.57,GB,16.51
2025-03-16 23:00:00,mac-waste-scenario,Project Vega,ram,64,8.43,GB,13.17
2025-03-17 00:00:00,mac-waste-scenario,Project Vega,ram,64,7.04,GB,11.0
2025-03-17 01:00:00,mac-waste-scenario,Project Vega,ram,64,8.14,GB,12.72
2025-03-17 02:00:00,mac-waste-scenario,Project Vega,ram,64,10.79,GB,16.85
2025-03-17 03:00:00,mac-waste-scenario,Project Vega,ram,64,8.24,GB,12.87
2025-03-17 04:00:00,mac-waste-scenario,Project Vega,ram,64,9.01,GB,14.08
2025-03-17 05:00:00,mac-waste-scenario,Project Vega,ram,64,9.88,GB,15.44
2025-03-17 06:00:00,mac-waste-scenario,Project Vega,ram,64,11.17,GB,17.45
2025-03-17 07:00:00,mac-waste-scenario,Project Vega,ram,64,9.58,GB,14.96
2025-03-17 08:00:00,mac-waste-scenario,Project Vega,ram,64,9.47,GB,14.8
2025-03-17 09:00:00,mac-waste-scenario,Project Vega,ram,64,8.9,GB,13.9
2025-03-17 10:00:00,mac-waste-scenario,Project Vega,ram,64,11.69,GB,18.26
2025-03-17 11:00:00,mac-waste-scenario,Project Vega,ram,64,10.96,GB,17.13
2025-03-17 12:00:00,mac-waste-scenario,Project Vega,ram,64,9.48,GB,14.81
2025-03-17 13:00:00,mac-waste-scenario,Project Vega,ram,64,7.81,GB,12.21
2025-03-17 14:00:00,mac-waste-scenario,Project Vega,ram,64,8.59,GB,13.42
2025-03-17 15:00:00,mac-waste-scenario,Project Vega,ram,64,10.34,GB,16.16
2025-03-17 16:00:00,mac-waste-scenario,Project Vega,ram,64,8.68,GB,13.56
2025-03-17 17:00:00,mac-waste-scenario,Project Vega,ram,64,10.74,GB,16.78
2025-03-17 18:00:00,mac-waste-scenario,Project Vega,ram,64,10.06,GB,15.72
2025-03-17 19:00:00,mac-waste-scenario,Project Vega,ram,64,9.97,GB,15.59
2025-03-17 20:00:00,mac-waste-scenario,Project Vega,ram,64,10.44,GB,16.31
2025-03-17 21:00:00,mac-waste-scenario,Project Vega,ram,64,10.24,GB,16.0
2025-03-17 22:00:00,mac-waste-scenario,Project Vega,ram,64,8.51,GB,13.29
2025-03-17 23:00:00,mac-waste-scenario,Project Vega,ram,64,9.18,GB,14.35
2025-03-18 00:00:00,mac-waste-scenario,Project Vega,ram,64,12.59,GB,19.68
2025-03-18 01:00:00,mac-waste-scenario,Project Vega,ram,64,8.05,GB,12.58
2025-03-18 02:00:00,mac-waste-scenario,Project Vega,ram,64,8.99,GB,14.05
2025-03-18 03:00:00,mac-waste-scenario,Project Vega,ram,64,10.96,GB,17.13
2025-03-18 04:00:00,mac-waste-scenario,Project Vega,ram,64,9.4,GB,14.68
2025-03-18 05:00:00,mac-waste-scenario,Project Vega,ram,64,8.56,GB,13.38
2025-03-18 06:00:00,mac-waste-scenario,Project Vega,ram,64,7.91,GB,12.35
2025-03-18 07:00:00,mac-waste-scenario,Project Vega,ram,64,10.29,GB,16.07
2025-03-18 08:00:00,mac-waste-scenario,Project Vega,ram,64,10.91,GB,17.04
2025-03-18 09:00:00,mac-waste-scenario,Project Vega,ram,64,11.39,GB,17.8
2025-03-18 10:00:00,mac-waste-scenario,Project Vega,ram,64,9.67,GB,15.11
2025-03-18 11:00:00,mac-waste-scenario,Project Vega,ram,64,10.94,GB,17.09
2025-03-18 12:00:00,mac-waste-scenario,Project Vega,ram,64,8.28,GB,12.93
2025-03-18 13:00:00,mac-waste-scenario,Project Vega,ram,64,9.82,GB,15.34
2025-03-18 14:00:00,mac-waste-scenario,Project Vega,ram,64,8.73,GB,13.65
2025-03-18 15:00:00,mac-waste-scenario,Project Vega,ram,64,9.82,GB,15.35
2025-03-18 16:00:00,mac-waste-scenario,Project Vega,ram,64,10.56,GB,16.5
2025-03-18 17:00:00,mac-waste-scenario,Project Vega,ram,64,10.97,GB,17.14
2025-03-18 18:00:00,mac-waste-scenario,Project Vega,ram,64,8.33,GB,13.02
2025-03-18 19:00:00,mac-waste-scenario,Project Vega,ram,64,11.22,GB,17.53
2025-03-18 20:00:00,mac-waste-scenario,Project Vega,ram,64,8.99,GB,14.05
2025-03-18 21:00:00,mac-waste-scenario,Project Vega,ram,64,8.29,GB,12.95
2025-03-18 22:00:00,mac-waste-scenario,Project Vega,ram,64,9.38,GB,14.66
2025-03-18 23:00:00,mac-waste-scenario,Project Vega,ram,64,7.73,GB,12.07
2025-03-19 00:00:00,mac-waste-scenario,Project Vega,ram,64,9.61,GB,15.01
2025-03-19 01:00:00,mac-waste-scenario,Project Vega,ram,64,9.97,GB,15.58
2025-03-19 02:00:00,mac-waste-scenario,Project Vega,ram,64,9.34,GB,14.6
2025-03-19 03:00:00,mac-waste-scenario,Project Vega,ram,64,10.29,GB,16.07
2025-03-19 04:00:00,mac-waste-scenario,Project Vega,ram,64,9.2,GB,14.37
2025-03-19 05:00:00,mac-waste-scenario,Project Vega,ram,64,9.61,GB,15.01
2025-03-19 06:00:00,mac-waste-scenario,Project Vega,ram,64,7.76,GB,12.12
2025-03-19 07:00:00,mac-waste-scenario,Project Vega,ram,64,9.65,GB,15.09
2025-03-19 08:00:00,mac-waste-scenario,Project Vega,ram,64,8.51,GB,13.3
2025-03-19 09:00:00,mac-waste-scenario,Project Vega,ram,64,9.02,GB,14.1
2025-03-19 10:00:00,mac-waste-scenario,Project Vega,ram,64,9.48,GB,14.81
2025-03-19 11:00:00,mac-waste-scenario,Project Vega,ram,64,9.84,GB,15.38
2025-03-19 12:00:00,mac-waste-scenario,Project Vega,ram,64,7.49,GB,11.71
2025-03-19 13:00:00,mac-waste-scenario,Project Vega,ram,64,7.6,GB,11.87
2025-03-19 14:00:00,mac-waste-scenario,Project Vega,ram,64,9.21,GB,14.4
2025-03-19 15:00:00,mac-waste-scenario,Project Vega,ram,64,10.21,GB,15.95
2025-03-19 16:00:00,mac-waste-scenario,Project Vega,ram,64,10.06,GB,15.72
2025-03-19 17:00:00,mac-waste-scenario,Project Vega,ram,64,10.74,GB,16.79
2025-03-19 18:00:00,mac-waste-scenario,Project Vega,ram,64,11.27,GB,17.6
2025-03-19 19:00:00,mac-waste-scenario,Project Vega,ram,64,10.24,GB,15.99
2025-03-19 20:00:00,mac-waste-scenario,Project Vega,ram,64,9.57,GB,14.96
2025-03-19 21:00:00,mac-waste-scenario,Project Vega,ram,64,8.28,GB,12.94
2025-03-19 22:00:00,mac-waste-scenario,Project Vega,ram,64,8.39,GB,13.11
2025-03-19 23:00:00,mac-waste-scenario,Project Vega,ram,64,9.0,GB,14.07
2025-03-20 00:00:00,mac-waste-scenario,Project Vega,ram,64,9.94,GB,15.53
2025-03-20 01:00:00,mac-waste-scenario,Project Vega,ram,64,9.88,GB,15.44
2025-03-20 02:00:00,mac-waste-scenario,Project Vega,ram,64,9.61,GB,15.01
2025-03-20 03:00:00,mac-waste-scenario,Project Vega,ram,64,9.4,GB,14.69
2025-03-20 04:00:00,mac-waste-scenario,Project Vega,ram,64,10.41,GB,16.26
2025-03-20 05:00:00,mac-waste-scenario,Project Vega,ram,64,9.87,GB,15.42
2025-03-20 06:00:00,mac-waste-scenario,Project Vega,ram,64,9.98,GB,15.6
2025-03-20 07:00:00,mac-waste-scenario,Project Vega,ram,64,9.99,GB,15.62
2025-03-20 08:00:00,mac-waste-scenario,Project Vega,ram,64,8.9,GB,13.91
2025-03-20 09:00:00,mac-waste-scenario,Project Vega,ram,64,8.28,GB,12.94
2025-03-20 10:00:00,mac-waste-scenario,Project Vega,ram,64,10.23,GB,15.98
2025-03-20 11:00:00,mac-waste-scenario,Project Vega,ram,64,10.13,GB,15.83
2025-03-20 12:00:00,mac-waste-scenario,Project Vega,ram,64,9.32,GB,14.56
2025-03-20 13:00:00,mac-waste-scenario,Project Vega,ram,64,9.07,GB,14.17
2025-03-20 14:00:00,mac-waste-scenario,Project Vega,ram,64,12.52,GB,19.56
2025-03-20 15:00:00,mac-waste-scenario,Project Vega,ram,64,8.63,GB,13.48
2025-03-20 16:00:00,mac-waste-scenario,Project Vega,ram,64,9.32,GB,14.56
2025-03-20 17:00:00,mac-waste-scenario,Project Vega,ram,64,9.94,GB,15.53
2025-03-20 18:00:00,mac-waste-scenario,Project Vega,ram,64,8.12,GB,12.69
2025-03-20 19:00:00,mac-waste-scenario,Project Vega,ram,64,9.75,GB,15.23
2025-03-20 20:00:00,mac-waste-scenario,Project Vega,ram,64,11.9,GB,18.6
2025-03-20 21:00:00,mac-waste-scenario,Project Vega,ram,64,10.8,GB,16.87
2025-03-20 22:00:00,mac-waste-scenario,Project Vega,ram,64,10.41,GB,16.26
2025-03-20 23:00:00,mac-waste-scenario,Project Vega,ram,64,10.36,GB,16.18
2025-03-21 00:00:00,mac-waste-scenario,Project Vega,ram,64,9.74,GB,15.22
2025-03-21 01:00:00,mac-waste-scenario,Project Vega,ram,64,10.83,GB,16.92
2025-03-21 02:00:00,mac-waste-scenario,Project Vega,ram,64,9.4,GB,14.69
2025-03-21 03:00:00,mac-waste-scenario,Project Vega,ram,64,9.06,GB,14.15
2025-03-21 04:00:00,mac-waste-scenario,Project Vega,ram,64,9.73,GB,15.2
2025-03-21 05:00:00,mac-waste-scenario,Project Vega,ram,64,10.76,GB,16.81
2025-03-21 06:00:00,mac-waste-scenario,Project Vega,ram,64,10.02,GB,15.66
2025-03-21 07:00:00,mac-waste-scenario,Project Vega,ram,64,10.46,GB,16.35
2025-03-21 08:00:00,mac-waste-scenario,Project Vega,ram,64,7.01,GB,10.95
2025-03-21 09:00:00,mac-waste-scenario,Project Vega,ram,64,11.13,GB,17.39
2025-03-21 10:00:00,mac-waste-scenario,Project Vega,ram,64,12.6,GB,19.68
2025-03-21 11:00:00,mac-waste-scenario,Project Vega,ram,64,11.31,GB,17.67
2025-03-21 12:00:00,mac-waste-scenario,Project Vega,ram,64,9.19,GB,14.36
2025-03-21 13:00:00,mac-waste-scenario,Project Vega,ram,64,8.51,GB,13.3
2025-03-21 14:00:00,mac-waste-scenario,Project Vega,ram,64,9.96,GB,15.55
2025-03-21 15:00:00,mac-waste-scenario,Project Vega,ram,64,8.34,GB,13.03
2025-03-21 16:00:00,mac-waste-scenario,Project Vega,ram,64,10.53,GB,16.45
2025-03-21 17:00:00,mac-waste-scenario,Project Vega,ram,64,8.93,GB,13.95
2025-03-21 18:00:00,mac-waste-scenario,Project Vega,ram,64,10.83,GB,16.92
2025-03-21 19:00:00,mac-waste-scenario,Project Vega,ram,64,11.34,GB,17.72
2025-03-21 20:00:00,mac-waste-scenario,Project Vega,ram,64,7.0,GB,10.94
2025-03-21 21:00:00,mac-waste-scenario,Project Vega,ram,64,9.97,GB,15.59
2025-03-21 22:00:00,mac-waste-scenario,Project Vega,ram,64,8.71,GB,13.6
2025-03-21 23:00:00,mac-waste-scenario,Project Vega,ram,64,7.8,GB,12.18
2025-03-22 00:00:00,mac-waste-scenario,Project Vega,ram,64,8.81,GB,13.77
2025-03-22 01:00:00,mac-waste-scenario,Project Vega,ram,64,9.32,GB,14.56
2025-03-22 02:00:00,mac-waste-scenario,Project Vega,ram,64,10.92,GB,17.07
2025-03-22 03:00:00,mac-waste-scenario,Project Vega,ram,64,7.65,GB,11.96
2025-03-22 04:00:00,mac-waste-scenario,Project Vega,ram,64,10.95,GB,17.1
2025-03-22 05:00:00,mac-waste-scenario,Project Vega,ram,64,12.18,GB,19.04
2025-03-22 06:00:00,mac-waste-scenario,Project Vega,ram,64,10.36,GB,16.19
2025-03-22 07:00:00,mac-waste-scenario,Project Vega,ram,64,10.3,GB,16.09
2025-03-22 08:00:00,mac-waste-scenario,Project Vega,ram,64,9.58,GB,14.97
2025-03-22 09:00:00,mac-waste-scenario,Project Vega,ram,64,8.1,GB,12.65
2025-03-22 10:00:00,mac-waste-scenario,Project Vega,ram,64,10.28,GB,16.07
2025-03-22 11:00:00,mac-waste-scenario,Project Vega,ram,64,10.09,GB,15.77
2025-03-22 12:00:00,mac-waste-scenario,Project Vega,ram,64,10.54,GB,16.46
2025-03-22 13:00:00,mac-waste-scenario,Project Vega,ram,64,12.89,GB,20.14
2025-03-22 14:00:00,mac-waste-scenario,Project Vega,ram,64,10.53,GB,16.46
2025-03-22 15:00:00,mac-waste-scenario,Project Vega,ram,64,10.14,GB,15.85
2025-03-22 16:00:00,mac-waste-scenario,Project Vega,ram,64,11.6,GB,18.12
2025-03-22 17:00:00,mac-waste-scenario,Project Vega,ram,64,7.88,GB,12.31
2025-03-22 18:00:00,mac-waste-scenario,Project Vega,ram,64,8.14,GB,12.71
2025-03-22 19:00:00,mac-waste-scenario,Project Vega,ram,64,9.12,GB,14.25
2025-03-22 20:00:00,mac-waste-scenario,Project Vega,ram,64,8.76,GB,13.69
2025-03-22 21:00:00,mac-waste-scenario,Project Vega,ram,64,10.49,GB,16.39
2025-03-22 22:00:00,mac-waste-scenario,Project Vega,ram,64,9.19,GB,14.37
2025-03-22 23:00:00,mac-waste-scenario,Project Vega,ram,64,11.83,GB,18.48
2025-03-23 00:00:00,mac-waste-scenario,Project Vega,ram,64,11.55,GB,18.04
2025-03-23 01:00:00,mac-waste-scenario,Project Vega,ram,64,10.59,GB,16.54
2025-03-23 02:00:00,mac-waste-scenario,Project Vega,ram,64,9.11,GB,14.23
2025-03-23 03:00:00,mac-waste-scenario,Project Vega,ram,64,10.39,GB,16.23
2025-03-23 04:00:00,mac-waste-scenario,Project Vega,ram,64,10.64,GB,16.62
2025-03-23 05:00:00,mac-waste-scenario,Project Vega,ram,64,8.23,GB,12.87
2025-03-23 06:00:00,mac-waste-scenario,Project Vega,ram,64,10.05,GB,15.7
2025-03-23 07:00:00,mac-waste-scenario,Project Vega,ram,64,10.5,GB,16.41
2025-03-23 08:00:00,mac-waste-scenario,Project Vega,ram,64,9.88,GB,15.43
2025-03-23 09:00:00,mac-waste-scenario,Project Vega,ram,64,11.61,GB,18.14
2025-03-23 10:00:00,mac-waste-scenario,Project Vega,ram,64,11.15,GB,17.43
2025-03-23 11:00:00,mac-waste-scenario,Project Vega,ram,64,8.54,GB,13.35
2025-03-23 12:00:00,mac-waste-scenario,Project Vega,ram,64,9.76,GB,15.25
2025-03-23 13:00:00,mac-waste-scenario,Project Vega,ram,64,8.53,GB,13.33
2025-03-23 14:00:00,mac-waste-scenario,Project Vega,ram,64,10.34,GB,16.16
2025-03-23 15:00:00,mac-waste-scenario,Project Vega,ram,64,8.49,GB,13.27
2025-03-23 16:00:00,mac-waste-scenario,Project Vega,ram,64,10.78,GB,16.85
2025-03-23 17:00:00,mac-waste-scenario,Project Vega,ram,64,10.1,GB,15.78
2025-03-23 18:00:00,mac-waste-scenario,Project Vega,ram,64,10.84,GB,16.94
2025-03-23 19:00:00,mac-waste-scenario,Project Vega,ram,64,9.41,GB,14.71
2025-03-23 20:00:00,mac-waste-scenario,Project Vega,ram,64,7.74,GB,12.09
2025-03-23 21:00:00,mac-waste-scenario,Project Vega,ram,64,11.86,GB,18.53
2025-03-23 22:00:00,mac-waste-scenario,Project Vega,ram,64,9.38,GB,14.65
2025-03-23 23:00:00,mac-waste-scenario,Project Vega,ram,64,11.36,GB,17.75
2025-03-24 00:00:00,mac-waste-scenario,Project Vega,ram,64,10.15,GB,15.86
2025-03-24 01:00:00,mac-waste-scenario,Project Vega,ram,64,10.46,GB,16.35
2025-03-24 02:00:00,mac-waste-scenario,Project Vega,ram,64,11.94,GB,18.66
2025-03-24 03:00:00,mac-waste-scenario,Project Vega,ram,64,10.04,GB,15.68
2025-03-24 04:00:00,mac-waste-scenario,Project Vega,ram,64,11.39,GB,17.8
2025-03-24 05:00:00,mac-waste-scenario,Project Vega,ram,64,7.7,GB,12.03
2025-03-24 06:00:00,mac-waste-scenario,Project Vega,ram,64,10.72,GB,16.74
2025-03-24 07:00:00,mac-waste-scenario,Project Vega,ram,64,9.29,GB,14.52
2025-03-24 08:00:00,mac-waste-scenario,Project Vega,ram,64,9.43,GB,14.73
2025-03-24 09:00:00,mac-waste-scenario,Project Vega,ram,64,9.61,GB,15.02
2025-03-24 10:00:00,mac-waste-scenario,Project Vega,ram,64,10.04,GB,15.69
2025-03-24 11:00:00,mac-waste-scenario,Project Vega,ram,64,11.72,GB,18.31
2025-03-24 12:00:00,mac-waste-scenario,Project Vega,ram,64,7.23,GB,11.29
2025-03-24 13:00:00,mac-waste-scenario,Project Vega,ram,64,9.66,GB,15.09
2025-03-24 14:00:00,mac-waste-scenario,Project Vega,ram,64,8.68,GB,13.57
2025-03-24 15:00:00,mac-waste-scenario,Project Vega,ram,64,11.09,GB,17.33
2025-03-24 16:00:00,mac-waste-scenario,Project Vega,ram,64,9.06,GB,14.15
2025-03-24 17:00:00,mac-waste-scenario,Project Vega,ram,64,10.18,GB,15.91
2025-03-24 18:00:00,mac-waste-scenario,Project Vega,ram,64,9.09,GB,14.2
2025-03-24 19:00:00,mac-waste-scenario,Project Vega,ram,64,10.46,GB,16.34
2025-03-24 20:00:00,mac-waste-scenario,Project Vega,ram,64,10.9,GB,17.03
2025-03-24 21:00:00,mac-waste-scenario,Project Vega,ram,64,9.09,GB,14.21
2025-03-24 22:00:00,mac-waste-scenario,Project Vega,ram,64,9.66,GB,15.1
2025-03-24 23:00:00,mac-waste-scenario,Project Vega,ram,64,7.78,GB,12.16
2025-03-25 00:00:00,mac-waste-scenario,Project Vega,ram,64,9.99,GB,15.61
2025-03-25 01:00:00,mac-waste-scenario,Project Vega,ram,64,10.7,GB,16.71
2025-03-25 02:00:00,mac-waste-scenario,Project Vega,ram,64,8.89,GB,13.89
2025-03-25 03:00:00,mac-waste-scenario,Project Vega,ram,64,11.03,GB,17.24
2025-03-25 04:00:00,mac-waste-scenario,Project Vega,ram,64,6.95,GB,10.85
2025-03-25 05:00:00,mac-waste-scenario,Project Vega,ram,64,7.23,GB,11.3
2025-03-25 06:00:00,mac-waste-scenario,Project Vega,ram,64,7.82,GB,12.22
2025-03-25 07:00:00,mac-waste-scenario,Project Vega,ram,64,8.98,GB,14.03
2025-03-25 08:00:00,mac-waste-scenario,Project Vega,ram,64,9.62,GB,15.04
2025-03-25 09:00:00,mac-waste-scenario,Project Vega,ram,64,9.5,GB,14.84
2025-03-25 10:00:00,mac-waste-scenario,Project Vega,ram,64,9.51,GB,14.87
2025-03-25 11:00:00,mac-waste-scenario,Project Vega,ram,64,10.53,GB,16.45
2025-03-25 12:00:00,mac-waste-scenario,Project Vega,ram,64,9.0,GB,14.06
2025-03-25 13:00:00,mac-waste-scenario,Project Vega,ram,64,7.98,GB,12.47
2025-03-25 14:00:00,mac-waste-scenario,Project Vega,ram,64,8.01,GB,12.51
2025-03-25 15:00:00,mac-waste-scenario,Project Vega,ram,64,12.3,GB,19.23
2025-03-25 16:00:00,mac-waste-scenario,Project Vega,ram,64,6.59,GB,10.3
2025-03-25 17:00:00,mac-waste-scenario,Project Vega,ram,64,9.37,GB,14.65
2025-03-25 18:00:00,mac-waste-scenario,Project Vega,ram,64,11.47,GB,17.92
2025-03-25 19:00:00,mac-waste-scenario,Project Vega,ram,64,10.22,GB,15.97
2025-03-25 20:00:00,mac-waste-scenario,Project Vega,ram,64,8.54,GB,13.34
2025-03-25 21:00:00,mac-waste-scenario,Project Vega,ram,64,9.6,GB,15.0
2025-03-25 22:00:00,mac-waste-scenario,Project Vega,ram,64,10.71,GB,16.73
2025-03-25 23:00:00,mac-waste-scenario,Project Vega,ram,64,11.15,GB,17.42
2025-03-26 00:00:00,mac-waste-scenario,Project Vega,ram,64,8.45,GB,13.2
2025-03-26 01:00:00,mac-waste-scenario,Project Vega,ram,64,10.57,GB,16.52
2025-03-26 02:00:00,mac-waste-scenario,Project Vega,ram,64,9.92,GB,15.51
2025-03-26 03:00:00,mac-waste-scenario,Project Vega,ram,64,11.01,GB,17.21
2025-03-26 04:00:00,mac-waste-scenario,Project Vega,ram,64,11.38,GB,17.78
2025-03-26 05:00:00,mac-waste-scenario,Project Vega,ram,64,9.16,GB,14.31
2025-03-26 06:00:00,mac-waste-scenario,Project Vega,ram,64,7.74,GB,12.1
2025-03-26 07:00:00,mac-waste-scenario,Project Vega,ram,64,10.11,GB,15.79
2025-03-26 08:00:00,mac-waste-scenario,Project Vega,ram,64,11.87,GB,18.55
2025-03-26 09:00:00,mac-waste-scenario,Project Vega,ram,64,10.48,GB,16.37
2025-03-26 10:00:00,mac-waste-scenario,Project Vega,ram,64,9.89,GB,15.46
2025-03-26 11:00:00,mac-waste-scenario,Project Vega,ram,64,12.67,GB,19.8
2025-03-26 12:00:00,mac-waste-scenario,Project Vega,ram,64,8.27,GB,12.92
2025-03-26 13:00:00,mac-waste-scenario,Project Vega,ram,64,10.76,GB,16.81
2025-03-26 14:00:00,mac-waste-scenario,Project Vega,ram,64,8.87,GB,13.86
2025-03-26 15:00:00,mac-waste-scenario,Project Vega,ram,64,9.66,GB,15.1
2025-03-26 16:00:00,mac-waste-scenario,Project Vega,ram,64,9.71,GB,15.18
2025-03-26 17:00:00,mac-waste-scenario,Project Vega,ram,64,11.54,GB,18.03
2025-03-26 18:00:00,mac-waste-scenario,Project Vega,ram,64,8.4,GB,13.13
2025-03-26 19:00:00,mac-waste-scenario,Project Vega,ram,64,8.92,GB,13.93
2025-03-26 20:00:00,mac-waste-scenario,Project Vega,ram,64,7.56,GB,11.81
2025-03-26 21:00:00,mac-waste-scenario,Project Vega,ram,64,10.22,GB,15.97
2025-03-26 22:00:00,mac-waste-scenario,Project Vega,ram,64,9.01,GB,14.08
2025-03-26 23:00:00,mac-waste-scenario,Project Vega,ram,64,10.14,GB,15.84
2025-03-27 00:00:00,mac-waste-scenario,Project Vega,ram,64,8.23,GB,12.85
2025-03-27 01:00:00,mac-waste-scenario,Project Vega,ram,64,9.14,GB,14.28
2025-03-27 02:00:00,mac-waste-scenario,Project Vega,ram,64,10.93,GB,17.08
2025-03-27 03:00:00,mac-waste-scenario,Project Vega,ram,64,9.38,GB,14.65
2025-03-27 04:00:00,mac-waste-scenario,Project Vega,ram,64,10.4,GB,16.25
2025-03-27 05:00:00,mac-waste-scenario,Project Vega,ram,64,10.28,GB,16.06
2025-03-27 06:00:00,mac-waste-scenario,Project Vega,ram,64,9.15,GB,14.29
2025-03-27 07:00:00,mac-waste-scenario,Project Vega,ram,64,7.6,GB,11.88
2025-03-27 08:00:00,mac-waste-scenario,Project Vega,ram,64,10.86,GB,16.97
2025-03-27 09:00:00,mac-waste-scenario,Project Vega,ram,64,9.82,GB,15.34
2025-03-27 10:00:00,mac-waste-scenario,Project Vega,ram,64,10.86,GB,16.97
2025-03-27 11:00:00,mac-waste-scenario,Project Vega,ram,64,7.02,GB,10.97
2025-03-27 12:00:00,mac-waste-scenario,Project Vega,ram,64,7.48,GB,11.69
2025-03-27 13:00:00,mac-waste-scenario,Project Vega,ram,64,6.86,GB,10.71
2025-03-27 14:00:00,mac-waste-scenario,Project Vega,ram,64,8.48,GB,13.25
2025-03-27 15:00:00,mac-waste-scenario,Project Vega,ram,64,10.93,GB,17.08
2025-03-27 16:00:00,mac-waste-scenario,Project Vega,ram,64,10.32,GB,16.13
2025-03-27 17:00:00,mac-waste-scenario,Project Vega,ram,64,9.56,GB,14.93
2025-03-27 18:00:00,mac-waste-scenario,Project Vega,ram,64,9.77,GB,15.26
2025-03-27 19:00:00,mac-waste-scenario,Project Vega,ram,64,10.57,GB,16.52
2025-03-27 20:00:00,mac-waste-scenario,Project Vega,ram,64,9.21,GB,14.4
2025-03-27 21:00:00,mac-waste-scenario,Project Vega,ram,64,10.11,GB,15.79
2025-03-27 22:00:00,mac-waste-scenario,Project Vega,ram,64,9.78,GB,15.28
2025-03-27 23:00:00,mac-waste-scenario,Project Vega,ram,64,6.8,GB,10.63
2025-03-28 00:00:00,mac-waste-scenario,Project Vega,ram,64,9.11,GB,14.23
2025-03-28 01:00:00,mac-waste-scenario,Project Vega,ram,64,11.34,GB,17.72
2025-03-28 02:00:00,mac-waste-scenario,Project Vega,ram,64,9.09,GB,14.21
2025-03-28 03:00:00,mac-waste-scenario,Project Vega,ram,64,9.42,GB,14.71
2025-03-28 04:00:00,mac-waste-scenario,Project Vega,ram,64,8.82,GB,13.79
2025-03-28 05:00:00,mac-waste-scenario,Project Vega,ram,64,8.98,GB,14.03
2025-03-28 06:00:00,mac-waste-scenario,Project Vega,ram,64,11.04,GB,17.25
2025-03-28 07:00:00,mac-waste-scenario,Project Vega,ram,64,9.26,GB,14.46
2025-03-28 08:00:00,mac-waste-scenario,Project Vega,ram,64,8.29,GB,12.96
2025-03-28 09:00:00,mac-waste-scenario,Project Vega,ram,64,5.62,GB,8.78
2025-03-28 10:00:00,mac-waste-scenario,Project Vega,ram,64,8.87,GB,13.85
2025-03-28 11:00:00,mac-waste-scenario,Project Vega,ram,64,7.08,GB,11.07
2025-03-28 12:00:00,mac-waste-scenario,Project Vega,ram,64,7.27,GB,11.35
2025-03-28 13:00:00,mac-waste-scenario,Project Vega,ram,64,10.62,GB,16.59
2025-03-28 14:00:00,mac-waste-scenario,Project Vega,ram,64,10.51,GB,16.42
2025-03-28 15:00:00,mac-waste-scenario,Project Vega,ram,64,7.15,GB,11.17
2025-03-28 16:00:00,mac-waste-scenario,Project Vega,ram,64,10.69,GB,16.7
2025-03-28 17:00:00,mac-waste-scenario,Project Vega,ram,64,10.19,GB,15.92
2025-03-28 18:00:00,mac-waste-scenario,Project Vega,ram,64,8.6,GB,13.43
2025-03-28 19:00:00,mac-waste-scenario,Project Vega,ram,64,10.54,GB,16.47
2025-03-28 20:00:00,mac-waste-scenario,Project Vega,ram,64,7.52,GB,11.75
2025-03-28 21:00:00,mac-waste-scenario,Project Vega,ram,64,8.06,GB,12.59
2025-03-28 22:00:00,mac-waste-scenario,Project Vega,ram,64,7.76,GB,12.12
2025-03-28 23:00:00,mac-waste-scenario,Project Vega,ram,64,8.18,GB,12.78
2025-03-29 00:00:00,mac-waste-scenario,Project Vega,ram,64,10.72,GB,16.76
2025-03-29 01:00:00,mac-waste-scenario,Project Vega,ram,64,7.89,GB,12.33
2025-03-29 02:00:00,mac-waste-scenario,Project Vega,ram,64,8.13,GB,12.7
2025-03-29 03:00:00,mac-waste-scenario,Project Vega,ram,64,8.38,GB,13.1
2025-03-29 04:00:00,mac-waste-scenario,Project Vega,ram,64,9.85,GB,15.39
2025-03-29 05:00:00,mac-waste-scenario,Project Vega,ram,64,9.17,GB,14.32
2025-03-29 06:00:00,mac-waste-scenario,Project Vega,ram,64,10.7,GB,16.72
2025-03-29 07:00:00,mac-waste-scenario,Project Vega,ram,64,8.69,GB,13.58
2025-03-29 08:00:00,mac-waste-scenario,Project Vega,ram,64,7.95,GB,12.42
2025-03-29 09:00:00,mac-waste-scenario,Project Vega,ram,64,8.95,GB,13.99
2025-03-29 10:00:00,mac-waste-scenario,Project Vega,ram,64,9.64,GB,15.07
2025-03-29 11:00:00,mac-waste-scenario,Project Vega,ram,64,8.4,GB,13.13
2025-03-29 12:00:00,mac-waste-scenario,Project Vega,ram,64,9.95,GB,15.55
2025-03-29 13:00:00,mac-waste-scenario,Project Vega,ram,64,11.92,GB,18.62
2025-03-29 14:00:00,mac-waste-scenario,Project Vega,ram,64,8.85,GB,13.82
2025-03-29 15:00:00,mac-waste-scenario,Project Vega,ram,64,9.65,GB,15.07
2025-03-29 16:00:00,mac-waste-scenario,Project Vega,ram,64,11.32,GB,17.69
2025-03-29 17:00:00,mac-waste-scenario,Project Vega,ram,64,8.76,GB,13.68
2025-03-29 18:00:00,mac-waste-scenario,Project Vega,ram,64,8.5,GB,13.28
2025-03-29 19:00:00,mac-waste-scenario,Project Vega,ram,64,8.18,GB,12.79
2025-03-29 20:00:00,mac-waste-scenario,Project Vega,ram,64,10.09,GB,15.77
2025-03-29 21:00:00,mac-waste-scenario,Project Vega,ram,64,10.24,GB,16.0
2025-03-29 22:00:00,mac-waste-scenario,Project Vega,ram,64,9.39,GB,14.67
2025-03-29 23:00:00,mac-waste-scenario,Project Vega,ram,64,9.63,GB,15.05
2025-03-30 00:00:00,mac-waste-scenario,Project Vega,ram,64,11.21,GB,17.51
2025-03-30 01:00:00,mac-waste-scenario,Project Vega,ram,64,10.69,GB,16.7
2025-03-30 02:00:00,mac-waste-scenario,Project Vega,ram,64,7.78,GB,12.16
2025-03-30 03:00:00,mac-waste-scenario,Project Vega,ram,64,9.56,GB,14.94
2025-03-30 04:00:00,mac-waste-scenario,Project Vega,ram,64,9.71,GB,15.17
2025-03-30 05:00:00,mac-waste-scenario,Project Vega,ram,64,10.49,GB,16.4
2025-03-30 06:00:00,mac-waste-scenario,Project Vega,ram,64,9.28,GB,14.51
2025-03-30 07:00:00,mac-waste-scenario,Project Vega,ram,64,8.74,GB,13.66
2025-03-30 08:00:00,mac-waste-scenario,Project Vega,ram,64,8.98,GB,14.03
2025-03-30 09:00:00,mac-waste-scenario,Project Vega,ram,64,7.29,GB,11.39
2025-03-30 10:00:00,mac-waste-scenario,Project Vega,ram,64,9.53,GB,14.9
2025-03-30 11:00:00,mac-waste-scenario,Project Vega,ram,64,8.8,GB,13.75
2025-03-30 12:00:00,mac-waste-scenario,Project Vega,ram,64,10.16,GB,15.88
2025-03-30 13:00:00,mac-waste-scenario,Project Vega,ram,64,8.25,GB,12.89
2025-03-30 14:00:00,mac-waste-scenario,Project Vega,ram,64,9.0,GB,14.07
2025-03-30 15:00:00,mac-waste-scenario,Project Vega,ram,64,8.31,GB,12.98
2025-03-30 16:00:00,mac-waste-scenario,Project Vega,ram,64,8.2,GB,12.8
2025-03-30 17:00:00,mac-waste-scenario,Project Vega,ram,64,10.45,GB,16.33
2025-03-30 18:00:00,mac-waste-scenario,Project Vega,ram,64,8.96,GB,14.0
2025-03-30 19:00:00,mac-waste-scenario,Project Vega,ram,64,10.12,GB,15.82
2025-03-30 20:00:00,mac-waste-scenario,Project Vega,ram,64,8.12,GB,12.69
2025-03-30 21:00:00,mac-waste-scenario,Project Vega,ram,64,9.68,GB,15.12
2025-03-30 22:00:00,mac-waste-scenario,Project Vega,ram,64,7.39,GB,11.55
2025-03-30 23:00:00,mac-waste-scenario,Project Vega,ram,64,8.94,GB,13.97
2025-03-31 00:00:00,mac-waste-scenario,Project Vega,ram,64,8.91,GB,13.92
2025-03-31 01:00:00,mac-waste-scenario,Project Vega,ram,64,10.3,GB,16.09
2025-03-31 02:00:00,mac-waste-scenario,Project Vega,ram,64,9.78,GB,15.28
2025-03-31 03:00:00,mac-waste-scenario,Project Vega,ram,64,9.32,GB,14.57
2025-03-31 04:00:00,mac-waste-scenario,Project Vega,ram,64,10.62,GB,16.59
2025-03-31 05:00:00,mac-waste-scenario,Project Vega,ram,64,9.79,GB,15.3
2025-03-31 06:00:00,mac-waste-scenario,Project Vega,ram,64,10.23,GB,15.99
2025-03-31 07:00:00,mac-waste-scenario,Project Vega,ram,64,10.53,GB,16.45
2025-03-31 08:00:00,mac-waste-scenario,Project Vega,ram,64,9.46,GB,14.78
2025-03-31 09:00:00,mac-waste-scenario,Project Vega,ram,64,9.17,GB,14.33
2025-03-31 10:00:00,mac-waste-scenario,Project Vega,ram,64,9.96,GB,15.57
2025-03-31 11:00:00,mac-waste-scenario,Project Vega,ram,64,9.01,GB,14.08
2025-03-31 12:00:00,mac-waste-scenario,Project Vega,ram,64,10.04,GB,15.69
2025-03-31 13:00:00,mac-waste-scenario,Project Vega,ram,64,10.96,GB,17.13
2025-03-31 14:00:00,mac-waste-scenario,Project Vega,ram,64,10.64,GB,16.62
2025-03-31 15:00:00,mac-waste-scenario,Project Vega,ram,64,9.05,GB,14.15
2025-03-31 16:00:00,mac-waste-scenario,Project Vega,ram,64,7.9,GB,12.34
2025-03-31 17:00:00,mac-waste-scenario,Project Vega,ram,64,9.47,GB,14.8
2025-03-31 18:00:00,mac-waste-scenario,Project Vega,ram,64,9.38,GB,14.66
2025-03-31 19:00:00,mac-waste-scenario,Project Vega,ram,64,10.96,GB,17.12
2025-03-31 20:00:00,mac-waste-scenario,Project Vega,ram,64,9.05,GB,14.14
2025-03-31 21:00:00,mac-waste-scenario,Project Vega,ram,64,9.27,GB,14.49
2025-03-31 22:00:00,mac-waste-scenario,Project Vega,ram,64,10.48,GB,16.38
2025-03-31 23:00:00,mac-waste-scenario,Project Vega,ram,64,8.93,GB,13.95
2025-01-01 00:00:00,mac-waste-scenario,Project Vega,disk,2048,298.78,GB,14.59
2025-01-01 01:00:00,mac-waste-scenario,Project Vega,disk,2048,375.37,GB,18.33
2025-01-01 02:00:00,mac-waste-scenario,Project Vega,disk,2048,366.2,GB,17.88
2025-01-01 03:00:00,mac-waste-scenario,Project Vega,disk,2048,331.03,GB,16.16
2025-01-01 04:00:00,mac-waste-scenario,Project Vega,disk,2048,316.26,GB,15.44
2025-01-01 05:00:00,mac-waste-scenario,Project Vega,disk,2048,265.66,GB,12.97
2025-01-01 06:00:00,mac-waste-scenario,Project Vega,disk,2048,328.1,GB,16.02
2025-01-01 07:00:00,mac-waste-scenario,Project Vega,disk,2048,307.64,GB,15.02
2025-01-01 08:00:00,mac-waste-scenario,Project Vega,disk,2048,314.29,GB,15.35
2025-01-01 09:00:00,mac-waste-scenario,Project Vega,disk,2048,284.07,GB,13.87
2025-01-01 10:00:00,mac-waste-scenario,Project Vega,disk,2048,304.78,GB,14.88
2025-01-01 11:00:00,mac-waste-scenario,Project Vega,disk,2048,297.73,GB,14.54
2025-01-01 12:00:00,mac-waste-scenario,Project Vega,disk,2048,318.16,GB,15.54
2025-01-01 13:00:00,mac-waste-scenario,Project Vega,disk,2048,363.64,GB,17.76
2025-01-01 14:00:00,mac-waste-scenario,Project Vega,disk,2048,320.04,GB,15.63
2025-01-01 15:00:00,mac-waste-scenario,Project Vega,disk,2048,237.48,GB,11.6
2025-01-01 16:00:00,mac-waste-scenario,Project Vega,disk,2048,265.6,GB,12.97
2025-01-01 17:00:00,mac-waste-scenario,Project Vega,disk,2048,240.51,GB,11.74
2025-01-01 18:00:00,mac-waste-scenario,Project Vega,disk,2048,272.82,GB,13.32
2025-01-01 19:00:00,mac-waste-scenario,Project Vega,disk,2048,328.1,GB,16.02
2025-01-01 20:00:00,mac-waste-scenario,Project Vega,disk,2048,321.64,GB,15.71
2025-01-01 21:00:00,mac-waste-scenario,Project Vega,disk,2048,280.76,GB,13.71
2025-01-01 22:00:00,mac-waste-scenario,Project Vega,disk,2048,316.14,GB,15.44
2025-01-01 23:00:00,mac-waste-scenario,Project Vega,disk,2048,274.3,GB,13.39
2025-01-02 00:00:00,mac-waste-scenario,Project Vega,disk,2048,247.17,GB,12.07
2025-01-02 01:00:00,mac-waste-scenario,Project Vega,disk,2048,247.76,GB,12.1
2025-01-02 02:00:00,mac-waste-scenario,Project Vega,disk,2048,270.12,GB,13.19
2025-01-02 03:00:00,mac-waste-scenario,Project Vega,disk,2048,363.3,GB,17.74
2025-01-02 04:00:00,mac-waste-scenario,Project Vega,disk,2048,250.42,GB,12.23
2025-01-02 05:00:00,mac-waste-scenario,Project Vega,disk,2048,356.04,GB,17.38
2025-01-02 06:00:00,mac-waste-scenario,Project Vega,disk,2048,359.49,GB,17.55
2025-01-02 07:00:00,mac-waste-scenario,Project Vega,disk,2048,297.76,GB,14.54
2025-01-02 08:00:00,mac-waste-scenario,Project Vega,disk,2048,303.19,GB,14.8
2025-01-02 09:00:00,mac-waste-scenario,Project Vega,disk,2048,280.12,GB,13.68
2025-01-02 10:00:00,mac-waste-scenario,Project Vega,disk,2048,304.17,GB,14.85
2025-01-02 11:00:00,mac-waste-scenario,Project Vega,disk,2048,332.07,GB,16.21
2025-01-02 12:00:00,mac-waste-scenario,Project Vega,disk,2048,305.53,GB,14.92
2025-01-02 13:00:00,mac-waste-scenario,Project Vega,disk,2048,345.9,GB,16.89
2025-01-02 14:00:00,mac-waste-scenario,Project Vega,disk,2048,353.64,GB,17.27
2025-01-02 15:00:00,mac-waste-scenario,Project Vega,disk,2048,319.17,GB,15.58
2025-01-02 16:00:00,mac-waste-scenario,Project Vega,disk,2048,318.49,GB,15.55
2025-01-02 17:00:00,mac-waste-scenario,Project Vega,disk,2048,302.6,GB,14.78
2025-01-02 18:00:00,mac-waste-scenario,Project Vega,disk,2048,319.26,GB,15.59
2025-01-02 19:00:00,mac-waste-scenario,Project Vega,disk,2048,259.55,GB,12.67
2025-01-02 20:00:00,mac-waste-scenario,Project Vega,disk,2048,321.67,GB,15.71
2025-01-02 21:00:00,mac-waste-scenario,Project Vega,disk,2048,313.48,GB,15.31
2025-01-02 22:00:00,mac-waste-scenario,Project Vega,disk,2048,269.84,GB,13.18
2025-01-02 23:00:00,mac-waste-scenario,Project Vega,disk,2048,393.05,GB,19.19
2025-01-03 00:00:00,mac-waste-scenario,Project Vega,disk,2048,265.35,GB,12.96
2025-01-03 01:00:00,mac-waste-scenario,Project Vega,disk,2048,269.56,GB,13.16
2025-01-03 02:00:00,mac-waste-scenario,Project Vega,disk,2048,316.45,GB,15.45
2025-01-03 03:00:00,mac-waste-scenario,Project Vega,disk,2048,225.88,GB,11.03
2025-01-03 04:00:00,mac-waste-scenario,Project Vega,disk,2048,272.71,GB,13.32
2025-01-03 05:00:00,mac-waste-scenario,Project Vega,disk,2048,242.73,GB,11.85
2025-01-03 06:00:00,mac-waste-scenario,Project Vega,disk,2048,265.54,GB,12.97
2025-01-03 07:00:00,mac-waste-scenario,Project Vega,disk,2048,299.62,GB,14.63
2025-01-03 08:00:00,mac-waste-scenario,Project Vega,disk,2048,318.09,GB,15.53
2025-01-03 09:00:00,mac-waste-scenario,Project Vega,disk,2048,350.15,GB,17.1
2025-01-03 10:00:00,mac-waste-scenario,Project Vega,disk,2048,337.98,GB,16.5
2025-01-03 11:00:00,mac-waste-scenario,Project Vega,disk,2048,353.45,GB,17.26
2025-01-03 12:00:00,mac-waste-scenario,Project Vega,disk,2048,329.07,GB,16.07
2025-01-03 13:00:00,mac-waste-scenario,Project Vega,disk,2048,285.86,GB,13.96
2025-01-03 14:00:00,mac-waste-scenario,Project Vega,disk,2048,350.6,GB,17.12
2025-01-03 15:00:00,mac-waste-scenario,Project Vega,disk,2048,285.04,GB,13.92
2025-01-03 16:00:00,mac-waste-scenario,Project Vega,disk,2048,279.88,GB,13.67
2025-01-03 17:00:00,mac-waste-scenario,Project Vega,disk,2048,367.52,GB,17.95
2025-01-03 18:00:00,mac-waste-scenario,Project Vega,disk,2048,337.21,GB,16.47
2025-01-03 19:00:00,mac-waste-scenario,Project Vega,disk,2048,313.95,GB,15.33
2025-01-03 20:00:00,mac-waste-scenario,Project Vega,disk,2048,335.73,GB,16.39
2025-01-03 21:00:00,mac-waste-scenario,Project Vega,disk,2048,340.91,GB,16.65
2025-01-03 22:00:00,mac-waste-scenario,Project Vega,disk,2048,249.23,GB,12.17
2025-01-03 23:00:00,mac-waste-scenario,Project Vega,disk,2048,301.12,GB,14.7
2025-01-04 00:00:00,mac-waste-scenario,Project Vega,disk,2048,256.72,GB,12.54
2025-01-04 01:00:00,mac-waste-scenario,Project Vega,disk,2048,309.95,GB,15.13
2025-01-04 02:00:00,mac-waste-scenario,Project Vega,disk,2048,277.5,GB,13.55
2025-01-04 03:00:00,mac-waste-scenario,Project Vega,disk,2048,360.53,GB,17.6
2025-01-04 04:00:00,mac-waste-scenario,Project Vega,disk,2048,326.16,GB,15.93
2025-01-04 05:00:00,mac-waste-scenario,Project Vega,disk,2048,271.73,GB,13.27
2025-01-04 06:00:00,mac-waste-scenario,Project Vega,disk,2048,304.18,GB,14.85
2025-01-04 07:00:00,mac-waste-scenario,Project Vega,disk,2048,255.37,GB,12.47
2025-01-04 08:00:00,mac-waste-scenario,Project Vega,disk,2048,306.59,GB,14.97
2025-01-04 09:00:00,mac-waste-scenario,Project Vega,disk,2048,327.32,GB,15.98
2025-01-04 10:00:00,mac-waste-scenario,Project Vega,disk,2048,315.7,GB,15.41
2025-01-04 11:00:00,mac-waste-scenario,Project Vega,disk,2048,225.96,GB,11.03
2025-01-04 12:00:00,mac-waste-scenario,Project Vega,disk,2048,291.2,GB,14.22
2025-01-04 13:00:00,mac-waste-scenario,Project Vega,disk,2048,325.73,GB,15.9
2025-01-04 14:00:00,mac-waste-scenario,Project Vega,disk,2048,317.43,GB,15.5
2025-01-04 15:00:00,mac-waste-scenario,Project Vega,disk,2048,352.34,GB,17.2
2025-01-04 16:00:00,mac-waste-scenario,Project Vega,disk,2048,252.29,GB,12.32
2025-01-04 17:00:00,mac-waste-scenario,Project Vega,disk,2048,326.32,GB,15.93
2025-01-04 18:00:00,mac-waste-scenario,Project Vega,disk,2048,278.25,GB,13.59
2025-01-04 19:00:00,mac-waste-scenario,Project Vega,disk,2048,312.87,GB,15.28
2025-01-04 20:00:00,mac-waste-scenario,Project Vega,disk,2048,321.48,GB,15.7
2025-01-04 21:00:00,mac-waste-scenario,Project Vega,disk,2048,332.99,GB,16.26
2025-01-04 22:00:00,mac-waste-scenario,Project Vega,disk,2048,281.25,GB,13.73
2025-01-04 23:00:00,mac-waste-scenario,Project Vega,disk,2048,312.44,GB,15.26
2025-01-05 00:00:00,mac-waste-scenario,Project Vega,disk,2048,257.04,GB,12.55
2025-01-05 01:00:00,mac-waste-scenario,Project Vega,disk,2048,247.11,GB,12.07
2025-01-05 02:00:00,mac-waste-scenario,Project Vega,disk,2048,327.59,GB,16.0
2025-01-05 03:00:00,mac-waste-scenario,Project Vega,disk,2048,302.63,GB,14.78
2025-01-05 04:00:00,mac-waste-scenario,Project Vega,disk,2048,238.58,GB,11.65
2025-01-05 05:00:00,mac-waste-scenario,Project Vega,disk,2048,270.04,GB,13.19
2025-01-05 06:00:00,mac-waste-scenario,Project Vega,disk,2048,305.62,GB,14.92
2025-01-05 07:00:00,mac-waste-scenario,Project Vega,disk,2048,368.51,GB,17.99
2025-01-05 08:00:00,mac-waste-scenario,Project Vega,disk,2048,347.61,GB,16.97
2025-01-05 09:00:00,mac-waste-scenario,Project Vega,disk,2048,337.51,GB,16.48
2025-01-05 10:00:00,mac-waste-scenario,Project Vega,disk,2048,231.73,GB,11.32
2025-01-05 11:00:00,mac-waste-scenario,Project Vega,disk,2048,300.84,GB,14.69
2025-01-05 12:00:00,mac-waste-scenario,Project Vega,disk,2048,324.36,GB,15.84
2025-01-05 13:00:00,mac-waste-scenario,Project Vega,disk,2048,320.94,GB,15.67
2025-01-05 14:00:00,mac-waste-scenario,Project Vega,disk,2048,321.85,GB,15.72
2025-01-05 15:00:00,mac-waste-scenario,Project Vega,disk,2048,295.27,GB,14.42
2025-01-05 16:00:00,mac-waste-scenario,Project Vega,disk,2048,376.79,GB,18.4
2025-01-05 17:00:00,mac-waste-scenario,Project Vega,disk,2048,365.26,GB,17.84
2025-01-05 18:00:00,mac-waste-scenario,Project Vega,disk,2048,300.97,GB,14.7
2025-01-05 19:00:00,mac-waste-scenario,Project Vega,disk,2048,264.7,GB,12.92
2025-01-05 20:00:00,mac-waste-scenario,Project Vega,disk,2048,388.9,GB,18.99
2025-01-05 21:00:00,mac-waste-scenario,Project Vega,disk,2048,282.18,GB,13.78
2025-01-05 22:00:00,mac-waste-scenario,Project Vega,disk,2048,353.81,GB,17.28
2025-01-05 23:00:00,mac-waste-scenario,Project Vega,disk,2048,382.99,GB,18.7
2025-01-06 00:00:00,mac-waste-scenario,Project Vega,disk,2048,266.18,GB,13.0
2025-01-06 01:00:00,mac-waste-scenario,Project Vega,disk,2048,316.7,GB,15.46
2025-01-06 02:00:00,mac-waste-scenario,Project Vega,disk,2048,290.57,GB,14.19
2025-01-06 03:00:00,mac-waste-scenario,Project Vega,disk,2048,325.89,GB,15.91
2025-01-06 04:00:00,mac-waste-scenario,Project Vega,disk,2048,317.92,GB,15.52
2025-01-06 05:00:00,mac-waste-scenario,Project Vega,disk,2048,384.47,GB,18.77
2025-01-06 06:00:00,mac-waste-scenario,Project Vega,disk,2048,328.97,GB,16.06
2025-01-06 07:00:00,mac-waste-scenario,Project Vega,disk,2048,304.45,GB,14.87
2025-01-06 08:00:00,mac-waste-scenario,Project Vega,disk,2048,350.91,GB,17.13
2025-01-06 09:00:00,mac-waste-scenario,Project Vega,disk,2048,293.67,GB,14.34
2025-01-06 10:00:00,mac-waste-scenario,Project Vega,disk,2048,289.84,GB,14.15
2025-01-06 11:00:00,mac-waste-scenario,Project Vega,disk,2048,396.47,GB,19.36
2025-01-06 12:00:00,mac-waste-scenario,Project Vega,disk,2048,271.18,GB,13.24
2025-01-06 13:00:00,mac-waste-scenario,Project Vega,disk,2048,284.78,GB,13.91
2025-01-06 14:00:00,mac-waste-scenario,Project Vega,disk,2048,306.6,GB,14.97
2025-01-06 15:00:00,mac-waste-scenario,Project Vega,disk,2048,261.52,GB,12.77
2025-01-06 16:00:00,mac-waste-scenario,Project Vega,disk,2048,218.42,GB,10.67
2025-01-06 17:00:00,mac-waste-scenario,Project Vega,disk,2048,348.03,GB,16.99
2025-01-06 18:00:00,mac-waste-scenario,Project Vega,disk,2048,272.66,GB,13.31
2025-01-06 19:00:00,mac-waste-scenario,Project Vega,disk,2048,282.63,GB,13.8
2025-01-06 20:00:00,mac-waste-scenario,Project Vega,disk,2048,289.55,GB,14.14
2025-01-06 21:00:00,mac-waste-scenario,Project Vega,disk,2048,264.6,GB,12.92
2025-01-06 22:00:00,mac-waste-scenario,Project Vega,disk,2048,260.8,GB,12.73
2025-01-06 23:00:00,mac-waste-scenario,Project Vega,disk,2048,311.38,GB,15.2
2025-01-07 00:00:00,mac-waste-scenario,Project Vega,disk,2048,403.0,GB,19.68
2025-01-07 01:00:00,mac-waste-scenario,Project Vega,disk,2048,334.95,GB,16.36
2025-01-07 02:00:00,mac-waste-scenario,Project Vega,disk,2048,335.38,GB,16.38
2025-01-07 03:00:00,mac-waste-scenario,Project Vega,disk,2048,243.13,GB,11.87
2025-01-07 04:00:00,mac-waste-scenario,Project Vega,disk,2048,303.8,GB,14.83
2025-01-07 05:00:00,mac-waste-scenario,Project Vega,disk,2048,256.32,GB,12.52
2025-01-07 06:00:00,mac-waste-scenario,Project Vega,disk,2048,336.42,GB,16.43
2025-01-07 07:00:00,mac-waste-scenario,Project Vega,disk,2048,295.45,GB,14.43
2025-01-07 08:00:00,mac-waste-scenario,Project Vega,disk,2048,306.35,GB,14.96
2025-01-07 09:00:00,mac-waste-scenario,Project Vega,disk,2048,301.16,GB,14.71
2025-01-07 10:00:00,mac-waste-scenario,Project Vega,disk,2048,280.89,GB,13.72
2025-01-07 11:00:00,mac-waste-scenario,Project Vega,disk,2048,242.47,GB,11.84
2025-01-07 12:00:00,mac-waste-scenario,Project Vega,disk,2048,328.53,GB,16.04
2025-01-07 13:00:00,mac-waste-scenario,Project Vega,disk,2048,248.14,GB,12.12
2025-01-07 14:00:00,mac-waste-scenario,Project Vega,disk,2048,256.43,GB,12.52
2025-01-07 15:00:00,mac-waste-scenario,Project Vega,disk,2048,292.59,GB,14.29
2025-01-07 16:00:00,mac-waste-scenario,Project Vega,disk,2048,275.86,GB,13.47
2025-01-07 17:00:00,mac-waste-scenario,Project Vega,disk,2048,315.5,GB,15.41
2025-01-07 18:00:00,mac-waste-scenario,Project Vega,disk,2048,346.17,GB,16.9
2025-01-07 19:00:00,mac-waste-scenario,Project Vega,disk,2048,314.98,GB,15.38
2025-01-07 20:00:00,mac-waste-scenario,Project Vega,disk,2048,312.86,GB,15.28
2025-01-07 21:00:00,mac-waste-scenario,Project Vega,disk,2048,305.74,GB,14.93
2025-01-07 22:00:00,mac-waste-scenario,Project Vega,disk,2048,339.93,GB,16.6
2025-01-07 23:00:00,mac-waste-scenario,Project Vega,disk,2048,229.18,GB,11.19
2025-01-08 00:00:00,mac-waste-scenario,Project Vega,disk,2048,319.82,GB,15.62
2025-01-08 01:00:00,mac-waste-scenario,Project Vega,disk,2048,266.57,GB,13.02
2025-01-08 02:00:00,mac-waste-scenario,Project Vega,disk,2048,254.28,GB,12.42
2025-01-08 03:00:00,mac-waste-scenario,Project Vega,disk,2048,304.98,GB,14.89
2025-01-08 04:00:00,mac-waste-scenario,Project Vega,disk,2048,288.92,GB,14.11
2025-01-08 05:00:00,mac-waste-scenario,Project Vega,disk,2048,328.67,GB,16.05
2025-01-08 06:00:00,mac-waste-scenario,Project Vega,disk,2048,349.87,GB,17.08
2025-01-08 07:00:00,mac-waste-scenario,Project Vega,disk,2048,209.52,GB,10.23
2025-01-08 08:00:00,mac-waste-scenario,Project Vega,disk,2048,301.82,GB,14.74
2025-01-08 09:00:00,mac-waste-scenario,Project Vega,disk,2048,385.0,GB,18.8
2025-01-08 10:00:00,mac-waste-scenario,Project Vega,disk,2048,340.32,GB,16.62
2025-01-08 11:00:00,mac-waste-scenario,Project Vega,disk,2048,364.03,GB,17.77
2025-01-08 12:00:00,mac-waste-scenario,Project Vega,disk,2048,308.95,GB,15.09
2025-01-08 13:00:00,mac-waste-scenario,Project Vega,disk,2048,245.99,GB,12.01
2025-01-08 14:00:00,mac-waste-scenario,Project Vega,disk,2048,258.71,GB,12.63
2025-01-08 15:00:00,mac-waste-scenario,Project Vega,disk,2048,333.94,GB,16.31
2025-01-08 16:00:00,mac-waste-scenario,Project Vega,disk,2048,344.06,GB,16.8
2025-01-08 17:00:00,mac-waste-scenario,Project Vega,disk,2048,274.82,GB,13.42
2025-01-08 18:00:00,mac-waste-scenario,Project Vega,disk,2048,293.8,GB,14.35
2025-01-08 19:00:00,mac-waste-scenario,Project Vega,disk,2048,315.5,GB,15.41
2025-01-08 20:00:00,mac-waste-scenario,Project Vega,disk,2048,233.1,GB,11.38
2025-01-08 21:00:00,mac-waste-scenario,Project Vega,disk,2048,290.45,GB,14.18
2025-01-08 22:00:00,mac-waste-scenario,Project Vega,disk,2048,371.07,GB,18.12
2025-01-08 23:00:00,mac-waste-scenario,Project Vega,disk,2048,394.31,GB,19.25
2025-01-09 00:00:00,mac-waste-scenario,Project Vega,disk,2048,300.35,GB,14.67
2025-01-09 01:00:00,mac-waste-scenario,Project Vega,disk,2048,379.81,GB,18.55
2025-01-09 02:00:00,mac-waste-scenario,Project Vega,disk,2048,283.28,GB,13.83
2025-01-09 03:00:00,mac-waste-scenario,Project Vega,disk,2048,271.6,GB,13.26
2025-01-09 04:00:00,mac-waste-scenario,Project Vega,disk,2048,213.11,GB,10.41
2025-01-09 05:00:00,mac-waste-scenario,Project Vega,disk,2048,343.99,GB,16.8
2025-01-09 06:00:00,mac-waste-scenario,Project Vega,disk,2048,289.47,GB,14.13
2025-01-09 07:00:00,mac-waste-scenario,Project Vega,disk,2048,400.63,GB,19.56
2025-01-09 08:00:00,mac-waste-scenario,Project Vega,disk,2048,318.38,GB,15.55
2025-01-09 09:00:00,mac-waste-scenario,Project Vega,disk,2048,312.52,GB,15.26
2025-01-09 10:00:00,mac-waste-scenario,Project Vega,disk,2048,230.82,GB,11.27
2025-01-09 11:00:00,mac-waste-scenario,Project Vega,disk,2048,366.26,GB,17.88
2025-01-09 12:00:00,mac-waste-scenario,Project Vega,disk,2048,289.95,GB,14.16
2025-01-09 13:00:00,mac-waste-scenario,Project Vega,disk,2048,298.22,GB,14.56
2025-01-09 14:00:00,mac-waste-scenario,Project Vega,disk,2048,214.45,GB,10.47
2025-01-09 15:00:00,mac-waste-scenario,Project Vega,disk,2048,342.77,GB,16.74
2025-01-09 16:00:00,mac-waste-scenario,Project Vega,disk,2048,345.33,GB,16.86
2025-01-09 17:00:00,mac-waste-scenario,Project Vega,disk,2048,280.02,GB,13.67
2025-01-09 18:00:00,mac-waste-scenario,Project Vega,disk,2048,308.65,GB,15.07
2025-01-09 19:00:00,mac-waste-scenario,Project Vega,disk,2048,320.93,GB,15.67
2025-01-09 20:00:00,mac-waste-scenario,Project Vega,disk,2048,344.3,GB,16.81
2025-01-09 21:00:00,mac-waste-scenario,Project Vega,disk,2048,309.14,GB,15.09
2025-01-09 22:00:00,mac-waste-scenario,Project Vega,disk,2048,375.43,GB,18.33
2025-01-09 23:00:00,mac-waste-scenario,Project Vega,disk,2048,294.94,GB,14.4
2025-01-10 00:00:00,mac-waste-scenario,Project Vega,disk,2048,280.04,GB,13.67
2025-01-10 01:00:00,mac-waste-scenario,Project Vega,disk,2048,285.76,GB,13.95
2025-01-10 02:00:00,mac-waste-scenario,Project Vega,disk,2048,200.94,GB,9.81
2025-01-10 03:00:00,mac-waste-scenario,Project Vega,disk,2048,271.84,GB,13.27
2025-01-10 04:00:00,mac-waste-scenario,Project Vega,disk,2048,346.14,GB,16.9
2025-01-10 05:00:00,mac-waste-scenario,Project Vega,disk,2048,315.75,GB,15.42
2025-01-10 06:00:00,mac-waste-scenario,Project Vega,disk,2048,271.38,GB,13.25
2025-01-10 07:00:00,mac-waste-scenario,Project Vega,disk,2048,319.25,GB,15.59
2025-01-10 08:00:00,mac-waste-scenario,Project Vega,disk,2048,222.25,GB,10.85
2025-01-10 09:00:00,mac-waste-scenario,Project Vega,disk,2048,293.27,GB,14.32
2025-01-10 10:00:00,mac-waste-scenario,Project Vega,disk,2048,326.45,GB,15.94
2025-01-10 11:00:00,mac-waste-scenario,Project Vega,disk,2048,333.54,GB,16.29
2025-01-10 12:00:00,mac-waste-scenario,Project Vega,disk,2048,273.23,GB,13.34
2025-01-10 13:00:00,mac-waste-scenario,Project Vega,disk,2048,342.35,GB,16.72
2025-01-10 14:00:00,mac-waste-scenario,Project Vega,disk,2048,381.55,GB,18.63
2025-01-10 15:00:00,mac-waste-scenario,Project Vega,disk,2048,287.49,GB,14.04
2025-01-10 16:00:00,mac-waste-scenario,Project Vega,disk,2048,335.33,GB,16.37
2025-01-10 17:00:00,mac-waste-scenario,Project Vega,disk,2048,241.18,GB,11.78
2025-01-10 18:00:00,mac-waste-scenario,Project Vega,disk,2048,224.62,GB,10.97
2025-01-10 19:00:00,mac-waste-scenario,Project Vega,disk,2048,330.09,GB,16.12
2025-01-10 20:00:00,mac-waste-scenario,Project Vega,disk,2048,306.77,GB,14.98
2025-01-10 21:00:00,mac-waste-scenario,Project Vega,disk,2048,313.2,GB,15.29
2025-01-10 22:00:00,mac-waste-scenario,Project Vega,disk,2048,281.14,GB,13.73
2025-01-10 23:00:00,mac-waste-scenario,Project Vega,disk,2048,293.0,GB,14.31
2025-01-11 00:00:00,mac-waste-scenario,Project Vega,disk,2048,338.25,GB,16.52
2025-01-11 01:00:00,mac-waste-scenario,Project Vega,disk,2048,375.43,GB,18.33
2025-01-11 02:00:00,mac-waste-scenario,Project Vega,disk,2048,296.18,GB,14.46
2025-01-11 03:00:00,mac-waste-scenario,Project Vega,disk,2048,237.44,GB,11.59
2025-01-11 04:00:00,mac-waste-scenario,Project Vega,disk,2048,357.27,GB,17.44
2025-01-11 05:00:00,mac-waste-scenario,Project Vega,disk,2048,329.76,GB,16.1
2025-01-11 06:00:00,mac-waste-scenario,Project Vega,disk,2048,333.02,GB,16.26
2025-01-11 07:00:00,mac-waste-scenario,Project Vega,disk,2048,312.54,GB,15.26
2025-01-11 08:00:00,mac-waste-scenario,Project Vega,disk,2048,400.27,GB,19.54
2025-01-11 09:00:00,mac-waste-scenario,Project Vega,disk,2048,308.19,GB,15.05
2025-01-11 10:00:00,mac-waste-scenario,Project Vega,disk,2048,326.16,GB,15.93
2025-01-11 11:00:00,mac-waste-scenario,Project Vega,disk,2048,229.16,GB,11.19
2025-01-11 12:00:00,mac-waste-scenario,Project Vega,disk,2048,281.37,GB,13.74
2025-01-11 13:00:00,mac-waste-scenario,Project Vega,disk,2048,276.95,GB,13.52
2025-01-11 14:00:00,mac-waste-scenario,Project Vega,disk,2048,303.88,GB,14.84
2025-01-11 15:00:00,mac-waste-scenario,Project Vega,disk,2048,319.37,GB,15.59
2025-01-11 16:00:00,mac-waste-scenario,Project Vega,disk,2048,274.39,GB,13.4
2025-01-11 17:00:00,mac-waste-scenario,Project Vega,disk,2048,376.03,GB,18.36
2025-01-11 18:00:00,mac-waste-scenario,Project Vega,disk,2048,261.44,GB,12.77
2025-01-11 19:00:00,mac-waste-scenario,Project Vega,disk,2048,286.64,GB,14.0
2025-01-11 20:00:00,mac-waste-scenario,Project Vega,disk,2048,314.87,GB,15.37
2025-01-11 21:00:00,mac-waste-scenario,Project Vega,disk,2048,253.84,GB,12.39
2025-01-11 22:00:00,mac-waste-scenario,Project Vega,disk,2048,328.49,GB,16.04
2025-01-11 23:00:00,mac-waste-scenario,Project Vega,disk,2048,331.04,GB,16.16
2025-01-12 00:00:00,mac-waste-scenario,Project Vega,disk,2048,293.12,GB,14.31
2025-01-12 01:00:00,mac-waste-scenario,Project Vega,disk,2048,383.34,GB,18.72
2025-01-12 02:00:00,mac-waste-scenario,Project Vega,disk,2048,308.45,GB,15.06
2025-01-12 03:00:00,mac-waste-scenario,Project Vega,disk,2048,316.62,GB,15.46
2025-01-12 04:00:00,mac-waste-scenario,Project Vega,disk,2048,265.75,GB,12.98
2025-01-12 05:00:00,mac-waste-scenario,Project Vega,disk,2048,236.48,GB,11.55
2025-01-12 06:00:00,mac-waste-scenario,Project Vega,disk,2048,279.24,GB,13.63
2025-01-12 07:00:00,mac-waste-scenario,Project Vega,disk,2048,291.92,GB,14.25
2025-01-12 08:00:00,mac-waste-scenario,Project Vega,disk,2048,286.44,GB,13.99
2025-01-12 09:00:00,mac-waste-scenario,Project Vega,disk,2048,336.61,GB,16.44
2025-01-12 10:00:00,mac-waste-scenario,Project Vega,disk,2048,207.3,GB,10.12
2025-01-12 11:00:00,mac-waste-scenario,Project Vega,disk,2048,258.63,GB,12.63
2025-01-12 12:00:00,mac-waste-scenario,Project Vega,disk,2048,230.25,GB,11.24
2025-01-12 13:00:00,mac-waste-scenario,Project Vega,disk,2048,360.09,GB,17.58
2025-01-12 14:00:00,mac-waste-scenario,Project Vega,disk,2048,281.95,GB,13.77
2025-01-12 15:00:00,mac-waste-scenario,Project Vega,disk,2048,284.0,GB,13.87
2025-01-12 16:00:00,mac-waste-scenario,Project Vega,disk,2048,259.95,GB,12.69
2025-01-12 17:00:00,mac-waste-scenario,Project Vega,disk,2048,341.98,GB,16.7
2025-01-12 18:00:00,mac-waste-scenario,Project Vega,disk,2048,288.24,GB,14.07
2025-01-12 19:00:00,mac-waste-scenario,Project Vega,disk,2048,314.21,GB,15.34
2025-01-12 20:00:00,mac-waste-scenario,Project Vega,disk,2048,221.73,GB,10.83
2025-01-12 21:00:00,mac-waste-scenario,Project Vega,disk,2048,353.13,GB,17.24
2025-01-12 22:00:00,mac-waste-scenario,Project Vega,disk,2048,321.31,GB,15.69
2025-01-12 23:00:00,mac-waste-scenario,Project Vega,disk,2048,327.75,GB,16.0
2025-01-13 00:00:00,mac-waste-scenario,Project Vega,disk,2048,355.82,GB,17.37
2025-01-13 01:00:00,mac-waste-scenario,Project Vega,disk,2048,297.22,GB,14.51
2025-01-13 02:00:00,mac-waste-scenario,Project Vega,disk,2048,298.29,GB,14.57
2025-01-13 03:00:00,mac-waste-scenario,Project Vega,disk,2048,334.59,GB,16.34
2025-01-13 04:00:00,mac-waste-scenario,Project Vega,disk,2048,322.65,GB,15.75
2025-01-13 05:00:00,mac-waste-scenario,Project Vega,disk,2048,295.12,GB,14.41
2025-01-13 06:00:00,mac-waste-scenario,Project Vega,disk,2048,306.97,GB,14.99
2025-01-13 07:00:00,mac-waste-scenario,Project Vega,disk,2048,284.49,GB,13.89
2025-01-13 08:00:00,mac-waste-scenario,Project Vega,disk,2048,334.49,GB,16.33
2025-01-13 09:00:00,mac-waste-scenario,Project Vega,disk,2048,343.48,GB,16.77
2025-01-13 10:00:00,mac-waste-scenario,Project Vega,disk,2048,305.4,GB,14.91
2025-01-13 11:00:00,mac-waste-scenario,Project Vega,disk,2048,382.25,GB,18.66
2025-01-13 12:00:00,mac-waste-scenario,Project Vega,disk,2048,242.1,GB,11.82
2025-01-13 13:00:00,mac-waste-scenario,Project Vega,disk,2048,295.63,GB,14.43
2025-01-13 14:00:00,mac-waste-scenario,Project Vega,disk,2048,375.4,GB,18.33
2025-01-13 15:00:00,mac-waste-scenario,Project Vega,disk,2048,287.91,GB,14.06
2025-01-13 16:00:00,mac-waste-scenario,Project Vega,disk,2048,239.55,GB,11.7
2025-01-13 17:00:00,mac-waste-scenario,Project Vega,disk,2048,362.47,GB,17.7
2025-01-13 18:00:00,mac-waste-scenario,Project Vega,disk,2048,327.61,GB,16.0
2025-01-13 19:00:00,mac-waste-scenario,Project Vega,disk,2048,256.21,GB,12.51
2025-01-13 20:00:00,mac-waste-scenario,Project Vega,disk,2048,337.03,GB,16.46
2025-01-13 21:00:00,mac-waste-scenario,Project Vega,disk,2048,263.25,GB,12.85
2025-01-13 22:00:00,mac-waste-scenario,Project Vega,disk,2048,250.22,GB,12.22
2025-01-13 23:00:00,mac-waste-scenario,Project Vega,disk,2048,298.99,GB,14.6
2025-01-14 00:00:00,mac-waste-scenario,Project Vega,disk,2048,285.5,GB,13.94
2025-01-14 01:00:00,mac-waste-scenario,Project Vega,disk,2048,260.17,GB,12.7
2025-01-14 02:00:00,mac-waste-scenario,Project Vega,disk,2048,290.23,GB,14.17
2025-01-14 03:00:00,mac-waste-scenario,Project Vega,disk,2048,264.01,GB,12.89
2025-01-14 04:00:00,mac-waste-scenario,Project Vega,disk,2048,307.71,GB,15.02
2025-01-14 05:00:00,mac-waste-scenario,Project Vega,disk,2048,304.3,GB,14.86
2025-01-14 06:00:00,mac-waste-scenario,Project Vega,disk,2048,335.84,GB,16.4
2025-01-14 07:00:00,mac-waste-scenario,Project Vega,disk,2048,286.58,GB,13.99
2025-01-14 08:00:00,mac-waste-scenario,Project Vega,disk,2048,250.58,GB,12.24
2025-01-14 09:00:00,mac-waste-scenario,Project Vega,disk,2048,251.08,GB,12.26
2025-01-14 10:00:00,mac-waste-scenario,Project Vega,disk,2048,295.16,GB,14.41
2025-01-14 11:00:00,mac-waste-scenario,Project Vega,disk,2048,368.33,GB,17.98
2025-01-14 12:00:00,mac-waste-scenario,Project Vega,disk,2048,340.1,GB,16.61
2025-01-14 13:00:00,mac-waste-scenario,Project Vega,disk,2048,278.93,GB,13.62
2025-01-14 14:00:00,mac-waste-scenario,Project Vega,disk,2048,343.95,GB,16.79
2025-01-14 15:00:00,mac-waste-scenario,Project Vega,disk,2048,257.64,GB,12.58
2025-01-14 16:00:00,mac-waste-scenario,Project Vega,disk,2048,346.88,GB,16.94
2025-01-14 17:00:00,mac-waste-scenario,Project Vega,disk,2048,289.54,GB,14.14
2025-01-14 18:00:00,mac-waste-scenario,Project Vega,disk,2048,336.83,GB,16.45
2025-01-14 19:00:00,mac-waste-scenario,Project Vega,disk,2048,330.84,GB,16.15
2025-01-14 20:00:00,mac-waste-scenario,Project Vega,disk,2048,293.88,GB,14.35
2025-01-14 21:00:00,mac-waste-scenario,Project Vega,disk,2048,318.73,GB,15.56
2025-01-14 22:00:00,mac-waste-scenario,Project Vega,disk,2048,261.45,GB,12.77
2025-01-14 23:00:00,mac-waste-scenario,Project Vega,disk,2048,302.24,GB,14.76
2025-01-15 00:00:00,mac-waste-scenario,Project Vega,disk,2048,349.76,GB,17.08
2025-01-15 01:00:00,mac-waste-scenario,Project Vega,disk,2048,473.56,GB,23.12
2025-01-15 02:00:00,mac-waste-scenario,Project Vega,disk,2048,334.16,GB,16.32
2025-01-15 03:00:00,mac-waste-scenario,Project Vega,disk,2048,308.9,GB,15.08
2025-01-15 04:00:00,mac-waste-scenario,Project Vega,disk,2048,263.7,GB,12.88
2025-01-15 05:00:00,mac-waste-scenario,Project Vega,disk,2048,348.8,GB,17.03
2025-01-15 06:00:00,mac-waste-scenario,Project Vega,disk,2048,237.26,GB,11.58
2025-01-15 07:00:00,mac-waste-scenario,Project Vega,disk,2048,272.32,GB,13.3
2025-01-15 08:00:00,mac-waste-scenario,Project Vega,disk,2048,320.01,GB,15.63
2025-01-15 09:00:00,mac-waste-scenario,Project Vega,disk,2048,255.78,GB,12.49
2025-01-15 10:00:00,mac-waste-scenario,Project Vega,disk,2048,368.57,GB,18.0
2025-01-15 11:00:00,mac-waste-scenario,Project Vega,disk,2048,350.2,GB,17.1
2025-01-15 12:00:00,mac-waste-scenario,Project Vega,disk,2048,281.96,GB,13.77
2025-01-15 13:00:00,mac-waste-scenario,Project Vega,disk,2048,282.49,GB,13.79
2025-01-15 14:00:00,mac-waste-scenario,Project Vega,disk,2048,251.13,GB,12.26
2025-01-15 15:00:00,mac-waste-scenario,Project Vega,disk,2048,247.77,GB,12.1
2025-01-15 16:00:00,mac-waste-scenario,Project Vega,disk,2048,323.49,GB,15.8
2025-01-15 17:00:00,mac-waste-scenario,Project Vega,disk,2048,330.93,GB,16.16
2025-01-15 18:00:00,mac-waste-scenario,Project Vega,disk,2048,319.75,GB,15.61
2025-01-15 19:00:00,mac-waste-scenario,Project Vega,disk,2048,316.23,GB,15.44
2025-01-15 20:00:00,mac-waste-scenario,Project Vega,disk,2048,282.29,GB,13.78
2025-01-15 21:00:00,mac-waste-scenario,Project Vega,disk,2048,320.11,GB,15.63
2025-01-15 22:00:00,mac-waste-scenario,Project Vega,disk,2048,244.83,GB,11.95
2025-01-15 23:00:00,mac-waste-scenario,Project Vega,disk,2048,305.65,GB,14.92
2025-01-16 00:00:00,mac-waste-scenario,Project Vega,disk,2048,365.88,GB,17.87
2025-01-16 01:00:00,mac-waste-scenario,Project Vega,disk,2048,359.68,GB,17.56
2025-01-16 02:00:00,mac-waste-scenario,Project Vega,disk,2048,286.27,GB,13.98
2025-01-16 03:00:00,mac-waste-scenario,Project Vega,disk,2048,291.58,GB,14.24
2025-01-16 04:00:00,mac-waste-scenario,Project Vega,disk,2048,361.94,GB,17.67
2025-01-16 05:00:00,mac-waste-scenario,Project Vega,disk,2048,378.79,GB,18.5
2025-01-16 06:00:00,mac-waste-scenario,Project Vega,disk,2048,243.81,GB,11.9
2025-01-16 07:00:00,mac-waste-scenario,Project Vega,disk,2048,287.79,GB,14.05
2025-01-16 08:00:00,mac-waste-scenario,Project Vega,disk,2048,314.94,GB,15.38
2025-01-16 09:00:00,mac-waste-scenario,Project Vega,disk,2048,355.41,GB,17.35
2025-01-16 10:00:00,mac-waste-scenario,Project Vega,disk,2048,270.87,GB,13.23
2025-01-16 11:00:00,mac-waste-scenario,Project Vega,disk,2048,331.73,GB,16.2
2025-01-16 12:00:00,mac-waste-scenario,Project Vega,disk,2048,292.98,GB,14.31
2025-01-16 13:00:00,mac-waste-scenario,Project Vega,disk,2048,403.0,GB,19.68
2025-01-16 14:00:00,mac-waste-scenario,Project Vega,disk,2048,323.01,GB,15.77
2025-01-16 15:00:00,mac-waste-scenario,Project Vega,disk,2048,299.79,GB,14.64
2025-01-16 16:00:00,mac-waste-scenario,Project Vega,disk,2048,291.56,GB,14.24
2025-01-16 17:00:00,mac-waste-scenario,Project Vega,disk,2048,348.75,GB,17.03
2025-01-16 18:00:00,mac-waste-scenario,Project Vega,disk,2048,333.27,GB,16.27
2025-01-16 19:00:00,mac-waste-scenario,Project Vega,disk,2048,260.82,GB,12.74
2025-01-16 20:00:00,mac-waste-scenario,Project Vega,disk,2048,314.27,GB,15.35
2025-01-16 21:00:00,mac-waste-scenario,Project Vega,disk,2048,250.29,GB,12.22
2025-01-16 22:00:00,mac-waste-scenario,Project Vega,disk,2048,274.26,GB,13.39
2025-01-16 23:00:00,mac-waste-scenario,Project Vega,disk,2048,252.11,GB,12.31
2025-01-17 00:00:00,mac-waste-scenario,Project Vega,disk,2048,250.83,GB,12.25
2025-01-17 01:00:00,mac-waste-scenario,Project Vega,disk,2048,277.11,GB,13.53
2025-01-17 02:00:00,mac-waste-scenario,Project Vega,disk,2048,265.05,GB,12.94
2025-01-17 03:00:00,mac-waste-scenario,Project Vega,disk,2048,327.06,GB,15.97
2025-01-17 04:00:00,mac-waste-scenario,Project Vega,disk,2048,338.12,GB,16.51
2025-01-17 05:00:00,mac-waste-scenario,Project Vega,disk,2048,295.53,GB,14.43
2025-01-17 06:00:00,mac-waste-scenario,Project Vega,disk,2048,259.33,GB,12.66
2025-01-17 07:00:00,mac-waste-scenario,Project Vega,disk,2048,338.44,GB,16.53
2025-01-17 08:00:00,mac-waste-scenario,Project Vega,disk,2048,222.11,GB,10.85
2025-01-17 09:00:00,mac-waste-scenario,Project Vega,disk,2048,225.93,GB,11.03
2025-01-17 10:00:00,mac-waste-scenario,Project Vega,disk,2048,335.28,GB,16.37
2025-01-17 11:00:00,mac-waste-scenario,Project Vega,disk,2048,332.35,GB,16.23
2025-01-17 12:00:00,mac-waste-scenario,Project Vega,disk,2048,345.44,GB,16.87
2025-01-17 13:00:00,mac-waste-scenario,Project Vega,disk,2048,296.49,GB,14.48
2025-01-17 14:00:00,mac-waste-scenario,Project Vega,disk,2048,253.48,GB,12.38
2025-01-17 15:00:00,mac-waste-scenario,Project Vega,disk,2048,284.41,GB,13.89
2025-01-17 16:00:00,mac-waste-scenario,Project Vega,disk,2048,328.68,GB,16.05
2025-01-17 17:00:00,mac-waste-scenario,Project Vega,disk,2048,273.84,GB,13.37
2025-01-17 18:00:00,mac-waste-scenario,Project Vega,disk,2048,276.48,GB,13.5
2025-01-17 19:00:00,mac-waste-scenario,Project Vega,disk,2048,248.0,GB,12.11
2025-01-17 20:00:00,mac-waste-scenario,Project Vega,disk,2048,257.5,GB,12.57
2025-01-17 21:00:00,mac-waste-scenario,Project Vega,disk,2048,340.05,GB,16.6
2025-01-17 22:00:00,mac-waste-scenario,Project Vega,disk,2048,324.06,GB,15.82
2025-01-17 23:00:00,mac-waste-scenario,Project Vega,disk,2048,257.59,GB,12.58
2025-01-18 00:00:00,mac-waste-scenario,Project Vega,disk,2048,260.93,GB,12.74
2025-01-18 01:00:00,mac-waste-scenario,Project Vega,disk,2048,282.24,GB,13.78
2025-01-18 02:00:00,mac-waste-scenario,Project Vega,disk,2048,327.91,GB,16.01
2025-01-18 03:00:00,mac-waste-scenario,Project Vega,disk,2048,257.3,GB,12.56
2025-01-18 04:00:00,mac-waste-scenario,Project Vega,disk,2048,298.43,GB,14.57
2025-01-18 05:00:00,mac-waste-scenario,Project Vega,disk,2048,217.14,GB,10.6
2025-01-18 06:00:00,mac-waste-scenario,Project Vega,disk,2048,253.65,GB,12.39
2025-01-18 07:00:00,mac-waste-scenario,Project Vega,disk,2048,322.68,GB,15.76
2025-01-18 08:00:00,mac-waste-scenario,Project Vega,disk,2048,342.3,GB,16.71
2025-01-18 09:00:00,mac-waste-scenario,Project Vega,disk,2048,257.8,GB,12.59
2025-01-18 10:00:00,mac-waste-scenario,Project Vega,disk,2048,273.55,GB,13.36
2025-01-18 11:00:00,mac-waste-scenario,Project Vega,disk,2048,338.19,GB,16.51
2025-01-18 12:00:00,mac-waste-scenario,Project Vega,disk,2048,289.32,GB,14.13
2025-01-18 13:00:00,mac-waste-scenario,Project Vega,disk,2048,283.11,GB,13.82
2025-01-18 14:00:00,mac-waste-scenario,Project Vega,disk,2048,326.72,GB,15.95
2025-01-18 15:00:00,mac-waste-scenario,Project Vega,disk,2048,313.44,GB,15.3
2025-01-18 16:00:00,mac-waste-scenario,Project Vega,disk,2048,351.12,GB,17.14
2025-01-18 17:00:00,mac-waste-scenario,Project Vega,disk,2048,338.05,GB,16.51
2025-01-18 18:00:00,mac-waste-scenario,Project Vega,disk,2048,281.7,GB,13.76
2025-01-18 19:00:00,mac-waste-scenario,Project Vega,disk,2048,300.5,GB,14.67
2025-01-18 20:00:00,mac-waste-scenario,Project Vega,disk,2048,302.93,GB,14.79
2025-01-18 21:00:00,mac-waste-scenario,Project Vega,disk,2048,249.62,GB,12.19
2025-01-18 22:00:00,mac-waste-scenario,Project Vega,disk,2048,265.37,GB,12.96
2025-01-18 23:00:00,mac-waste-scenario,Project Vega,disk,2048,345.38,GB,16.86
2025-01-19 00:00:00,mac-waste-scenario,Project Vega,disk,2048,240.14,GB,11.73
2025-01-19 01:00:00,mac-waste-scenario,Project Vega,disk,2048,346.33,GB,16.91
2025-01-19 02:00:00,mac-waste-scenario,Project Vega,disk,2048,317.16,GB,15.49
2025-01-19 03:00:00,mac-waste-scenario,Project Vega,disk,2048,299.72,GB,14.63
2025-01-19 04:00:00,mac-waste-scenario,Project Vega,disk,2048,327.57,GB,15.99
2025-01-19 05:00:00,mac-waste-scenario,Project Vega,disk,2048,325.02,GB,15.87
2025-01-19 06:00:00,mac-waste-scenario,Project Vega,disk,2048,355.15,GB,17.34
2025-01-19 07:00:00,mac-waste-scenario,Project Vega,disk,2048,288.99,GB,14.11
2025-01-19 08:00:00,mac-waste-scenario,Project Vega,disk,2048,296.06,GB,14.46
2025-01-19 09:00:00,mac-waste-scenario,Project Vega,disk,2048,295.35,GB,14.42
2025-01-19 10:00:00,mac-waste-scenario,Project Vega,disk,2048,382.85,GB,18.69
2025-01-19 11:00:00,mac-waste-scenario,Project Vega,disk,2048,344.34,GB,16.81
2025-01-19 12:00:00,mac-waste-scenario,Project Vega,disk,2048,267.48,GB,13.06
2025-01-19 13:00:00,mac-waste-scenario,Project Vega,disk,2048,291.77,GB,14.25
2025-01-19 14:00:00,mac-waste-scenario,Project Vega,disk,2048,276.48,GB,13.5
2025-01-19 15:00:00,mac-waste-scenario,Project Vega,disk,2048,306.05,GB,14.94
2025-01-19 16:00:00,mac-waste-scenario,Project Vega,disk,2048,314.3,GB,15.35
2025-01-19 17:00:00,mac-waste-scenario,Project Vega,disk,2048,399.76,GB,19.52
2025-01-19 18:00:00,mac-waste-scenario,Project Vega,disk,2048,230.49,GB,11.25
2025-01-19 19:00:00,mac-waste-scenario,Project Vega,disk,2048,347.79,GB,16.98
2025-01-19 20:00:00,mac-waste-scenario,Project Vega,disk,2048,323.47,GB,15.79
2025-01-19 21:00:00,mac-waste-scenario,Project Vega,disk,2048,276.69,GB,13.51
2025-01-19 22:00:00,mac-waste-scenario,Project Vega,disk,2048,299.4,GB,14.62
2025-01-19 23:00:00,mac-waste-scenario,Project Vega,disk,2048,285.19,GB,13.93
2025-01-20 00:00:00,mac-waste-scenario,Project Vega,disk,2048,307.63,GB,15.02
2025-01-20 01:00:00,mac-waste-scenario,Project Vega,disk,2048,346.95,GB,16.94
2025-01-20 02:00:00,mac-waste-scenario,Project Vega,disk,2048,243.2,GB,11.87
2025-01-20 03:00:00,mac-waste-scenario,Project Vega,disk,2048,359.56,GB,17.56
2025-01-20 04:00:00,mac-waste-scenario,Project Vega,disk,2048,290.26,GB,14.17
2025-01-20 05:00:00,mac-waste-scenario,Project Vega,disk,2048,367.36,GB,17.94
2025-01-20 06:00:00,mac-waste-scenario,Project Vega,disk,2048,322.56,GB,15.75
2025-01-20 07:00:00,mac-waste-scenario,Project Vega,disk,2048,356.31,GB,17.4
2025-01-20 08:00:00,mac-waste-scenario,Project Vega,disk,2048,328.91,GB,16.06
2025-01-20 09:00:00,mac-waste-scenario,Project Vega,disk,2048,350.26,GB,17.1
2025-01-20 10:00:00,mac-waste-scenario,Project Vega,disk,2048,308.0,GB,15.04
2025-01-20 11:00:00,mac-waste-scenario,Project Vega,disk,2048,271.54,GB,13.26
2025-01-20 12:00:00,mac-waste-scenario,Project Vega,disk,2048,333.32,GB,16.28
2025-01-20 13:00:00,mac-waste-scenario,Project Vega,disk,2048,334.92,GB,16.35
2025-01-20 14:00:00,mac-waste-scenario,Project Vega,disk,2048,391.94,GB,19.14
2025-01-20 15:00:00,mac-waste-scenario,Project Vega,disk,2048,223.43,GB,10.91
2025-01-20 16:00:00,mac-waste-scenario,Project Vega,disk,2048,297.64,GB,14.53
2025-01-20 17:00:00,mac-waste-scenario,Project Vega,disk,2048,349.36,GB,17.06
2025-01-20 18:00:00,mac-waste-scenario,Project Vega,disk,2048,254.3,GB,12.42
2025-01-20 19:00:00,mac-waste-scenario,Project Vega,disk,2048,296.43,GB,14.47
2025-01-20 20:00:00,mac-waste-scenario,Project Vega,disk,2048,392.75,GB,19.18
2025-01-20 21:00:00,mac-waste-scenario,Project Vega,disk,2048,363.97,GB,17.77
2025-01-20 22:00:00,mac-waste-scenario,Project Vega,disk,2048,269.7,GB,13.17
2025-01-20 23:00:00,mac-waste-scenario,Project Vega,disk,2048,364.39,GB,17.79
2025-01-21 00:00:00,mac-waste-scenario,Project Vega,disk,2048,354.46,GB,17.31
2025-01-21 01:00:00,mac-waste-scenario,Project Vega,disk,2048,337.77,GB,16.49
2025-01-21 02:00:00,mac-waste-scenario,Project Vega,disk,2048,321.51,GB,15.7
2025-01-21 03:00:00,mac-waste-scenario,Project Vega,disk,2048,315.66,GB,15.41
2025-01-21 04:00:00,mac-waste-scenario,Project Vega,disk,2048,270.19,GB,13.19
2025-01-21 05:00:00,mac-waste-scenario,Project Vega,disk,2048,284.7,GB,13.9
2025-01-21 06:00:00,mac-waste-scenario,Project Vega,disk,2048,335.99,GB,16.41
2025-01-21 07:00:00,mac-waste-scenario,Project Vega,disk,2048,311.71,GB,15.22
2025-01-21 08:00:00,mac-waste-scenario,Project Vega,disk,2048,381.84,GB,18.64
2025-01-21 09:00:00,mac-waste-scenario,Project Vega,disk,2048,292.25,GB,14.27
2025-01-21 10:00:00,mac-waste-scenario,Project Vega,disk,2048,207.45,GB,10.13
2025-01-21 11:00:00,mac-waste-scenario,Project Vega,disk,2048,292.25,GB,14.27
2025-01-21 12:00:00,mac-waste-scenario,Project Vega,disk,2048,317.36,GB,15.5
2025-01-21 13:00:00,mac-waste-scenario,Project Vega,disk,2048,321.68,GB,15.71
2025-01-21 14:00:00,mac-waste-scenario,Project Vega,disk,2048,308.78,GB,15.08
2025-01-21 15:00:00,mac-waste-scenario,Project Vega,disk,2048,272.26,GB,13.29
2025-01-21 16:00:00,mac-waste-scenario,Project Vega,disk,2048,367.34,GB,17.94
2025-01-21 17:00:00,mac-waste-scenario,Project Vega,disk,2048,278.78,GB,13.61
2025-01-21 18:00:00,mac-waste-scenario,Project Vega,disk,2048,335.21,GB,16.37
2025-01-21 19:00:00,mac-waste-scenario,Project Vega,disk,2048,294.27,GB,14.37
2025-01-21 20:00:00,mac-waste-scenario,Project Vega,disk,2048,256.94,GB,12.55
2025-01-21 21:00:00,mac-waste-scenario,Project Vega,disk,2048,364.05,GB,17.78
2025-01-21 22:00:00,mac-waste-scenario,Project Vega,disk,2048,203.16,GB,9.92
2025-01-21 23:00:00,mac-waste-scenario,Project Vega,disk,2048,271.17,GB,13.24
2025-01-22 00:00:00,mac-waste-scenario,Project Vega,disk,2048,323.85,GB,15.81
2025-01-22 01:00:00,mac-waste-scenario,Project Vega,disk,2048,291.5,GB,14.23
2025-01-22 02:00:00,mac-waste-scenario,Project Vega,disk,2048,336.91,GB,16.45
2025-01-22 03:00:00,mac-waste-scenario,Project Vega,disk,2048,302.06,GB,14.75
2025-01-22 04:00:00,mac-waste-scenario,Project Vega,disk,2048,287.6,GB,14.04
2025-01-22 05:00:00,mac-waste-scenario,Project Vega,disk,2048,394.79,GB,19.28
2025-01-22 06:00:00,mac-waste-scenario,Project Vega,disk,2048,297.19,GB,14.51
2025-01-22 07:00:00,mac-waste-scenario,Project Vega,disk,2048,299.74,GB,14.64
2025-01-22 08:00:00,mac-waste-scenario,Project Vega,disk,2048,261.84,GB,12.79
2025-01-22 09:00:00,mac-waste-scenario,Project Vega,disk,2048,275.59,GB,13.46
2025-01-22 10:00:00,mac-waste-scenario,Project Vega,disk,2048,332.88,GB,16.25
2025-01-22 11:00:00,mac-waste-scenario,Project Vega,disk,2048,329.38,GB,16.08
2025-01-22 12:00:00,mac-waste-scenario,Project Vega,disk,2048,306.36,GB,14.96
2025-01-22 13:00:00,mac-waste-scenario,Project Vega,disk,2048,277.6,GB,13.55
2025-01-22 14:00:00,mac-waste-scenario,Project Vega,disk,2048,334.45,GB,16.33
2025-01-22 15:00:00,mac-waste-scenario,Project Vega,disk,2048,236.52,GB,11.55
2025-01-22 16:00:00,mac-waste-scenario,Project Vega,disk,2048,292.36,GB,14.28
2025-01-22 17:00:00,mac-waste-scenario,Project Vega,disk,2048,296.03,GB,14.45
2025-01-22 18:00:00,mac-waste-scenario,Project Vega,disk,2048,271.72,GB,13.27
2025-01-22 19:00:00,mac-waste-scenario,Project Vega,disk,2048,312.68,GB,15.27
2025-01-22 20:00:00,mac-waste-scenario,Project Vega,disk,2048,279.07,GB,13.63
2025-01-22 21:00:00,mac-waste-scenario,Project Vega,disk,2048,273.54,GB,13.36
2025-01-22 22:00:00,mac-waste-scenario,Project Vega,disk,2048,380.33,GB,18.57
2025-01-22 23:00:00,mac-waste-scenario,Project Vega,disk,2048,336.88,GB,16.45
2025-01-23 00:00:00,mac-waste-scenario,Project Vega,disk,2048,355.69,GB,17.37
2025-01-23 01:00:00,mac-waste-scenario,Project Vega,disk,2048,308.67,GB,15.07
2025-01-23 02:00:00,mac-waste-scenario,Project Vega,disk,2048,346.11,GB,16.9
2025-01-23 03:00:00,mac-waste-scenario,Project Vega,disk,2048,338.61,GB,16.53
2025-01-23 04:00:00,mac-waste-scenario,Project Vega,disk,2048,356.35,GB,17.4
2025-01-23 05:00:00,mac-waste-scenario,Project Vega,disk,2048,403.7,GB,19.71
2025-01-23 06:00:00,mac-waste-scenario,Project Vega,disk,2048,297.41,GB,14.52
2025-01-23 07:00:00,mac-waste-scenario,Project Vega,disk,2048,317.33,GB,15.49
2025-01-23 08:00:00,mac-waste-scenario,Project Vega,disk,2048,304.63,GB,14.87
2025-01-23 09:00:00,mac-waste-scenario,Project Vega,disk,2048,162.75,GB,7.95
2025-01-23 10:00:00,mac-waste-scenario,Project Vega,disk,2048,249.57,GB,12.19
2025-01-23 11:00:00,mac-waste-scenario,Project Vega,disk,2048,307.58,GB,15.02
2025-01-23 12:00:00,mac-waste-scenario,Project Vega,disk,2048,332.78,GB,16.25
2025-01-23 13:00:00,mac-waste-scenario,Project Vega,disk,2048,283.26,GB,13.83
2025-01-23 14:00:00,mac-waste-scenario,Project Vega,disk,2048,353.39,GB,17.26
2025-01-23 15:00:00,mac-waste-scenario,Project Vega,disk,2048,359.49,GB,17.55
2025-01-23 16:00:00,mac-waste-scenario,Project Vega,disk,2048,289.99,GB,14.16
2025-01-23 17:00:00,mac-waste-scenario,Project Vega,disk,2048,365.27,GB,17.84
2025-01-23 18:00:00,mac-waste-scenario,Project Vega,disk,2048,378.72,GB,18.49
2025-01-23 19:00:00,mac-waste-scenario,Project Vega,disk,2048,326.0,GB,15.92
2025-01-23 20:00:00,mac-waste-scenario,Project Vega,disk,2048,266.8,GB,13.03
2025-01-23 21:00:00,mac-waste-scenario,Project Vega,disk,2048,367.17,GB,17.93
2025-01-23 22:00:00,mac-waste-scenario,Project Vega,disk,2048,300.33,GB,14.66
2025-01-23 23:00:00,mac-waste-scenario,Project Vega,disk,2048,291.59,GB,14.24
2025-01-24 00:00:00,mac-waste-scenario,Project Vega,disk,2048,311.85,GB,15.23
2025-01-24 01:00:00,mac-waste-scenario,Project Vega,disk,2048,285.07,GB,13.92
2025-01-24 02:00:00,mac-waste-scenario,Project Vega,disk,2048,351.04,GB,17.14
2025-01-24 03:00:00,mac-waste-scenario,Project Vega,disk,2048,338.97,GB,16.55
2025-01-24 04:00:00,mac-waste-scenario,Project Vega,disk,2048,357.09,GB,17.44
2025-01-24 05:00:00,mac-waste-scenario,Project Vega,disk,2048,330.97,GB,16.16
2025-01-24 06:00:00,mac-waste-scenario,Project Vega,disk,2048,274.65,GB,13.41
2025-01-24 07:00:00,mac-waste-scenario,Project Vega,disk,2048,300.66,GB,14.68
2025-01-24 08:00:00,mac-waste-scenario,Project Vega,disk,2048,343.06,GB,16.75
2025-01-24 09:00:00,mac-waste-scenario,Project Vega,disk,2048,290.53,GB,14.19
2025-01-24 10:00:00,mac-waste-scenario,Project Vega,disk,2048,426.8,GB,20.84
2025-01-24 11:00:00,mac-waste-scenario,Project Vega,disk,2048,297.28,GB,14.52
2025-01-24 12:00:00,mac-waste-scenario,Project Vega,disk,2048,283.18,GB,13.83
2025-01-24 13:00:00,mac-waste-scenario,Project Vega,disk,2048,354.26,GB,17.3
2025-01-24 14:00:00,mac-waste-scenario,Project Vega,disk,2048,337.83,GB,16.5
2025-01-24 15:00:00,mac-waste-scenario,Project Vega,disk,2048,306.06,GB,14.94
2025-01-24 16:00:00,mac-waste-scenario,Project Vega,disk,2048,297.77,GB,14.54
2025-01-24 17:00:00,mac-waste-scenario,Project Vega,disk,2048,324.67,GB,15.85
2025-01-24 18:00:00,mac-waste-scenario,Project Vega,disk,2048,341.42,GB,16.67
2025-01-24 19:00:00,mac-waste-scenario,Project Vega,disk,2048,338.44,GB,16.53
2025-01-24 20:00:00,mac-waste-scenario,Project Vega,disk,2048,294.84,GB,14.4
2025-01-24 21:00:00,mac-waste-scenario,Project Vega,disk,2048,324.89,GB,15.86
2025-01-24 22:00:00,mac-waste-scenario,Project Vega,disk,2048,341.77,GB,16.69
2025-01-24 23:00:00,mac-waste-scenario,Project Vega,disk,2048,338.53,GB,16.53
2025-01-25 00:00:00,mac-waste-scenario,Project Vega,disk,2048,180.78,GB,8.83
2025-01-25 01:00:00,mac-waste-scenario,Project Vega,disk,2048,270.73,GB,13.22
2025-01-25 02:00:00,mac-waste-scenario,Project Vega,disk,2048,275.42,GB,13.45
2025-01-25 03:00:00,mac-waste-scenario,Project Vega,disk,2048,297.77,GB,14.54
2025-01-25 04:00:00,mac-waste-scenario,Project Vega,disk,2048,314.54,GB,15.36
2025-01-25 05:00:00,mac-waste-scenario,Project Vega,disk,2048,344.94,GB,16.84
2025-01-25 06:00:00,mac-waste-scenario,Project Vega,disk,2048,332.5,GB,16.24
2025-01-25 07:00:00,mac-waste-scenario,Project Vega,disk,2048,302.0,GB,14.75
2025-01-25 08:00:00,mac-waste-scenario,Project Vega,disk,2048,308.15,GB,15.05
2025-01-25 09:00:00,mac-waste-scenario,Project Vega,disk,2048,379.25,GB,18.52
2025-01-25 10:00:00,mac-waste-scenario,Project Vega,disk,2048,282.1,GB,13.77
2025-01-25 11:00:00,mac-waste-scenario,Project Vega,disk,2048,319.67,GB,15.61
2025-01-25 12:00:00,mac-waste-scenario,Project Vega,disk,2048,371.32,GB,18.13
2025-01-25 13:00:00,mac-waste-scenario,Project Vega,disk,2048,321.37,GB,15.69
2025-01-25 14:00:00,mac-waste-scenario,Project Vega,disk,2048,223.5,GB,10.91
2025-01-25 15:00:00,mac-waste-scenario,Project Vega,disk,2048,322.56,GB,15.75
2025-01-25 16:00:00,mac-waste-scenario,Project Vega,disk,2048,291.33,GB,14.23
2025-01-25 17:00:00,mac-waste-scenario,Project Vega,disk,2048,302.57,GB,14.77
2025-01-25 18:00:00,mac-waste-scenario,Project Vega,disk,2048,350.25,GB,17.1
2025-01-25 19:00:00,mac-waste-scenario,Project Vega,disk,2048,326.43,GB,15.94
2025-01-25 20:00:00,mac-waste-scenario,Project Vega,disk,2048,296.38,GB,14.47
2025-01-25 21:00:00,mac-waste-scenario,Project Vega,disk,2048,343.74,GB,16.78
2025-01-25 22:00:00,mac-waste-scenario,Project Vega,disk,2048,325.03,GB,15.87
2025-01-25 23:00:00,mac-waste-scenario,Project Vega,disk,2048,311.51,GB,15.21
2025-01-26 00:00:00,mac-waste-scenario,Project Vega,disk,2048,319.53,GB,15.6
2025-01-26 01:00:00,mac-waste-scenario,Project Vega,disk,2048,317.57,GB,15.51
2025-01-26 02:00:00,mac-waste-scenario,Project Vega,disk,2048,293.29,GB,14.32
2025-01-26 03:00:00,mac-waste-scenario,Project Vega,disk,2048,288.4,GB,14.08
2025-01-26 04:00:00,mac-waste-scenario,Project Vega,disk,2048,308.23,GB,15.05
2025-01-26 05:00:00,mac-waste-scenario,Project Vega,disk,2048,268.11,GB,13.09
2025-01-26 06:00:00,mac-waste-scenario,Project Vega,disk,2048,255.64,GB,12.48
2025-01-26 07:00:00,mac-waste-scenario,Project Vega,disk,2048,360.49,GB,17.6
2025-01-26 08:00:00,mac-waste-scenario,Project Vega,disk,2048,297.38,GB,14.52
2025-01-26 09:00:00,mac-waste-scenario,Project Vega,disk,2048,306.22,GB,14.95
2025-01-26 10:00:00,mac-waste-scenario,Project Vega,disk,2048,301.67,GB,14.73
2025-01-26 11:00:00,mac-waste-scenario,Project Vega,disk,2048,308.16,GB,15.05
2025-01-26 12:00:00,mac-waste-scenario,Project Vega,disk,2048,308.13,GB,15.05
2025-01-26 13:00:00,mac-waste-scenario,Project Vega,disk,2048,309.87,GB,15.13
2025-01-26 14:00:00,mac-waste-scenario,Project Vega,disk,2048,274.23,GB,13.39
2025-01-26 15:00:00,mac-waste-scenario,Project Vega,disk,2048,345.38,GB,16.86
2025-01-26 16:00:00,mac-waste-scenario,Project Vega,disk,2048,278.85,GB,13.62
2025-01-26 17:00:00,mac-waste-scenario,Project Vega,disk,2048,349.59,GB,17.07
2025-01-26 18:00:00,mac-waste-scenario,Project Vega,disk,2048,228.61,GB,11.16
2025-01-26 19:00:00,mac-waste-scenario,Project Vega,disk,2048,263.72,GB,12.88
2025-01-26 20:00:00,mac-waste-scenario,Project Vega,disk,2048,347.84,GB,16.98
2025-01-26 21:00:00,mac-waste-scenario,Project Vega,disk,2048,301.13,GB,14.7
2025-01-26 22:00:00,mac-waste-scenario,Project Vega,disk,2048,279.71,GB,13.66
2025-01-26 23:00:00,mac-waste-scenario,Project Vega,disk,2048,322.57,GB,15.75
2025-01-27 00:00:00,mac-waste-scenario,Project Vega,disk,2048,264.38,GB,12.91
2025-01-27 01:00:00,mac-waste-scenario,Project Vega,disk,2048,310.35,GB,15.15
2025-01-27 02:00:00,mac-waste-scenario,Project Vega,disk,2048,216.47,GB,10.57
2025-01-27 03:00:00,mac-waste-scenario,Project Vega,disk,2048,288.67,GB,14.1
2025-01-27 04:00:00,mac-waste-scenario,Project Vega,disk,2048,280.58,GB,13.7
2025-01-27 05:00:00,mac-waste-scenario,Project Vega,disk,2048,329.3,GB,16.08
2025-01-27 06:00:00,mac-waste-scenario,Project Vega,disk,2048,343.07,GB,16.75
2025-01-27 07:00:00,mac-waste-scenario,Project Vega,disk,2048,272.2,GB,13.29
2025-01-27 08:00:00,mac-waste-scenario,Project Vega,disk,2048,373.1,GB,18.22
2025-01-27 09:00:00,mac-waste-scenario,Project Vega,disk,2048,282.95,GB,13.82
2025-01-27 10:00:00,mac-waste-scenario,Project Vega,disk,2048,222.99,GB,10.89
2025-01-27 11:00:00,mac-waste-scenario,Project Vega,disk,2048,209.73,GB,10.24
2025-01-27 12:00:00,mac-waste-scenario,Project Vega,disk,2048,370.24,GB,18.08
2025-01-27 13:00:00,mac-waste-scenario,Project Vega,disk,2048,303.61,GB,14.82
2025-01-27 14:00:00,mac-waste-scenario,Project Vega,disk,2048,280.69,GB,13.71
2025-01-27 15:00:00,mac-waste-scenario,Project Vega,disk,2048,276.57,GB,13.5
2025-01-27 16:00:00,mac-waste-scenario,Project Vega,disk,2048,262.46,GB,12.82
2025-01-27 17:00:00,mac-waste-scenario,Project Vega,disk,2048,362.59,GB,17.7
2025-01-27 18:00:00,mac-waste-scenario,Project Vega,disk,2048,303.76,GB,14.83
2025-01-27 19:00:00,mac-waste-scenario,Project Vega,disk,2048,380.53,GB,18.58
2025-01-27 20:00:00,mac-waste-scenario,Project Vega,disk,2048,299.05,GB,14.6
2025-01-27 21:00:00,mac-waste-scenario,Project Vega,disk,2048,210.93,GB,10.3
2025-01-27 22:00:00,mac-waste-scenario,Project Vega,disk,2048,341.79,GB,16.69
2025-01-27 23:00:00,mac-waste-scenario,Project Vega,disk,2048,292.12,GB,14.26
2025-01-28 00:00:00,mac-waste-scenario,Project Vega,disk,2048,297.49,GB,14.53
2025-01-28 01:00:00,mac-waste-scenario,Project Vega,disk,2048,371.4,GB,18.13
2025-01-28 02:00:00,mac-waste-scenario,Project Vega,disk,2048,296.41,GB,14.47
2025-01-28 03:00:00,mac-waste-scenario,Project Vega,disk,2048,354.8,GB,17.32
2025-01-28 04:00:00,mac-waste-scenario,Project Vega,disk,2048,307.0,GB,14.99
2025-01-28 05:00:00,mac-waste-scenario,Project Vega,disk,2048,276.4,GB,13.5
2025-01-28 06:00:00,mac-waste-scenario,Project Vega,disk,2048,327.98,GB,16.01
2025-01-28 07:00:00,mac-waste-scenario,Project Vega,disk,2048,282.6,GB,13.8
2025-01-28 08:00:00,mac-waste-scenario,Project Vega,disk,2048,357.51,GB,17.46
2025-01-28 09:00:00,mac-waste-scenario,Project Vega,disk,2048,346.52,GB,16.92
2025-01-28 10:00:00,mac-waste-scenario,Project Vega,disk,2048,309.77,GB,15.13
2025-01-28 11:00:00,mac-waste-scenario,Project Vega,disk,2048,332.18,GB,16.22
2025-01-28 12:00:00,mac-waste-scenario,Project Vega,disk,2048,330.33,GB,16.13
2025-01-28 13:00:00,mac-waste-scenario,Project Vega,disk,2048,295.91,GB,14.45
2025-01-28 14:00:00,mac-waste-scenario,Project Vega,disk,2048,343.87,GB,16.79
2025-01-28 15:00:00,mac-waste-scenario,Project Vega,disk,2048,297.89,GB,14.55
2025-01-28 16:00:00,mac-waste-scenario,Project Vega,disk,2048,332.44,GB,16.23
2025-01-28 17:00:00,mac-waste-scenario,Project Vega,disk,2048,268.27,GB,13.1
2025-01-28 18:00:00,mac-waste-scenario,Project Vega,disk,2048,311.38,GB,15.2
2025-01-28 19:00:00,mac-waste-scenario,Project Vega,disk,2048,324.24,GB,15.83
2025-01-28 20:00:00,mac-waste-scenario,Project Vega,disk,2048,274.9,GB,13.42
2025-01-28 21:00:00,mac-waste-scenario,Project Vega,disk,2048,290.23,GB,14.17
2025-01-28 22:00:00,mac-waste-scenario,Project Vega,disk,2048,285.45,GB,13.94
2025-01-28 23:00:00,mac-waste-scenario,Project Vega,disk,2048,337.13,GB,16.46
2025-01-29 00:00:00,mac-waste-scenario,Project Vega,disk,2048,277.84,GB,13.57
2025-01-29 01:00:00,mac-waste-scenario,Project Vega,disk,2048,325.29,GB,15.88
2025-01-29 02:00:00,mac-waste-scenario,Project Vega,disk,2048,369.82,GB,18.06
2025-01-29 03:00:00,mac-waste-scenario,Project Vega,disk,2048,321.99,GB,15.72
2025-01-29 04:00:00,mac-waste-scenario,Project Vega,disk,2048,241.38,GB,11.79
2025-01-29 05:00:00,mac-waste-scenario,Project Vega,disk,2048,312.57,GB,15.26
2025-01-29 06:00:00,mac-waste-scenario,Project Vega,disk,2048,350.07,GB,17.09
2025-01-29 07:00:00,mac-waste-scenario,Project Vega,disk,2048,295.73,GB,14.44
2025-01-29 08:00:00,mac-waste-scenario,Project Vega,disk,2048,352.9,GB,17.23
2025-01-29 09:00:00,mac-waste-scenario,Project Vega,disk,2048,332.8,GB,16.25
2025-01-29 10:00:00,mac-waste-scenario,Project Vega,disk,2048,324.74,GB,15.86
2025-01-29 11:00:00,mac-waste-scenario,Project Vega,disk,2048,296.8,GB,14.49
2025-01-29 12:00:00,mac-waste-scenario,Project Vega,disk,2048,286.53,GB,13.99
2025-01-29 13:00:00,mac-waste-scenario,Project Vega,disk,2048,297.04,GB,14.5
2025-01-29 14:00:00,mac-waste-scenario,Project Vega,disk,2048,310.13,GB,15.14
2025-01-29 15:00:00,mac-waste-scenario,Project Vega,disk,2048,328.99,GB,16.06
2025-01-29 16:00:00,mac-waste-scenario,Project Vega,disk,2048,324.8,GB,15.86
2025-01-29 17:00:00,mac-waste-scenario,Project Vega,disk,2048,295.27,GB,14.42
2025-01-29 18:00:00,mac-waste-scenario,Project Vega,disk,2048,310.29,GB,15.15
2025-01-29 19:00:00,mac-waste-scenario,Project Vega,disk,2048,323.51,GB,15.8
2025-01-29 20:00:00,mac-waste-scenario,Project Vega,disk,2048,241.09,GB,11.77
2025-01-29 21:00:00,mac-waste-scenario,Project Vega,disk,2048,276.19,GB,13.49
2025-01-29 22:00:00,mac-waste-scenario,Project Vega,disk,2048,274.95,GB,13.43
2025-01-29 23:00:00,mac-waste-scenario,Project Vega,disk,2048,299.33,GB,14.62
2025-01-30 00:00:00,mac-waste-scenario,Project Vega,disk,2048,296.41,GB,14.47
2025-01-30 01:00:00,mac-waste-scenario,Project Vega,disk,2048,297.15,GB,14.51
2025-01-30 02:00:00,mac-waste-scenario,Project Vega,disk,2048,271.98,GB,13.28
2025-01-30 03:00:00,mac-waste-scenario,Project Vega,disk,2048,335.3,GB,16.37
2025-01-30 04:00:00,mac-waste-scenario,Project Vega,disk,2048,319.14,GB,15.58
2025-01-30 05:00:00,mac-waste-scenario,Project Vega,disk,2048,240.48,GB,11.74
2025-01-30 06:00:00,mac-waste-scenario,Project Vega,disk,2048,308.33,GB,15.06
2025-01-30 07:00:00,mac-waste-scenario,Project Vega,disk,2048,261.66,GB,12.78
2025-01-30 08:00:00,mac-waste-scenario,Project Vega,disk,2048,377.53,GB,18.43
2025-01-30 09:00:00,mac-waste-scenario,Project Vega,disk,2048,289.15,GB,14.12
2025-01-30 10:00:00,mac-waste-scenario,Project Vega,disk,2048,291.69,GB,14.24
2025-01-30 11:00:00,mac-waste-scenario,Project Vega,disk,2048,311.27,GB,15.2
2025-01-30 12:00:00,mac-waste-scenario,Project Vega,disk,2048,299.65,GB,14.63
2025-01-30 13:00:00,mac-waste-scenario,Project Vega,disk,2048,305.46,GB,14.91
2025-01-30 14:00:00,mac-waste-scenario,Project Vega,disk,2048,371.24,GB,18.13
2025-01-30 15:00:00,mac-waste-scenario,Project Vega,disk,2048,317.12,GB,15.48
2025-01-30 16:00:00,mac-waste-scenario,Project Vega,disk,2048,342.07,GB,16.7
2025-01-30 17:00:00,mac-waste-scenario,Project Vega,disk,2048,354.05,GB,17.29
2025-01-30 18:00:00,mac-waste-scenario,Project Vega,disk,2048,267.97,GB,13.08
2025-01-30 19:00:00,mac-waste-scenario,Project Vega,disk,2048,377.08,GB,18.41
2025-01-30 20:00:00,mac-waste-scenario,Project Vega,disk,2048,336.09,GB,16.41
2025-01-30 21:00:00,mac-waste-scenario,Project Vega,disk,2048,347.11,GB,16.95
2025-01-30 22:00:00,mac-waste-scenario,Project Vega,disk,2048,272.55,GB,13.31
2025-01-30 23:00:00,mac-waste-scenario,Project Vega,disk,2048,341.4,GB,16.67
2025-01-31 00:00:00,mac-waste-scenario,Project Vega,disk,2048,324.86,GB,15.86
2025-01-31 01:00:00,mac-waste-scenario,Project Vega,disk,2048,285.93,GB,13.96
2025-01-31 02:00:00,mac-waste-scenario,Project Vega,disk,2048,401.44,GB,19.6
2025-01-31 03:00:00,mac-waste-scenario,Project Vega,disk,2048,331.16,GB,16.17
2025-01-31 04:00:00,mac-waste-scenario,Project Vega,disk,2048,298.14,GB,14.56
2025-01-31 05:00:00,mac-waste-scenario,Project Vega,disk,2048,315.9,GB,15.42
2025-01-31 06:00:00,mac-waste-scenario,Project Vega,disk,2048,345.24,GB,16.86
2025-01-31 07:00:00,mac-waste-scenario,Project Vega,disk,2048,354.26,GB,17.3
2025-01-31 08:00:00,mac-waste-scenario,Project Vega,disk,2048,331.79,GB,16.2
2025-01-31 09:00:00,mac-waste-scenario,Project Vega,disk,2048,357.83,GB,17.47
2025-01-31 10:00:00,mac-waste-scenario,Project Vega,disk,2048,368.2,GB,17.98
2025-01-31 11:00:00,mac-waste-scenario,Project Vega,disk,2048,257.41,GB,12.57
2025-01-31 12:00:00,mac-waste-scenario,Project Vega,disk,2048,288.1,GB,14.07
2025-01-31 13:00:00,mac-waste-scenario,Project Vega,disk,2048,269.51,GB,13.16
2025-01-31 14:00:00,mac-waste-scenario,Project Vega,disk,2048,311.98,GB,15.23
2025-01-31 15:00:00,mac-waste-scenario,Project Vega,disk,2048,367.12,GB,17.93
2025-01-31 16:00:00,mac-waste-scenario,Project Vega,disk,2048,334.76,GB,16.35
2025-01-31 17:00:00,mac-waste-scenario,Project Vega,disk,2048,265.18,GB,12.95
2025-01-31 18:00:00,mac-waste-scenario,Project Vega,disk,2048,295.99,GB,14.45
2025-01-31 19:00:00,mac-waste-scenario,Project Vega,disk,2048,350.15,GB,17.1
2025-01-31 20:00:00,mac-waste-scenario,Project Vega,disk,2048,286.25,GB,13.98
2025-01-31 21:00:00,mac-waste-scenario,Project Vega,disk,2048,304.06,GB,14.85
2025-01-31 22:00:00,mac-waste-scenario,Project Vega,disk,2048,320.49,GB,15.65
2025-01-31 23:00:00,mac-waste-scenario,Project Vega,disk,2048,233.41,GB,11.4
2025-02-01 00:00:00,mac-waste-scenario,Project Vega,disk,2048,339.95,GB,16.6
2025-02-01 01:00:00,mac-waste-scenario,Project Vega,disk,2048,322.04,GB,15.72
2025-02-01 02:00:00,mac-waste-scenario,Project Vega,disk,2048,331.31,GB,16.18
2025-02-01 03:00:00,mac-waste-scenario,Project Vega,disk,2048,267.93,GB,13.08
2025-02-01 04:00:00,mac-waste-scenario,Project Vega,disk,2048,276.56,GB,13.5
2025-02-01 05:00:00,mac-waste-scenario,Project Vega,disk,2048,283.57,GB,13.85
2025-02-01 06:00:00,mac-waste-scenario,Project Vega,disk,2048,318.28,GB,15.54
2025-02-01 07:00:00,mac-waste-scenario,Project Vega,disk,2048,310.9,GB,15.18
2025-02-01 08:00:00,mac-waste-scenario,Project Vega,disk,2048,313.25,GB,15.3
2025-02-01 09:00:00,mac-waste-scenario,Project Vega,disk,2048,381.41,GB,18.62
2025-02-01 10:00:00,mac-waste-scenario,Project Vega,disk,2048,361.49,GB,17.65
2025-02-01 11:00:00,mac-waste-scenario,Project Vega,disk,2048,278.57,GB,13.6
2025-02-01 12:00:00,mac-waste-scenario,Project Vega,disk,2048,281.25,GB,13.73
2025-02-01 13:00:00,mac-waste-scenario,Project Vega,disk,2048,378.3,GB,18.47
2025-02-01 14:00:00,mac-waste-scenario,Project Vega,disk,2048,295.04,GB,14.41
2025-02-01 15:00:00,mac-waste-scenario,Project Vega,disk,2048,364.5,GB,17.8
2025-02-01 16:00:00,mac-waste-scenario,Project Vega,disk,2048,373.5,GB,18.24
2025-02-01 17:00:00,mac-waste-scenario,Project Vega,disk,2048,285.8,GB,13.96
2025-02-01 18:00:00,mac-waste-scenario,Project Vega,disk,2048,296.98,GB,14.5
2025-02-01 19:00:00,mac-waste-scenario,Project Vega,disk,2048,311.41,GB,15.21
2025-02-01 20:00:00,mac-waste-scenario,Project Vega,disk,2048,272.64,GB,13.31
2025-02-01 21:00:00,mac-waste-scenario,Project Vega,disk,2048,267.97,GB,13.08
2025-02-01 22:00:00,mac-waste-scenario,Project Vega,disk,2048,291.59,GB,14.24
2025-02-01 23:00:00,mac-waste-scenario,Project Vega,disk,2048,342.95,GB,16.75
2025-02-02 00:00:00,mac-waste-scenario,Project Vega,disk,2048,289.67,GB,14.14
2025-02-02 01:00:00,mac-waste-scenario,Project Vega,disk,2048,299.57,GB,14.63
2025-02-02 02:00:00,mac-waste-scenario,Project Vega,disk,2048,288.96,GB,14.11
2025-02-02 03:00:00,mac-waste-scenario,Project Vega,disk,2048,252.12,GB,12.31
2025-02-02 04:00:00,mac-waste-scenario,Project Vega,disk,2048,368.82,GB,18.01
2025-02-02 05:00:00,mac-waste-scenario,Project Vega,disk,2048,212.08,GB,10.36
2025-02-02 06:00:00,mac-waste-scenario,Project Vega,disk,2048,281.23,GB,13.73
2025-02-02 07:00:00,mac-waste-scenario,Project Vega,disk,2048,330.9,GB,16.16
2025-02-02 08:00:00,mac-waste-scenario,Project Vega,disk,2048,250.85,GB,12.25
2025-02-02 09:00:00,mac-waste-scenario,Project Vega,disk,2048,332.79,GB,16.25
2025-02-02 10:00:00,mac-waste-scenario,Project Vega,disk,2048,359.31,GB,17.54
2025-02-02 11:00:00,mac-waste-scenario,Project Vega,disk,2048,272.8,GB,13.32
2025-02-02 12:00:00,mac-waste-scenario,Project Vega,disk,2048,316.56,GB,15.46
2025-02-02 13:00:00,mac-waste-scenario,Project Vega,disk,2048,262.53,GB,12.82
2025-02-02 14:00:00,mac-waste-scenario,Project Vega,disk,2048,328.77,GB,16.05
2025-02-02 15:00:00,mac-waste-scenario,Project Vega,disk,2048,311.62,GB,15.22
2025-02-02 16:00:00,mac-waste-scenario,Project Vega,disk,2048,316.83,GB,15.47
2025-02-02 17:00:00,mac-waste-scenario,Project Vega,disk,2048,363.96,GB,17.77
2025-02-02 18:00:00,mac-waste-scenario,Project Vega,disk,2048,327.3,GB,15.98
2025-02-02 19:00:00,mac-waste-scenario,Project Vega,disk,2048,363.13,GB,17.73
2025-02-02 20:00:00,mac-waste-scenario,Project Vega,disk,2048,333.97,GB,16.31
2025-02-02 21:00:00,mac-waste-scenario,Project Vega,disk,2048,258.86,GB,12.64
2025-02-02 22:00:00,mac-waste-scenario,Project Vega,disk,2048,318.7,GB,15.56
2025-02-02 23:00:00,mac-waste-scenario,Project Vega,disk,2048,328.04,GB,16.02
2025-02-03 00:00:00,mac-waste-scenario,Project Vega,disk,2048,248.78,GB,12.15
2025-02-03 01:00:00,mac-waste-scenario,Project Vega,disk,2048,362.61,GB,17.71
2025-02-03 02:00:00,mac-waste-scenario,Project Vega,disk,2048,310.78,GB,15.17
2025-02-03 03:00:00,mac-waste-scenario,Project Vega,disk,2048,323.07,GB,15.77
2025-02-03 04:00:00,mac-waste-scenario,Project Vega,disk,2048,271.27,GB,13.25
2025-02-03 05:00:00,mac-waste-scenario,Project Vega,disk,2048,310.96,GB,15.18
2025-02-03 06:00:00,mac-waste-scenario,Project Vega,disk,2048,320.27,GB,15.64
2025-02-03 07:00:00,mac-waste-scenario,Project Vega,disk,2048,294.63,GB,14.39
2025-02-03 08:00:00,mac-waste-scenario,Project Vega,disk,2048,311.29,GB,15.2
2025-02-03 09:00:00,mac-waste-scenario,Project Vega,disk,2048,221.17,GB,10.8
2025-02-03 10:00:00,mac-waste-scenario,Project Vega,disk,2048,363.77,GB,17.76
2025-02-03 11:00:00,mac-waste-scenario,Project Vega,disk,2048,262.35,GB,12.81
2025-02-03 12:00:00,mac-waste-scenario,Project Vega,disk,2048,218.6,GB,10.67
2025-02-03 13:00:00,mac-waste-scenario,Project Vega,disk,2048,268.64,GB,13.12
2025-02-03 14:00:00,mac-waste-scenario,Project Vega,disk,2048,273.78,GB,13.37
2025-02-03 15:00:00,mac-waste-scenario,Project Vega,disk,2048,330.24,GB,16.13
2025-02-03 16:00:00,mac-waste-scenario,Project Vega,disk,2048,270.54,GB,13.21
2025-02-03 17:00:00,mac-waste-scenario,Project Vega,disk,2048,319.61,GB,15.61
2025-02-03 18:00:00,mac-waste-scenario,Project Vega,disk,2048,268.66,GB,13.12
2025-02-03 19:00:00,mac-waste-scenario,Project Vega,disk,2048,398.36,GB,19.45
2025-02-03 20:00:00,mac-waste-scenario,Project Vega,disk,2048,330.29,GB,16.13
2025-02-03 21:00:00,mac-waste-scenario,Project Vega,disk,2048,388.08,GB,18.95
2025-02-03 22:00:00,mac-waste-scenario,Project Vega,disk,2048,266.39,GB,13.01
2025-02-03 23:00:00,mac-waste-scenario,Project Vega,disk,2048,335.13,GB,16.36
2025-02-04 00:00:00,mac-waste-scenario,Project Vega,disk,2048,268.77,GB,13.12
2025-02-04 01:00:00,mac-waste-scenario,Project Vega,disk,2048,331.63,GB,16.19
2025-02-04 02:00:00,mac-waste-scenario,Project Vega,disk,2048,335.7,GB,16.39
2025-02-04 03:00:00,mac-waste-scenario,Project Vega,disk,2048,242.61,GB,11.85
2025-02-04 04:00:00,mac-waste-scenario,Project Vega,disk,2048,261.35,GB,12.76
2025-02-04 05:00:00,mac-waste-scenario,Project Vega,disk,2048,260.12,GB,12.7
2025-02-04 06:00:00,mac-waste-scenario,Project Vega,disk,2048,246.3,GB,12.03
2025-02-04 07:00:00,mac-waste-scenario,Project Vega,disk,2048,277.93,GB,13.57
2025-02-04 08:00:00,mac-waste-scenario,Project Vega,disk,2048,268.53,GB,13.11
2025-02-04 09:00:00,mac-waste-scenario,Project Vega,disk,2048,248.65,GB,12.14
2025-02-04 10:00:00,mac-waste-scenario,Project Vega,disk,2048,311.84,GB,15.23
2025-02-04 11:00:00,mac-waste-scenario,Project Vega,disk,2048,330.17,GB,16.12
2025-02-04 12:00:00,mac-waste-scenario,Project Vega,disk,2048,253.96,GB,12.4
2025-02-04 13:00:00,mac-waste-scenario,Project Vega,disk,2048,284.98,GB,13.92
2025-02-04 14:00:00,mac-waste-scenario,Project Vega,disk,2048,308.11,GB,15.04
2025-02-04 15:00:00,mac-waste-scenario,Project Vega,disk,2048,298.28,GB,14.56
2025-02-04 16:00:00,mac-waste-scenario,Project Vega,disk,2048,279.06,GB,13.63
2025-02-04 17:00:00,mac-waste-scenario,Project Vega,disk,2048,340.94,GB,16.65
2025-02-04 18:00:00,mac-waste-scenario,Project Vega,disk,2048,342.43,GB,16.72
2025-02-04 19:00:00,mac-waste-scenario,Project Vega,disk,2048,335.57,GB,16.39
2025-02-04 20:00:00,mac-waste-scenario,Project Vega,disk,2048,299.18,GB,14.61
2025-02-04 21:00:00,mac-waste-scenario,Project Vega,disk,2048,389.07,GB,19.0
2025-02-04 22:00:00,mac-waste-scenario,Project Vega,disk,2048,378.99,GB,18.51
2025-02-04 23:00:00,mac-waste-scenario,Project Vega,disk,2048,291.23,GB,14.22
2025-02-05 00:00:00,mac-waste-scenario,Project Vega,disk,2048,302.76,GB,14.78
2025-02-05 01:00:00,mac-waste-scenario,Project Vega,disk,2048,356.35,GB,17.4
2025-02-05 02:00:00,mac-waste-scenario,Project Vega,disk,2048,274.92,GB,13.42
2025-02-05 03:00:00,mac-waste-scenario,Project Vega,disk,2048,323.98,GB,15.82
2025-02-05 04:00:00,mac-waste-scenario,Project Vega,disk,2048,309.54,GB,15.11
2025-02-05 05:00:00,mac-waste-scenario,Project Vega,disk,2048,278.84,GB,13.62
2025-02-05 06:00:00,mac-waste-scenario,Project Vega,disk,2048,298.15,GB,14.56
2025-02-05 07:00:00,mac-waste-scenario,Project Vega,disk,2048,243.25,GB,11.88
2025-02-05 08:00:00,mac-waste-scenario,Project Vega,disk,2048,285.38,GB,13.93
2025-02-05 09:00:00,mac-waste-scenario,Project Vega,disk,2048,225.88,GB,11.03
2025-02-05 10:00:00,mac-waste-scenario,Project Vega,disk,2048,401.0,GB,19.58
2025-02-05 11:00:00,mac-waste-scenario,Project Vega,disk,2048,369.27,GB,18.03
2025-02-05 12:00:00,mac-waste-scenario,Project Vega,disk,2048,357.91,GB,17.48
2025-02-05 13:00:00,mac-waste-scenario,Project Vega,disk,2048,319.94,GB,15.62
2025-02-05 14:00:00,mac-waste-scenario,Project Vega,disk,2048,348.46,GB,17.01
2025-02-05 15:00:00,mac-waste-scenario,Project Vega,disk,2048,359.66,GB,17.56
2025-02-05 16:00:00,mac-waste-scenario,Project Vega,disk,2048,349.15,GB,17.05
2025-02-05 17:00:00,mac-waste-scenario,Project Vega,disk,2048,345.14,GB,16.85
2025-02-05 18:00:00,mac-waste-scenario,Project Vega,disk,2048,270.15,GB,13.19
2025-02-05 19:00:00,mac-waste-scenario,Project Vega,disk,2048,325.06,GB,15.87
2025-02-05 20:00:00,mac-waste-scenario,Project Vega,disk,2048,285.59,GB,13.94
2025-02-05 21:00:00,mac-waste-scenario,Project Vega,disk,2048,259.12,GB,12.65
2025-02-05 22:00:00,mac-waste-scenario,Project Vega,disk,2048,260.71,GB,12.73
2025-02-05 23:00:00,mac-waste-scenario,Project Vega,disk,2048,324.97,GB,15.87
2025-02-06 00:00:00,mac-waste-scenario,Project Vega,disk,2048,350.57,GB,17.12
2025-02-06 01:00:00,mac-waste-scenario,Project Vega,disk,2048,251.4,GB,12.28
2025-02-06 02:00:00,mac-waste-scenario,Project Vega,disk,2048,378.91,GB,18.5
2025-02-06 03:00:00,mac-waste-scenario,Project Vega,disk,2048,367.58,GB,17.95
2025-02-06 04:00:00,mac-waste-scenario,Project Vega,disk,2048,291.8,GB,14.25
2025-02-06 05:00:00,mac-waste-scenario,Project Vega,disk,2048,288.41,GB,14.08
2025-02-06 06:00:00,mac-waste-scenario,Project Vega,disk,2048,304.37,GB,14.86
2025-02-06 07:00:00,mac-waste-scenario,Project Vega,disk,2048,347.55,GB,16.97
2025-02-06 08:00:00,mac-waste-scenario,Project Vega,disk,2048,291.65,GB,14.24
2025-02-06 09:00:00,mac-waste-scenario,Project Vega,disk,2048,262.01,GB,12.79
2025-02-06 10:00:00,mac-waste-scenario,Project Vega,disk,2048,321.39,GB,15.69
2025-02-06 11:00:00,mac-waste-scenario,Project Vega,disk,2048,222.71,GB,10.87
2025-02-06 12:00:00,mac-waste-scenario,Project Vega,disk,2048,313.05,GB,15.29
2025-02-06 13:00:00,mac-waste-scenario,Project Vega,disk,2048,354.75,GB,17.32
2025-02-06 14:00:00,mac-waste-scenario,Project Vega,disk,2048,319.78,GB,15.61
2025-02-06 15:00:00,mac-waste-scenario,Project Vega,disk,2048,339.21,GB,16.56
2025-02-06 16:00:00,mac-waste-scenario,Project Vega,disk,2048,327.46,GB,15.99
2025-02-06 17:00:00,mac-waste-scenario,Project Vega,disk,2048,337.04,GB,16.46
2025-02-06 18:00:00,mac-waste-scenario,Project Vega,disk,2048,313.17,GB,15.29
2025-02-06 19:00:00,mac-waste-scenario,Project Vega,disk,2048,273.24,GB,13.34
2025-02-06 20:00:00,mac-waste-scenario,Project Vega,disk,2048,298.01,GB,14.55
2025-02-06 21:00:00,mac-waste-scenario,Project Vega,disk,2048,304.2,GB,14.85
2025-02-06 22:00:00,mac-waste-scenario,Project Vega,disk,2048,358.76,GB,17.52
2025-02-06 23:00:00,mac-waste-scenario,Project Vega,disk,2048,373.81,GB,18.25
2025-02-07 00:00:00,mac-waste-scenario,Project Vega,disk,2048,324.43,GB,15.84
2025-02-07 01:00:00,mac-waste-scenario,Project Vega,disk,2048,276.37,GB,13.49
2025-02-07 02:00:00,mac-waste-scenario,Project Vega,disk,2048,277.31,GB,13.54
2025-02-07 03:00:00,mac-waste-scenario,Project Vega,disk,2048,299.52,GB,14.62
2025-02-07 04:00:00,mac-waste-scenario,Project Vega,disk,2048,364.09,GB,17.78
2025-02-07 05:00:00,mac-waste-scenario,Project Vega,disk,2048,320.9,GB,15.67
2025-02-07 06:00:00,mac-waste-scenario,Project Vega,disk,2048,304.93,GB,14.89
2025-02-07 07:00:00,mac-waste-scenario,Project Vega,disk,2048,275.87,GB,13.47
2025-02-07 08:00:00,mac-waste-scenario,Project Vega,disk,2048,343.34,GB,16.76
2025-02-07 09:00:00,mac-waste-scenario,Project Vega,disk,2048,319.05,GB,15.58
2025-02-07 10:00:00,mac-waste-scenario,Project Vega,disk,2048,305.12,GB,14.9
2025-02-07 11:00:00,mac-waste-scenario,Project Vega,disk,2048,311.44,GB,15.21
2025-02-07 12:00:00,mac-waste-scenario,Project Vega,disk,2048,376.28,GB,18.37
2025-02-07 13:00:00,mac-waste-scenario,Project Vega,disk,2048,300.63,GB,14.68
2025-02-07 14:00:00,mac-waste-scenario,Project Vega,disk,2048,376.36,GB,18.38
2025-02-07 15:00:00,mac-waste-scenario,Project Vega,disk,2048,358.08,GB,17.48
2025-02-07 16:00:00,mac-waste-scenario,Project Vega,disk,2048,309.34,GB,15.1
2025-02-07 17:00:00,mac-waste-scenario,Project Vega,disk,2048,343.4,GB,16.77
2025-02-07 18:00:00,mac-waste-scenario,Project Vega,disk,2048,302.13,GB,14.75
2025-02-07 19:00:00,mac-waste-scenario,Project Vega,disk,2048,273.27,GB,13.34
2025-02-07 20:00:00,mac-waste-scenario,Project Vega,disk,2048,296.23,GB,14.46
2025-02-07 21:00:00,mac-waste-scenario,Project Vega,disk,2048,270.04,GB,13.19
2025-02-07 22:00:00,mac-waste-scenario,Project Vega,disk,2048,328.15,GB,16.02
2025-02-07 23:00:00,mac-waste-scenario,Project Vega,disk,2048,307.8,GB,15.03
2025-02-08 00:00:00,mac-waste-scenario,Project Vega,disk,2048,330.46,GB,16.14
2025-02-08 01:00:00,mac-waste-scenario,Project Vega,disk,2048,341.06,GB,16.65
2025-02-08 02:00:00,mac-waste-scenario,Project Vega,disk,2048,179.39,GB,8.76
2025-02-08 03:00:00,mac-waste-scenario,Project Vega,disk,2048,319.96,GB,15.62
2025-02-08 04:00:00,mac-waste-scenario,Project Vega,disk,2048,233.4,GB,11.4
2025-02-08 05:00:00,mac-waste-scenario,Project Vega,disk,2048,314.03,GB,15.33
2025-02-08 06:00:00,mac-waste-scenario,Project Vega,disk,2048,271.26,GB,13.25
2025-02-08 07:00:00,mac-waste-scenario,Project Vega,disk,2048,311.47,GB,15.21
2025-02-08 08:00:00,mac-waste-scenario,Project Vega,disk,2048,363.13,GB,17.73
2025-02-08 09:00:00,mac-waste-scenario,Project Vega,disk,2048,237.25,GB,11.58
2025-02-08 10:00:00,mac-waste-scenario,Project Vega,disk,2048,315.01,GB,15.38
2025-02-08 11:00:00,mac-waste-scenario,Project Vega,disk,2048,303.99,GB,14.84
2025-02-08 12:00:00,mac-waste-scenario,Project Vega,disk,2048,229.69,GB,11.22
2025-02-08 13:00:00,mac-waste-scenario,Project Vega,disk,2048,333.74,GB,16.3
2025-02-08 14:00:00,mac-waste-scenario,Project Vega,disk,2048,308.6,GB,15.07
2025-02-08 15:00:00,mac-waste-scenario,Project Vega,disk,2048,286.36,GB,13.98
2025-02-08 16:00:00,mac-waste-scenario,Project Vega,disk,2048,277.64,GB,13.56
2025-02-08 17:00:00,mac-waste-scenario,Project Vega,disk,2048,438.79,GB,21.43
2025-02-08 18:00:00,mac-waste-scenario,Project Vega,disk,2048,291.07,GB,14.21
2025-02-08 19:00:00,mac-waste-scenario,Project Vega,disk,2048,233.46,GB,11.4
2025-02-08 20:00:00,mac-waste-scenario,Project Vega,disk,2048,269.07,GB,13.14
2025-02-08 21:00:00,mac-waste-scenario,Project Vega,disk,2048,292.18,GB,14.27
2025-02-08 22:00:00,mac-waste-scenario,Project Vega,disk,2048,291.46,GB,14.23
2025-02-08 23:00:00,mac-waste-scenario,Project Vega,disk,2048,303.97,GB,14.84
2025-02-09 00:00:00,mac-waste-scenario,Project Vega,disk,2048,264.32,GB,12.91
2025-02-09 01:00:00,mac-waste-scenario,Project Vega,disk,2048,329.38,GB,16.08
2025-02-09 02:00:00,mac-waste-scenario,Project Vega,disk,2048,287.38,GB,14.03
2025-02-09 03:00:00,mac-waste-scenario,Project Vega,disk,2048,251.46,GB,12.28
2025-02-09 04:00:00,mac-waste-scenario,Project Vega,disk,2048,273.79,GB,13.37
2025-02-09 05:00:00,mac-waste-scenario,Project Vega,disk,2048,291.44,GB,14.23
2025-02-09 06:00:00,mac-waste-scenario,Project Vega,disk,2048,341.96,GB,16.7
2025-02-09 07:00:00,mac-waste-scenario,Project Vega,disk,2048,327.05,GB,15.97
2025-02-09 08:00:00,mac-waste-scenario,Project Vega,disk,2048,293.35,GB,14.32
2025-02-09 09:00:00,mac-waste-scenario,Project Vega,disk,2048,308.01,GB,15.04
2025-02-09 10:00:00,mac-waste-scenario,Project Vega,disk,2048,316.01,GB,15.43
2025-02-09 11:00:00,mac-waste-scenario,Project Vega,disk,2048,390.71,GB,19.08
2025-02-09 12:00:00,mac-waste-scenario,Project Vega,disk,2048,281.9,GB,13.76
2025-02-09 13:00:00,mac-waste-scenario,Project Vega,disk,2048,326.33,GB,15.93
2025-02-09 14:00:00,mac-waste-scenario,Project Vega,disk,2048,336.95,GB,16.45
2025-02-09 15:00:00,mac-waste-scenario,Project Vega,disk,2048,268.16,GB,13.09
2025-02-09 16:00:00,mac-waste-scenario,Project Vega,disk,2048,314.95,GB,15.38
2025-02-09 17:00:00,mac-waste-scenario,Project Vega,disk,2048,313.89,GB,15.33
2025-02-09 18:00:00,mac-waste-scenario,Project Vega,disk,2048,287.96,GB,14.06
2025-02-09 19:00:00,mac-waste-scenario,Project Vega,disk,2048,330.45,GB,16.14
2025-02-09 20:00:00,mac-waste-scenario,Project Vega,disk,2048,349.33,GB,17.06
2025-02-09 21:00:00,mac-waste-scenario,Project Vega,disk,2048,353.49,GB,17.26
2025-02-09 22:00:00,mac-waste-scenario,Project Vega,disk,2048,299.34,GB,14.62
2025-02-09 23:00:00,mac-waste-scenario,Project Vega,disk,2048,314.98,GB,15.38
2025-02-10 00:00:00,mac-waste-scenario,Project Vega,disk,2048,403.48,GB,19.7
2025-02-10 01:00:00,mac-waste-scenario,Project Vega,disk,2048,261.99,GB,12.79
2025-02-10 02:00:00,mac-waste-scenario,Project Vega,disk,2048,316.29,GB,15.44
2025-02-10 03:00:00,mac-waste-scenario,Project Vega,disk,2048,343.65,GB,16.78
2025-02-10 04:00:00,mac-waste-scenario,Project Vega,disk,2048,313.35,GB,15.3
2025-02-10 05:00:00,mac-waste-scenario,Project Vega,disk,2048,334.07,GB,16.31
2025-02-10 06:00:00,mac-waste-scenario,Project Vega,disk,2048,314.27,GB,15.35
2025-02-10 07:00:00,mac-waste-scenario,Project Vega,disk,2048,338.07,GB,16.51
2025-02-10 08:00:00,mac-waste-scenario,Project Vega,disk,2048,359.73,GB,17.57
2025-02-10 09:00:00,mac-waste-scenario,Project Vega,disk,2048,298.13,GB,14.56
2025-02-10 10:00:00,mac-waste-scenario,Project Vega,disk,2048,315.29,GB,15.4
2025-02-10 11:00:00,mac-waste-scenario,Project Vega,disk,2048,304.94,GB,14.89
2025-02-10 12:00:00,mac-waste-scenario,Project Vega,disk,2048,290.67,GB,14.19
2025-02-10 13:00:00,mac-waste-scenario,Project Vega,disk,2048,306.4,GB,14.96
2025-02-10 14:00:00,mac-waste-scenario,Project Vega,disk,2048,260.85,GB,12.74
2025-02-10 15:00:00,mac-waste-scenario,Project Vega,disk,2048,337.7,GB,16.49
2025-02-10 16:00:00,mac-waste-scenario,Project Vega,disk,2048,376.93,GB,18.4
2025-02-10 17:00:00,mac-waste-scenario,Project Vega,disk,2048,377.02,GB,18.41
2025-02-10 18:00:00,mac-waste-scenario,Project Vega,disk,2048,359.46,GB,17.55
2025-02-10 19:00:00,mac-waste-scenario,Project Vega,disk,2048,267.71,GB,13.07
2025-02-10 20:00:00,mac-waste-scenario,Project Vega,disk,2048,369.45,GB,18.04
2025-02-10 21:00:00,mac-waste-scenario,Project Vega,disk,2048,277.9,GB,13.57
2025-02-10 22:00:00,mac-waste-scenario,Project Vega,disk,2048,305.03,GB,14.89
2025-02-10 23:00:00,mac-waste-scenario,Project Vega,disk,2048,382.82,GB,18.69
2025-02-11 00:00:00,mac-waste-scenario,Project Vega,disk,2048,263.29,GB,12.86
2025-02-11 01:00:00,mac-waste-scenario,Project Vega,disk,2048,341.66,GB,16.68
2025-02-11 02:00:00,mac-waste-scenario,Project Vega,disk,2048,318.72,GB,15.56
2025-02-11 03:00:00,mac-waste-scenario,Project Vega,disk,2048,300.97,GB,14.7
2025-02-11 04:00:00,mac-waste-scenario,Project Vega,disk,2048,271.32,GB,13.25
2025-02-11 05:00:00,mac-waste-scenario,Project Vega,disk,2048,324.51,GB,15.85
2025-02-11 06:00:00,mac-waste-scenario,Project Vega,disk,2048,288.2,GB,14.07
2025-02-11 07:00:00,mac-waste-scenario,Project Vega,disk,2048,350.01,GB,17.09
2025-02-11 08:00:00,mac-waste-scenario,Project Vega,disk,2048,357.35,GB,17.45
2025-02-11 09:00:00,mac-waste-scenario,Project Vega,disk,2048,250.7,GB,12.24
2025-02-11 10:00:00,mac-waste-scenario,Project Vega,disk,2048,286.5,GB,13.99
2025-02-11 11:00:00,mac-waste-scenario,Project Vega,disk,2048,294.13,GB,14.36
2025-02-11 12:00:00,mac-waste-scenario,Project Vega,disk,2048,258.8,GB,12.64
2025-02-11 13:00:00,mac-waste-scenario,Project Vega,disk,2048,261.41,GB,12.76
2025-02-11 14:00:00,mac-waste-scenario,Project Vega,disk,2048,310.83,GB,15.18
2025-02-11 15:00:00,mac-waste-scenario,Project Vega,disk,2048,298.68,GB,14.58
2025-02-11 16:00:00,mac-waste-scenario,Project Vega,disk,2048,239.54,GB,11.7
2025-02-11 17:00:00,mac-waste-scenario,Project Vega,disk,2048,285.16,GB,13.92
2025-02-11 18:00:00,mac-waste-scenario,Project Vega,disk,2048,328.45,GB,16.04
2025-02-11 19:00:00,mac-waste-scenario,Project Vega,disk,2048,257.79,GB,12.59
2025-02-11 20:00:00,mac-waste-scenario,Project Vega,disk,2048,269.37,GB,13.15
2025-02-11 21:00:00,mac-waste-scenario,Project Vega,disk,2048,372.23,GB,18.18
2025-02-11 22:00:00,mac-waste-scenario,Project Vega,disk,2048,361.15,GB,17.63
2025-02-11 23:00:00,mac-waste-scenario,Project Vega,disk,2048,240.8,GB,11.76
2025-02-12 00:00:00,mac-waste-scenario,Project Vega,disk,2048,251.86,GB,12.3
2025-02-12 01:00:00,mac-waste-scenario,Project Vega,disk,2048,322.65,GB,15.75
2025-02-12 02:00:00,mac-waste-scenario,Project Vega,disk,2048,258.4,GB,12.62
2025-02-12 03:00:00,mac-waste-scenario,Project Vega,disk,2048,296.85,GB,14.49
2025-02-12 04:00:00,mac-waste-scenario,Project Vega,disk,2048,288.72,GB,14.1
2025-02-12 05:00:00,mac-waste-scenario,Project Vega,disk,2048,330.14,GB,16.12
2025-02-12 06:00:00,mac-waste-scenario,Project Vega,disk,2048,203.62,GB,9.94
2025-02-12 07:00:00,mac-waste-scenario,Project Vega,disk,2048,216.99,GB,10.59
2025-02-12 08:00:00,mac-waste-scenario,Project Vega,disk,2048,256.98,GB,12.55
2025-02-12 09:00:00,mac-waste-scenario,Project Vega,disk,2048,348.73,GB,17.03
2025-02-12 10:00:00,mac-waste-scenario,Project Vega,disk,2048,300.88,GB,14.69
2025-02-12 11:00:00,mac-waste-scenario,Project Vega,disk,2048,237.23,GB,11.58
2025-02-12 12:00:00,mac-waste-scenario,Project Vega,disk,2048,327.39,GB,15.99
2025-02-12 13:00:00,mac-waste-scenario,Project Vega,disk,2048,336.19,GB,16.42
2025-02-12 14:00:00,mac-waste-scenario,Project Vega,disk,2048,297.13,GB,14.51
2025-02-12 15:00:00,mac-waste-scenario,Project Vega,disk,2048,293.66,GB,14.34
2025-02-12 16:00:00,mac-waste-scenario,Project Vega,disk,2048,325.13,GB,15.88
2025-02-12 17:00:00,mac-waste-scenario,Project Vega,disk,2048,356.74,GB,17.42
2025-02-12 18:00:00,mac-waste-scenario,Project Vega,disk,2048,313.44,GB,15.3
2025-02-12 19:00:00,mac-waste-scenario,Project Vega,disk,2048,329.04,GB,16.07
2025-02-12 20:00:00,mac-waste-scenario,Project Vega,disk,2048,305.22,GB,14.9
2025-02-12 21:00:00,mac-waste-scenario,Project Vega,disk,2048,291.58,GB,14.24
2025-02-12 22:00:00,mac-waste-scenario,Project Vega,disk,2048,269.68,GB,13.17
2025-02-12 23:00:00,mac-waste-scenario,Project Vega,disk,2048,317.7,GB,15.51
2025-02-13 00:00:00,mac-waste-scenario,Project Vega,disk,2048,294.9,GB,14.4
2025-02-13 01:00:00,mac-waste-scenario,Project Vega,disk,2048,297.22,GB,14.51
2025-02-13 02:00:00,mac-waste-scenario,Project Vega,disk,2048,345.28,GB,16.86
2025-02-13 03:00:00,mac-waste-scenario,Project Vega,disk,2048,327.19,GB,15.98
2025-02-13 04:00:00,mac-waste-scenario,Project Vega,disk,2048,342.84,GB,16.74
2025-02-13 05:00:00,mac-waste-scenario,Project Vega,disk,2048,242.66,GB,11.85
2025-02-13 06:00:00,mac-waste-scenario,Project Vega,disk,2048,330.07,GB,16.12
2025-02-13 07:00:00,mac-waste-scenario,Project Vega,disk,2048,283.04,GB,13.82
2025-02-13 08:00:00,mac-waste-scenario,Project Vega,disk,2048,274.09,GB,13.38
2025-02-13 09:00:00,mac-waste-scenario,Project Vega,disk,2048,272.3,GB,13.3
2025-02-13 10:00:00,mac-waste-scenario,Project Vega,disk,2048,356.82,GB,17.42
2025-02-13 11:00:00,mac-waste-scenario,Project Vega,disk,2048,341.11,GB,16.66
2025-02-13 12:00:00,mac-waste-scenario,Project Vega,disk,2048,277.84,GB,13.57
2025-02-13 13:00:00,mac-waste-scenario,Project Vega,disk,2048,260.6,GB,12.72
2025-02-13 14:00:00,mac-waste-scenario,Project Vega,disk,2048,307.76,GB,15.03
2025-02-13 15:00:00,mac-waste-scenario,Project Vega,disk,2048,288.38,GB,14.08
2025-02-13 16:00:00,mac-waste-scenario,Project Vega,disk,2048,375.18,GB,18.32
2025-02-13 17:00:00,mac-waste-scenario,Project Vega,disk,2048,247.35,GB,12.08
2025-02-13 18:00:00,mac-waste-scenario,Project Vega,disk,2048,232.25,GB,11.34
2025-02-13 19:00:00,mac-waste-scenario,Project Vega,disk,2048,296.72,GB,14.49
2025-02-13 20:00:00,mac-waste-scenario,Project Vega,disk,2048,307.64,GB,15.02
2025-02-13 21:00:00,mac-waste-scenario,Project Vega,disk,2048,312.63,GB,15.27
2025-02-13 22:00:00,mac-waste-scenario,Project Vega,disk,2048,338.06,GB,16.51
2025-02-13 23:00:00,mac-waste-scenario,Project Vega,disk,2048,392.12,GB,19.15
2025-02-14 00:00:00,mac-waste-scenario,Project Vega,disk,2048,293.18,GB,14.32
2025-02-14 01:00:00,mac-waste-scenario,Project Vega,disk,2048,284.9,GB,13.91
2025-02-14 02:00:00,mac-waste-scenario,Project Vega,disk,2048,235.14,GB,11.48
2025-02-14 03:00:00,mac-waste-scenario,Project Vega,disk,2048,317.17,GB,15.49
2025-02-14 04:00:00,mac-waste-scenario,Project Vega,disk,2048,342.16,GB,16.71
2025-02-14 05:00:00,mac-waste-scenario,Project Vega,disk,2048,296.53,GB,14.48
2025-02-14 06:00:00,mac-waste-scenario,Project Vega,disk,2048,355.56,GB,17.36
2025-02-14 07:00:00,mac-waste-scenario,Project Vega,disk,2048,308.44,GB,15.06
2025-02-14 08:00:00,mac-waste-scenario,Project Vega,disk,2048,369.25,GB,18.03
2025-02-14 09:00:00,mac-waste-scenario,Project Vega,disk,2048,320.85,GB,15.67
2025-02-14 10:00:00,mac-waste-scenario,Project Vega,disk,2048,263.9,GB,12.89
2025-02-14 11:00:00,mac-waste-scenario,Project Vega,disk,2048,281.12,GB,13.73
2025-02-14 12:00:00,mac-waste-scenario,Project Vega,disk,2048,244.38,GB,11.93
2025-02-14 13:00:00,mac-waste-scenario,Project Vega,disk,2048,236.05,GB,11.53
2025-02-14 14:00:00,mac-waste-scenario,Project Vega,disk,2048,318.13,GB,15.53
2025-02-14 15:00:00,mac-waste-scenario,Project Vega,disk,2048,342.82,GB,16.74
2025-02-14 16:00:00,mac-waste-scenario,Project Vega,disk,2048,387.25,GB,18.91
2025-02-14 17:00:00,mac-waste-scenario,Project Vega,disk,2048,304.94,GB,14.89
2025-02-14 18:00:00,mac-waste-scenario,Project Vega,disk,2048,297.5,GB,14.53
2025-02-14 19:00:00,mac-waste-scenario,Project Vega,disk,2048,261.77,GB,12.78
2025-02-14 20:00:00,mac-waste-scenario,Project Vega,disk,2048,347.64,GB,16.97
2025-02-14 21:00:00,mac-waste-scenario,Project Vega,disk,2048,323.14,GB,15.78
2025-02-14 22:00:00,mac-waste-scenario,Project Vega,disk,2048,282.82,GB,13.81
2025-02-14 23:00:00,mac-waste-scenario,Project Vega,disk,2048,335.4,GB,16.38
2025-02-15 00:00:00,mac-waste-scenario,Project Vega,disk,2048,330.19,GB,16.12
2025-02-15 01:00:00,mac-waste-scenario,Project Vega,disk,2048,230.61,GB,11.26
2025-02-15 02:00:00,mac-waste-scenario,Project Vega,disk,2048,337.62,GB,16.49
2025-02-15 03:00:00,mac-waste-scenario,Project Vega,disk,2048,312.78,GB,15.27
2025-02-15 04:00:00,mac-waste-scenario,Project Vega,disk,2048,291.17,GB,14.22
2025-02-15 05:00:00,mac-waste-scenario,Project Vega,disk,2048,290.12,GB,14.17
2025-02-15 06:00:00,mac-waste-scenario,Project Vega,disk,2048,378.81,GB,18.5
2025-02-15 07:00:00,mac-waste-scenario,Project Vega,disk,2048,370.11,GB,18.07
2025-02-15 08:00:00,mac-waste-scenario,Project Vega,disk,2048,381.99,GB,18.65
2025-02-15 09:00:00,mac-waste-scenario,Project Vega,disk,2048,260.15,GB,12.7
2025-02-15 10:00:00,mac-waste-scenario,Project Vega,disk,2048,280.39,GB,13.69
2025-02-15 11:00:00,mac-waste-scenario,Project Vega,disk,2048,344.29,GB,16.81
2025-02-15 12:00:00,mac-waste-scenario,Project Vega,disk,2048,257.7,GB,12.58
2025-02-15 13:00:00,mac-waste-scenario,Project Vega,disk,2048,277.7,GB,13.56
2025-02-15 14:00:00,mac-waste-scenario,Project Vega,disk,2048,233.3,GB,11.39
2025-02-15 15:00:00,mac-waste-scenario,Project Vega,disk,2048,383.1,GB,18.71
2025-02-15 16:00:00,mac-waste-scenario,Project Vega,disk,2048,350.73,GB,17.13
2025-02-15 17:00:00,mac-waste-scenario,Project Vega,disk,2048,325.98,GB,15.92
2025-02-15 18:00:00,mac-waste-scenario,Project Vega,disk,2048,316.18,GB,15.44
2025-02-15 19:00:00,mac-waste-scenario,Project Vega,disk,2048,290.11,GB,14.17
2025-02-15 20:00:00,mac-waste-scenario,Project Vega,disk,2048,290.9,GB,14.2
2025-02-15 21:00:00,mac-waste-scenario,Project Vega,disk,2048,332.42,GB,16.23
2025-02-15 22:00:00,mac-waste-scenario,Project Vega,disk,2048,278.05,GB,13.58
2025-02-15 23:00:00,mac-waste-scenario,Project Vega,disk,2048,357.47,GB,17.45
2025-02-16 00:00:00,mac-waste-scenario,Project Vega,disk,2048,287.02,GB,14.01
2025-02-16 01:00:00,mac-waste-scenario,Project Vega,disk,2048,271.42,GB,13.25
2025-02-16 02:00:00,mac-waste-scenario,Project Vega,disk,2048,360.37,GB,17.6
2025-02-16 03:00:00,mac-waste-scenario,Project Vega,disk,2048,301.3,GB,14.71
2025-02-16 04:00:00,mac-waste-scenario,Project Vega,disk,2048,329.93,GB,16.11
2025-02-16 05:00:00,mac-waste-scenario,Project Vega,disk,2048,290.2,GB,14.17
2025-02-16 06:00:00,mac-waste-scenario,Project Vega,disk,2048,215.04,GB,10.5
2025-02-16 07:00:00,mac-waste-scenario,Project Vega,disk,2048,329.61,GB,16.09
2025-02-16 08:00:00,mac-waste-scenario,Project Vega,disk,2048,252.04,GB,12.31
2025-02-16 09:00:00,mac-waste-scenario,Project Vega,disk,2048,351.53,GB,17.16
2025-02-16 10:00:00,mac-waste-scenario,Project Vega,disk,2048,243.68,GB,11.9
2025-02-16 11:00:00,mac-waste-scenario,Project Vega,disk,2048,230.82,GB,11.27
2025-02-16 12:00:00,mac-waste-scenario,Project Vega,disk,2048,319.8,GB,15.62
2025-02-16 13:00:00,mac-waste-scenario,Project Vega,disk,2048,324.62,GB,15.85
2025-02-16 14:00:00,mac-waste-scenario,Project Vega,disk,2048,311.57,GB,15.21
2025-02-16 15:00:00,mac-waste-scenario,Project Vega,disk,2048,257.49,GB,12.57
2025-02-16 16:00:00,mac-waste-scenario,Project Vega,disk,2048,343.59,GB,16.78
2025-02-16 17:00:00,mac-waste-scenario,Project Vega,disk,2048,247.21,GB,12.07
2025-02-16 18:00:00,mac-waste-scenario,Project Vega,disk,2048,288.18,GB,14.07
2025-02-16 19:00:00,mac-waste-scenario,Project Vega,disk,2048,274.92,GB,13.42
2025-02-16 20:00:00,mac-waste-scenario,Project Vega,disk,2048,291.73,GB,14.24
2025-02-16 21:00:00,mac-waste-scenario,Project Vega,disk,2048,342.13,GB,16.71
2025-02-16 22:00:00,mac-waste-scenario,Project Vega,disk,2048,281.23,GB,13.73
2025-02-16 23:00:00,mac-waste-scenario,Project Vega,disk,2048,330.32,GB,16.13
2025-02-17 00:00:00,mac-waste-scenario,Project Vega,disk,2048,335.63,GB,16.39
2025-02-17 01:00:00,mac-waste-scenario,Project Vega,disk,2048,237.12,GB,11.58
2025-02-17 02:00:00,mac-waste-scenario,Project Vega,disk,2048,259.42,GB,12.67
2025-02-17 03:00:00,mac-waste-scenario,Project Vega,disk,2048,291.5,GB,14.23
2025-02-17 04:00:00,mac-waste-scenario,Project Vega,disk,2048,282.95,GB,13.82
2025-02-17 05:00:00,mac-waste-scenario,Project Vega,disk,2048,319.8,GB,15.62
2025-02-17 06:00:00,mac-waste-scenario,Project Vega,disk,2048,228.08,GB,11.14
2025-02-17 07:00:00,mac-waste-scenario,Project Vega,disk,2048,336.72,GB,16.44
2025-02-17 08:00:00,mac-waste-scenario,Project Vega,disk,2048,337.7,GB,16.49
2025-02-17 09:00:00,mac-waste-scenario,Project Vega,disk,2048,300.31,GB,14.66
2025-02-17 10:00:00,mac-waste-scenario,Project Vega,disk,2048,250.55,GB,12.23
2025-02-17 11:00:00,mac-waste-scenario,Project Vega,disk,2048,307.43,GB,15.01
2025-02-17 12:00:00,mac-waste-scenario,Project Vega,disk,2048,285.18,GB,13.93
2025-02-17 13:00:00,mac-waste-scenario,Project Vega,disk,2048,330.41,GB,16.13
2025-02-17 14:00:00,mac-waste-scenario,Project Vega,disk,2048,303.7,GB,14.83
2025-02-17 15:00:00,mac-waste-scenario,Project Vega,disk,2048,337.03,GB,16.46
2025-02-17 16:00:00,mac-waste-scenario,Project Vega,disk,2048,289.45,GB,14.13
2025-02-17 17:00:00,mac-waste-scenario,Project Vega,disk,2048,366.29,GB,17.89
2025-02-17 18:00:00,mac-waste-scenario,Project Vega,disk,2048,212.8,GB,10.39
2025-02-17 19:00:00,mac-waste-scenario,Project Vega,disk,2048,265.58,GB,12.97
2025-02-17 20:00:00,mac-waste-scenario,Project Vega,disk,2048,327.3,GB,15.98
2025-02-17 21:00:00,mac-waste-scenario,Project Vega,disk,2048,245.31,GB,11.98
2025-02-17 22:00:00,mac-waste-scenario,Project Vega,disk,2048,337.34,GB,16.47
2025-02-17 23:00:00,mac-waste-scenario,Project Vega,disk,2048,257.36,GB,12.57
2025-02-18 00:00:00,mac-waste-scenario,Project Vega,disk,2048,311.02,GB,15.19
2025-02-18 01:00:00,mac-waste-scenario,Project Vega,disk,2048,269.73,GB,13.17
2025-02-18 02:00:00,mac-waste-scenario,Project Vega,disk,2048,289.13,GB,14.12
2025-02-18 03:00:00,mac-waste-scenario,Project Vega,disk,2048,314.35,GB,15.35
2025-02-18 04:00:00,mac-waste-scenario,Project Vega,disk,2048,302.91,GB,14.79
2025-02-18 05:00:00,mac-waste-scenario,Project Vega,disk,2048,291.58,GB,14.24
2025-02-18 06:00:00,mac-waste-scenario,Project Vega,disk,2048,395.39,GB,19.31
2025-02-18 07:00:00,mac-waste-scenario,Project Vega,disk,2048,307.55,GB,15.02
2025-02-18 08:00:00,mac-waste-scenario,Project Vega,disk,2048,267.47,GB,13.06
2025-02-18 09:00:00,mac-waste-scenario,Project Vega,disk,2048,345.19,GB,16.86
2025-02-18 10:00:00,mac-waste-scenario,Project Vega,disk,2048,340.81,GB,16.64
2025-02-18 11:00:00,mac-waste-scenario,Project Vega,disk,2048,357.29,GB,17.45
2025-02-18 12:00:00,mac-waste-scenario,Project Vega,disk,2048,380.41,GB,18.57
2025-02-18 13:00:00,mac-waste-scenario,Project Vega,disk,2048,268.72,GB,13.12
2025-02-18 14:00:00,mac-waste-scenario,Project Vega,disk,2048,350.6,GB,17.12
2025-02-18 15:00:00,mac-waste-scenario,Project Vega,disk,2048,353.88,GB,17.28
2025-02-18 16:00:00,mac-waste-scenario,Project Vega,disk,2048,307.21,GB,15.0
2025-02-18 17:00:00,mac-waste-scenario,Project Vega,disk,2048,317.24,GB,15.49
2025-02-18 18:00:00,mac-waste-scenario,Project Vega,disk,2048,184.21,GB,8.99
2025-02-18 19:00:00,mac-waste-scenario,Project Vega,disk,2048,283.69,GB,13.85
2025-02-18 20:00:00,mac-waste-scenario,Project Vega,disk,2048,380.43,GB,18.58
2025-02-18 21:00:00,mac-waste-scenario,Project Vega,disk,2048,234.01,GB,11.43
2025-02-18 22:00:00,mac-waste-scenario,Project Vega,disk,2048,285.26,GB,13.93
2025-02-18 23:00:00,mac-waste-scenario,Project Vega,disk,2048,318.99,GB,15.58
2025-02-19 00:00:00,mac-waste-scenario,Project Vega,disk,2048,330.78,GB,16.15
2025-02-19 01:00:00,mac-waste-scenario,Project Vega,disk,2048,374.03,GB,18.26
2025-02-19 02:00:00,mac-waste-scenario,Project Vega,disk,2048,234.99,GB,11.47
2025-02-19 03:00:00,mac-waste-scenario,Project Vega,disk,2048,308.95,GB,15.09
2025-02-19 04:00:00,mac-waste-scenario,Project Vega,disk,2048,342.41,GB,16.72
2025-02-19 05:00:00,mac-waste-scenario,Project Vega,disk,2048,253.39,GB,12.37
2025-02-19 06:00:00,mac-waste-scenario,Project Vega,disk,2048,305.57,GB,14.92
2025-02-19 07:00:00,mac-waste-scenario,Project Vega,disk,2048,384.4,GB,18.77
2025-02-19 08:00:00,mac-waste-scenario,Project Vega,disk,2048,361.12,GB,17.63
2025-02-19 09:00:00,mac-waste-scenario,Project Vega,disk,2048,329.3,GB,16.08
2025-02-19 10:00:00,mac-waste-scenario,Project Vega,disk,2048,200.13,GB,9.77
2025-02-19 11:00:00,mac-waste-scenario,Project Vega,disk,2048,301.86,GB,14.74
2025-02-19 12:00:00,mac-waste-scenario,Project Vega,disk,2048,323.03,GB,15.77
2025-02-19 13:00:00,mac-waste-scenario,Project Vega,disk,2048,294.56,GB,14.38
2025-02-19 14:00:00,mac-waste-scenario,Project Vega,disk,2048,304.52,GB,14.87
2025-02-19 15:00:00,mac-waste-scenario,Project Vega,disk,2048,433.5,GB,21.17
2025-02-19 16:00:00,mac-waste-scenario,Project Vega,disk,2048,298.42,GB,14.57
2025-02-19 17:00:00,mac-waste-scenario,Project Vega,disk,2048,267.48,GB,13.06
2025-02-19 18:00:00,mac-waste-scenario,Project Vega,disk,2048,317.15,GB,15.49
2025-02-19 19:00:00,mac-waste-scenario,Project Vega,disk,2048,294.27,GB,14.37
2025-02-19 20:00:00,mac-waste-scenario,Project Vega,disk,2048,294.51,GB,14.38
2025-02-19 21:00:00,mac-waste-scenario,Project Vega,disk,2048,303.63,GB,14.83
2025-02-19 22:00:00,mac-waste-scenario,Project Vega,disk,2048,338.9,GB,16.55
2025-02-19 23:00:00,mac-waste-scenario,Project Vega,disk,2048,316.93,GB,15.48
2025-02-20 00:00:00,mac-waste-scenario,Project Vega,disk,2048,257.99,GB,12.6
2025-02-20 01:00:00,mac-waste-scenario,Project Vega,disk,2048,301.76,GB,14.73
2025-02-20 02:00:00,mac-waste-scenario,Project Vega,disk,2048,326.63,GB,15.95
2025-02-20 03:00:00,mac-waste-scenario,Project Vega,disk,2048,288.04,GB,14.06
2025-02-20 04:00:00,mac-waste-scenario,Project Vega,disk,2048,354.26,GB,17.3
2025-02-20 05:00:00,mac-waste-scenario,Project Vega,disk,2048,339.03,GB,16.55
2025-02-20 06:00:00,mac-waste-scenario,Project Vega,disk,2048,266.62,GB,13.02
2025-02-20 07:00:00,mac-waste-scenario,Project Vega,disk,2048,320.3,GB,15.64
2025-02-20 08:00:00,mac-waste-scenario,Project Vega,disk,2048,388.46,GB,18.97
2025-02-20 09:00:00,mac-waste-scenario,Project Vega,disk,2048,371.11,GB,18.12
2025-02-20 10:00:00,mac-waste-scenario,Project Vega,disk,2048,304.9,GB,14.89
2025-02-20 11:00:00,mac-waste-scenario,Project Vega,disk,2048,343.97,GB,16.8
2025-02-20 12:00:00,mac-waste-scenario,Project Vega,disk,2048,279.6,GB,13.65
2025-02-20 13:00:00,mac-waste-scenario,Project Vega,disk,2048,247.89,GB,12.1
2025-02-20 14:00:00,mac-waste-scenario,Project Vega,disk,2048,329.9,GB,16.11
2025-02-20 15:00:00,mac-waste-scenario,Project Vega,disk,2048,317.3,GB,15.49
2025-02-20 16:00:00,mac-waste-scenario,Project Vega,disk,2048,328.26,GB,16.03
2025-02-20 17:00:00,mac-waste-scenario,Project Vega,disk,2048,306.19,GB,14.95
2025-02-20 18:00:00,mac-waste-scenario,Project Vega,disk,2048,320.55,GB,15.65
2025-02-20 19:00:00,mac-waste-scenario,Project Vega,disk,2048,286.19,GB,13.97
2025-02-20 20:00:00,mac-waste-scenario,Project Vega,disk,2048,326.58,GB,15.95
2025-02-20 21:00:00,mac-waste-scenario,Project Vega,disk,2048,341.32,GB,16.67
2025-02-20 22:00:00,mac-waste-scenario,Project Vega,disk,2048,304.81,GB,14.88
2025-02-20 23:00:00,mac-waste-scenario,Project Vega,disk,2048,340.55,GB,16.63
2025-02-21 00:00:00,mac-waste-scenario,Project Vega,disk,2048,234.66,GB,11.46
2025-02-21 01:00:00,mac-waste-scenario,Project Vega,disk,2048,275.0,GB,13.43
2025-02-21 02:00:00,mac-waste-scenario,Project Vega,disk,2048,366.37,GB,17.89
2025-02-21 03:00:00,mac-waste-scenario,Project Vega,disk,2048,379.36,GB,18.52
2025-02-21 04:00:00,mac-waste-scenario,Project Vega,disk,2048,317.46,GB,15.5
2025-02-21 05:00:00,mac-waste-scenario,Project Vega,disk,2048,302.97,GB,14.79
2025-02-21 06:00:00,mac-waste-scenario,Project Vega,disk,2048,255.26,GB,12.46
2025-02-21 07:00:00,mac-waste-scenario,Project Vega,disk,2048,322.09,GB,15.73
2025-02-21 08:00:00,mac-waste-scenario,Project Vega,disk,2048,339.08,GB,16.56
2025-02-21 09:00:00,mac-waste-scenario,Project Vega,disk,2048,246.51,GB,12.04
2025-02-21 10:00:00,mac-waste-scenario,Project Vega,disk,2048,330.09,GB,16.12
2025-02-21 11:00:00,mac-waste-scenario,Project Vega,disk,2048,327.3,GB,15.98
2025-02-21 12:00:00,mac-waste-scenario,Project Vega,disk,2048,325.26,GB,15.88
2025-02-21 13:00:00,mac-waste-scenario,Project Vega,disk,2048,261.02,GB,12.74
2025-02-21 14:00:00,mac-waste-scenario,Project Vega,disk,2048,329.39,GB,16.08
2025-02-21 15:00:00,mac-waste-scenario,Project Vega,disk,2048,245.84,GB,12.0
2025-02-21 16:00:00,mac-waste-scenario,Project Vega,disk,2048,368.17,GB,17.98
2025-02-21 17:00:00,mac-waste-scenario,Project Vega,disk,2048,312.74,GB,15.27
2025-02-21 18:00:00,mac-waste-scenario,Project Vega,disk,2048,259.54,GB,12.67
2025-02-21 19:00:00,mac-waste-scenario,Project Vega,disk,2048,362.3,GB,17.69
2025-02-21 20:00:00,mac-waste-scenario,Project Vega,disk,2048,354.47,GB,17.31
2025-02-21 21:00:00,mac-waste-scenario,Project Vega,disk,2048,280.56,GB,13.7
2025-02-21 22:00:00,mac-waste-scenario,Project Vega,disk,2048,397.48,GB,19.41
2025-02-21 23:00:00,mac-waste-scenario,Project Vega,disk,2048,266.07,GB,12.99
2025-02-22 00:00:00,mac-waste-scenario,Project Vega,disk,2048,320.04,GB,15.63
2025-02-22 01:00:00,mac-waste-scenario,Project Vega,disk,2048,355.63,GB,17.36
2025-02-22 02:00:00,mac-waste-scenario,Project Vega,disk,2048,214.19,GB,10.46
2025-02-22 03:00:00,mac-waste-scenario,Project Vega,disk,2048,348.22,GB,17.0
2025-02-22 04:00:00,mac-waste-scenario,Project Vega,disk,2048,304.55,GB,14.87
2025-02-22 05:00:00,mac-waste-scenario,Project Vega,disk,2048,306.56,GB,14.97
2025-02-22 06:00:00,mac-waste-scenario,Project Vega,disk,2048,263.09,GB,12.85
2025-02-22 07:00:00,mac-waste-scenario,Project Vega,disk,2048,320.78,GB,15.66
2025-02-22 08:00:00,mac-waste-scenario,Project Vega,disk,2048,261.74,GB,12.78
2025-02-22 09:00:00,mac-waste-scenario,Project Vega,disk,2048,267.53,GB,13.06
2025-02-22 10:00:00,mac-waste-scenario,Project Vega,disk,2048,288.86,GB,14.1
2025-02-22 11:00:00,mac-waste-scenario,Project Vega,disk,2048,256.93,GB,12.55
2025-02-22 12:00:00,mac-waste-scenario,Project Vega,disk,2048,371.62,GB,18.15
2025-02-22 13:00:00,mac-waste-scenario,Project Vega,disk,2048,252.78,GB,12.34
2025-02-22 14:00:00,mac-waste-scenario,Project Vega,disk,2048,276.28,GB,13.49
2025-02-22 15:00:00,mac-waste-scenario,Project Vega,disk,2048,294.24,GB,14.37
2025-02-22 16:00:00,mac-waste-scenario,Project Vega,disk,2048,307.35,GB,15.01
2025-02-22 17:00:00,mac-waste-scenario,Project Vega,disk,2048,339.65,GB,16.58
2025-02-22 18:00:00,mac-waste-scenario,Project Vega,disk,2048,340.72,GB,16.64
2025-02-22 19:00:00,mac-waste-scenario,Project Vega,disk,2048,294.79,GB,14.39
2025-02-22 20:00:00,mac-waste-scenario,Project Vega,disk,2048,291.47,GB,14.23
2025-02-22 21:00:00,mac-waste-scenario,Project Vega,disk,2048,308.63,GB,15.07
2025-02-22 22:00:00,mac-waste-scenario,Project Vega,disk,2048,340.87,GB,16.64
2025-02-22 23:00:00,mac-waste-scenario,Project Vega,disk,2048,335.77,GB,16.39
2025-02-23 00:00:00,mac-waste-scenario,Project Vega,disk,2048,286.05,GB,13.97
2025-02-23 01:00:00,mac-waste-scenario,Project Vega,disk,2048,222.86,GB,10.88
2025-02-23 02:00:00,mac-waste-scenario,Project Vega,disk,2048,394.98,GB,19.29
2025-02-23 03:00:00,mac-waste-scenario,Project Vega,disk,2048,346.17,GB,16.9
2025-02-23 04:00:00,mac-waste-scenario,Project Vega,disk,2048,317.99,GB,15.53
2025-02-23 05:00:00,mac-waste-scenario,Project Vega,disk,2048,321.14,GB,15.68
2025-02-23 06:00:00,mac-waste-scenario,Project Vega,disk,2048,285.84,GB,13.96
2025-02-23 07:00:00,mac-waste-scenario,Project Vega,disk,2048,266.2,GB,13.0
2025-02-23 08:00:00,mac-waste-scenario,Project Vega,disk,2048,293.58,GB,14.34
2025-02-23 09:00:00,mac-waste-scenario,Project Vega,disk,2048,298.09,GB,14.56
2025-02-23 10:00:00,mac-waste-scenario,Project Vega,disk,2048,281.59,GB,13.75
2025-02-23 11:00:00,mac-waste-scenario,Project Vega,disk,2048,247.52,GB,12.09
2025-02-23 12:00:00,mac-waste-scenario,Project Vega,disk,2048,294.4,GB,14.37
2025-02-23 13:00:00,mac-waste-scenario,Project Vega,disk,2048,330.82,GB,16.15
2025-02-23 14:00:00,mac-waste-scenario,Project Vega,disk,2048,286.93,GB,14.01
2025-02-23 15:00:00,mac-waste-scenario,Project Vega,disk,2048,308.1,GB,15.04
2025-02-23 16:00:00,mac-waste-scenario,Project Vega,disk,2048,222.38,GB,10.86
2025-02-23 17:00:00,mac-waste-scenario,Project Vega,disk,2048,298.7,GB,14.58
2025-02-23 18:00:00,mac-waste-scenario,Project Vega,disk,2048,302.2,GB,14.76
2025-02-23 19:00:00,mac-waste-scenario,Project Vega,disk,2048,256.98,GB,12.55
2025-02-23 20:00:00,mac-waste-scenario,Project Vega,disk,2048,236.36,GB,11.54
2025-02-23 21:00:00,mac-waste-scenario,Project Vega,disk,2048,324.07,GB,15.82
2025-02-23 22:00:00,mac-waste-scenario,Project Vega,disk,2048,274.04,GB,13.38
2025-02-23 23:00:00,mac-waste-scenario,Project Vega,disk,2048,327.2,GB,15.98
2025-02-24 00:00:00,mac-waste-scenario,Project Vega,disk,2048,289.99,GB,14.16
2025-02-24 01:00:00,mac-waste-scenario,Project Vega,disk,2048,332.73,GB,16.25
2025-02-24 02:00:00,mac-waste-scenario,Project Vega,disk,2048,293.32,GB,14.32
2025-02-24 03:00:00,mac-waste-scenario,Project Vega,disk,2048,245.49,GB,11.99
2025-02-24 04:00:00,mac-waste-scenario,Project Vega,disk,2048,303.66,GB,14.83
2025-02-24 05:00:00,mac-waste-scenario,Project Vega,disk,2048,293.75,GB,14.34
2025-02-24 06:00:00,mac-waste-scenario,Project Vega,disk,2048,334.13,GB,16.31
2025-02-24 07:00:00,mac-waste-scenario,Project Vega,disk,2048,288.74,GB,14.1
2025-02-24 08:00:00,mac-waste-scenario,Project Vega,disk,2048,291.1,GB,14.21
2025-02-24 09:00:00,mac-waste-scenario,Project Vega,disk,2048,342.42,GB,16.72
2025-02-24 10:00:00,mac-waste-scenario,Project Vega,disk,2048,354.97,GB,17.33
2025-02-24 11:00:00,mac-waste-scenario,Project Vega,disk,2048,338.31,GB,16.52
2025-02-24 12:00:00,mac-waste-scenario,Project Vega,disk,2048,349.71,GB,17.08
2025-02-24 13:00:00,mac-waste-scenario,Project Vega,disk,2048,325.8,GB,15.91
2025-02-24 14:00:00,mac-waste-scenario,Project Vega,disk,2048,338.75,GB,16.54
2025-02-24 15:00:00,mac-waste-scenario,Project Vega,disk,2048,343.17,GB,16.76
2025-02-24 16:00:00,mac-waste-scenario,Project Vega,disk,2048,323.74,GB,15.81
2025-02-24 17:00:00,mac-waste-scenario,Project Vega,disk,2048,309.78,GB,15.13
2025-02-24 18:00:00,mac-waste-scenario,Project Vega,disk,2048,313.02,GB,15.28
2025-02-24 19:00:00,mac-waste-scenario,Project Vega,disk,2048,405.7,GB,19.81
2025-02-24 20:00:00,mac-waste-scenario,Project Vega,disk,2048,307.76,GB,15.03
2025-02-24 21:00:00,mac-waste-scenario,Project Vega,disk,2048,297.5,GB,14.53
2025-02-24 22:00:00,mac-waste-scenario,Project Vega,disk,2048,292.28,GB,14.27
2025-02-24 23:00:00,mac-waste-scenario,Project Vega,disk,2048,305.83,GB,14.93
2025-02-25 00:00:00,mac-waste-scenario,Project Vega,disk,2048,317.2,GB,15.49
2025-02-25 01:00:00,mac-waste-scenario,Project Vega,disk,2048,260.87,GB,12.74
2025-02-25 02:00:00,mac-waste-scenario,Project Vega,disk,2048,226.08,GB,11.04
2025-02-25 03:00:00,mac-waste-scenario,Project Vega,disk,2048,319.29,GB,15.59
2025-02-25 04:00:00,mac-waste-scenario,Project Vega,disk,2048,241.42,GB,11.79
2025-02-25 05:00:00,mac-waste-scenario,Project Vega,disk,2048,317.8,GB,15.52
2025-02-25 06:00:00,mac-waste-scenario,Project Vega,disk,2048,312.96,GB,15.28
2025-02-25 07:00:00,mac-waste-scenario,Project Vega,disk,2048,354.42,GB,17.31
2025-02-25 08:00:00,mac-waste-scenario,Project Vega,disk,2048,375.61,GB,18.34
2025-02-25 09:00:00,mac-waste-scenario,Project Vega,disk,2048,322.26,GB,15.74
2025-02-25 10:00:00,mac-waste-scenario,Project Vega,disk,2048,284.51,GB,13.89
2025-02-25 11:00:00,mac-waste-scenario,Project Vega,disk,2048,259.08,GB,12.65
2025-02-25 12:00:00,mac-waste-scenario,Project Vega,disk,2048,274.77,GB,13.42
2025-02-25 13:00:00,mac-waste-scenario,Project Vega,disk,2048,308.84,GB,15.08
2025-02-25 14:00:00,mac-waste-scenario,Project Vega,disk,2048,222.44,GB,10.86
2025-02-25 15:00:00,mac-waste-scenario,Project Vega,disk,2048,310.28,GB,15.15
2025-02-25 16:00:00,mac-waste-scenario,Project Vega,disk,2048,306.71,GB,14.98
2025-02-25 17:00:00,mac-waste-scenario,Project Vega,disk,2048,333.6,GB,16.29
2025-02-25 18:00:00,mac-waste-scenario,Project Vega,disk,2048,293.49,GB,14.33
2025-02-25 19:00:00,mac-waste-scenario,Project Vega,disk,2048,311.38,GB,15.2
2025-02-25 20:00:00,mac-waste-scenario,Project Vega,disk,2048,277.05,GB,13.53
2025-02-25 21:00:00,mac-waste-scenario,Project Vega,disk,2048,288.19,GB,14.07
2025-02-25 22:00:00,mac-waste-scenario,Project Vega,disk,2048,234.57,GB,11.45
2025-02-25 23:00:00,mac-waste-scenario,Project Vega,disk,2048,312.26,GB,15.25
2025-02-26 00:00:00,mac-waste-scenario,Project Vega,disk,2048,370.64,GB,18.1
2025-02-26 01:00:00,mac-waste-scenario,Project Vega,disk,2048,313.86,GB,15.33
2025-02-26 02:00:00,mac-waste-scenario,Project Vega,disk,2048,322.18,GB,15.73
2025-02-26 03:00:00,mac-waste-scenario,Project Vega,disk,2048,266.99,GB,13.04
2025-02-26 04:00:00,mac-waste-scenario,Project Vega,disk,2048,365.83,GB,17.86
2025-02-26 05:00:00,mac-waste-scenario,Project Vega,disk,2048,275.78,GB,13.47
2025-02-26 06:00:00,mac-waste-scenario,Project Vega,disk,2048,340.04,GB,16.6
2025-02-26 07:00:00,mac-waste-scenario,Project Vega,disk,2048,311.6,GB,15.21
2025-02-26 08:00:00,mac-waste-scenario,Project Vega,disk,2048,267.91,GB,13.08
2025-02-26 09:00:00,mac-waste-scenario,Project Vega,disk,2048,349.27,GB,17.05
2025-02-26 10:00:00,mac-waste-scenario,Project Vega,disk,2048,307.83,GB,15.03
2025-02-26 11:00:00,mac-waste-scenario,Project Vega,disk,2048,314.52,GB,15.36
2025-02-26 12:00:00,mac-waste-scenario,Project Vega,disk,2048,325.72,GB,15.9
2025-02-26 13:00:00,mac-waste-scenario,Project Vega,disk,2048,306.32,GB,14.96
2025-02-26 14:00:00,mac-waste-scenario,Project Vega,disk,2048,291.69,GB,14.24
2025-02-26 15:00:00,mac-waste-scenario,Project Vega,disk,2048,326.29,GB,15.93
2025-02-26 16:00:00,mac-waste-scenario,Project Vega,disk,2048,290.62,GB,14.19
2025-02-26 17:00:00,mac-waste-scenario,Project Vega,disk,2048,309.88,GB,15.13
2025-02-26 18:00:00,mac-waste-scenario,Project Vega,disk,2048,279.85,GB,13.66
2025-02-26 19:00:00,mac-waste-scenario,Project Vega,disk,2048,246.17,GB,12.02
2025-02-26 20:00:00,mac-waste-scenario,Project Vega,disk,2048,279.63,GB,13.65
2025-02-26 21:00:00,mac-waste-scenario,Project Vega,disk,2048,286.92,GB,14.01
2025-02-26 22:00:00,mac-waste-scenario,Project Vega,disk,2048,307.81,GB,15.03
2025-02-26 23:00:00,mac-waste-scenario,Project Vega,disk,2048,355.71,GB,17.37
2025-02-27 00:00:00,mac-waste-scenario,Project Vega,disk,2048,238.0,GB,11.62
2025-02-27 01:00:00,mac-waste-scenario,Project Vega,disk,2048,312.47,GB,15.26
2025-02-27 02:00:00,mac-waste-scenario,Project Vega,disk,2048,216.6,GB,10.58
2025-02-27 03:00:00,mac-waste-scenario,Project Vega,disk,2048,264.36,GB,12.91
2025-02-27 04:00:00,mac-waste-scenario,Project Vega,disk,2048,286.43,GB,13.99
2025-02-27 05:00:00,mac-waste-scenario,Project Vega,disk,2048,214.91,GB,10.49
2025-02-27 06:00:00,mac-waste-scenario,Project Vega,disk,2048,231.11,GB,11.28
2025-02-27 07:00:00,mac-waste-scenario,Project Vega,disk,2048,313.51,GB,15.31
2025-02-27 08:00:00,mac-waste-scenario,Project Vega,disk,2048,310.39,GB,15.16
2025-02-27 09:00:00,mac-waste-scenario,Project Vega,disk,2048,302.54,GB,14.77
2025-02-27 10:00:00,mac-waste-scenario,Project Vega,disk,2048,274.28,GB,13.39
2025-02-27 11:00:00,mac-waste-scenario,Project Vega,disk,2048,395.44,GB,19.31
2025-02-27 12:00:00,mac-waste-scenario,Project Vega,disk,2048,300.6,GB,14.68
2025-02-27 13:00:00,mac-waste-scenario,Project Vega,disk,2048,271.89,GB,13.28
2025-02-27 14:00:00,mac-waste-scenario,Project Vega,disk,2048,375.95,GB,18.36
2025-02-27 15:00:00,mac-waste-scenario,Project Vega,disk,2048,332.36,GB,16.23
2025-02-27 16:00:00,mac-waste-scenario,Project Vega,disk,2048,292.01,GB,14.26
2025-02-27 17:00:00,mac-waste-scenario,Project Vega,disk,2048,356.05,GB,17.39
2025-02-27 18:00:00,mac-waste-scenario,Project Vega,disk,2048,313.62,GB,15.31
2025-02-27 19:00:00,mac-waste-scenario,Project Vega,disk,2048,333.54,GB,16.29
2025-02-27 20:00:00,mac-waste-scenario,Project Vega,disk,2048,316.82,GB,15.47
2025-02-27 21:00:00,mac-waste-scenario,Project Vega,disk,2048,265.08,GB,12.94
2025-02-27 22:00:00,mac-waste-scenario,Project Vega,disk,2048,346.98,GB,16.94
2025-02-27 23:00:00,mac-waste-scenario,Project Vega,disk,2048,313.77,GB,15.32
2025-02-28 00:00:00,mac-waste-scenario,Project Vega,disk,2048,265.86,GB,12.98
2025-02-28 01:00:00,mac-waste-scenario,Project Vega,disk,2048,275.95,GB,13.47
2025-02-28 02:00:00,mac-waste-scenario,Project Vega,disk,2048,346.33,GB,16.91
2025-02-28 03:00:00,mac-waste-scenario,Project Vega,disk,2048,292.07,GB,14.26
2025-02-28 04:00:00,mac-waste-scenario,Project Vega,disk,2048,309.1,GB,15.09
2025-02-28 05:00:00,mac-waste-scenario,Project Vega,disk,2048,334.01,GB,16.31
2025-02-28 06:00:00,mac-waste-scenario,Project Vega,disk,2048,312.46,GB,15.26
2025-02-28 07:00:00,mac-waste-scenario,Project Vega,disk,2048,244.67,GB,11.95
2025-02-28 08:00:00,mac-waste-scenario,Project Vega,disk,2048,333.31,GB,16.27
2025-02-28 09:00:00,mac-waste-scenario,Project Vega,disk,2048,345.64,GB,16.88
2025-02-28 10:00:00,mac-waste-scenario,Project Vega,disk,2048,342.7,GB,16.73
2025-02-28 11:00:00,mac-waste-scenario,Project Vega,disk,2048,373.42,GB,18.23
2025-02-28 12:00:00,mac-waste-scenario,Project Vega,disk,2048,322.12,GB,15.73
2025-02-28 13:00:00,mac-waste-scenario,Project Vega,disk,2048,339.03,GB,16.55
2025-02-28 14:00:00,mac-waste-scenario,Project Vega,disk,2048,372.3,GB,18.18
2025-02-28 15:00:00,mac-waste-scenario,Project Vega,disk,2048,295.29,GB,14.42
2025-02-28 16:00:00,mac-waste-scenario,Project Vega,disk,2048,378.32,GB,18.47
2025-02-28 17:00:00,mac-waste-scenario,Project Vega,disk,2048,378.25,GB,18.47
2025-02-28 18:00:00,mac-waste-scenario,Project Vega,disk,2048,339.28,GB,16.57
2025-02-28 19:00:00,mac-waste-scenario,Project Vega,disk,2048,382.55,GB,18.68
2025-02-28 20:00:00,mac-waste-scenario,Project Vega,disk,2048,342.1,GB,16.7
2025-02-28 21:00:00,mac-waste-scenario,Project Vega,disk,2048,271.13,GB,13.24
2025-02-28 22:00:00,mac-waste-scenario,Project Vega,disk,2048,353.79,GB,17.27
2025-02-28 23:00:00,mac-waste-scenario,Project Vega,disk,2048,320.57,GB,15.65
2025-03-01 00:00:00,mac-waste-scenario,Project Vega,disk,2048,324.14,GB,15.83
2025-03-01 01:00:00,mac-waste-scenario,Project Vega,disk,2048,313.53,GB,15.31
2025-03-01 02:00:00,mac-waste-scenario,Project Vega,disk,2048,362.89,GB,17.72
2025-03-01 03:00:00,mac-waste-scenario,Project Vega,disk,2048,329.82,GB,16.1
2025-03-01 04:00:00,mac-waste-scenario,Project Vega,disk,2048,278.7,GB,13.61
2025-03-01 05:00:00,mac-waste-scenario,Project Vega,disk,2048,327.1,GB,15.97
2025-03-01 06:00:00,mac-waste-scenario,Project Vega,disk,2048,337.07,GB,16.46
2025-03-01 07:00:00,mac-waste-scenario,Project Vega,disk,2048,277.48,GB,13.55
2025-03-01 08:00:00,mac-waste-scenario,Project Vega,disk,2048,289.41,GB,14.13
2025-03-01 09:00:00,mac-waste-scenario,Project Vega,disk,2048,291.51,GB,14.23
2025-03-01 10:00:00,mac-waste-scenario,Project Vega,disk,2048,282.32,GB,13.79
2025-03-01 11:00:00,mac-waste-scenario,Project Vega,disk,2048,321.49,GB,15.7
2025-03-01 12:00:00,mac-waste-scenario,Project Vega,disk,2048,348.89,GB,17.04
2025-03-01 13:00:00,mac-waste-scenario,Project Vega,disk,2048,384.71,GB,18.78
2025-03-01 14:00:00,mac-waste-scenario,Project Vega,disk,2048,356.13,GB,17.39
2025-03-01 15:00:00,mac-waste-scenario,Project Vega,disk,2048,349.06,GB,17.04
2025-03-01 16:00:00,mac-waste-scenario,Project Vega,disk,2048,354.03,GB,17.29
2025-03-01 17:00:00,mac-waste-scenario,Project Vega,disk,2048,361.89,GB,17.67
2025-03-01 18:00:00,mac-waste-scenario,Project Vega,disk,2048,291.77,GB,14.25
2025-03-01 19:00:00,mac-waste-scenario,Project Vega,disk,2048,335.61,GB,16.39
2025-03-01 20:00:00,mac-waste-scenario,Project Vega,disk,2048,320.4,GB,15.64
2025-03-01 21:00:00,mac-waste-scenario,Project Vega,disk,2048,301.9,GB,14.74
2025-03-01 22:00:00,mac-waste-scenario,Project Vega,disk,2048,288.57,GB,14.09
2025-03-01 23:00:00,mac-waste-scenario,Project Vega,disk,2048,286.5,GB,13.99
2025-03-02 00:00:00,mac-waste-scenario,Project Vega,disk,2048,296.22,GB,14.46
2025-03-02 01:00:00,mac-waste-scenario,Project Vega,disk,2048,256.62,GB,12.53
2025-03-02 02:00:00,mac-waste-scenario,Project Vega,disk,2048,328.57,GB,16.04
2025-03-02 03:00:00,mac-waste-scenario,Project Vega,disk,2048,306.3,GB,14.96
2025-03-02 04:00:00,mac-waste-scenario,Project Vega,disk,2048,311.54,GB,15.21
2025-03-02 05:00:00,mac-waste-scenario,Project Vega,disk,2048,321.07,GB,15.68
2025-03-02 06:00:00,mac-waste-scenario,Project Vega,disk,2048,336.89,GB,16.45
2025-03-02 07:00:00,mac-waste-scenario,Project Vega,disk,2048,282.96,GB,13.82
2025-03-02 08:00:00,mac-waste-scenario,Project Vega,disk,2048,302.85,GB,14.79
2025-03-02 09:00:00,mac-waste-scenario,Project Vega,disk,2048,241.32,GB,11.78
2025-03-02 10:00:00,mac-waste-scenario,Project Vega,disk,2048,216.27,GB,10.56
2025-03-02 11:00:00,mac-waste-scenario,Project Vega,disk,2048,227.72,GB,11.12
2025-03-02 12:00:00,mac-waste-scenario,Project Vega,disk,2048,370.15,GB,18.07
2025-03-02 13:00:00,mac-waste-scenario,Project Vega,disk,2048,232.39,GB,11.35
2025-03-02 14:00:00,mac-waste-scenario,Project Vega,disk,2048,326.54,GB,15.94
2025-03-02 15:00:00,mac-waste-scenario,Project Vega,disk,2048,367.71,GB,17.95
2025-03-02 16:00:00,mac-waste-scenario,Project Vega,disk,2048,288.45,GB,14.08
2025-03-02 17:00:00,mac-waste-scenario,Project Vega,disk,2048,373.96,GB,18.26
2025-03-02 18:00:00,mac-waste-scenario,Project Vega,disk,2048,382.86,GB,18.69
2025-03-02 19:00:00,mac-waste-scenario,Project Vega,disk,2048,345.92,GB,16.89
2025-03-02 20:00:00,mac-waste-scenario,Project Vega,disk,2048,404.38,GB,19.75
2025-03-02 21:00:00,mac-waste-scenario,Project Vega,disk,2048,332.71,GB,16.25
2025-03-02 22:00:00,mac-waste-scenario,Project Vega,disk,2048,277.36,GB,13.54
2025-03-02 23:00:00,mac-waste-scenario,Project Vega,disk,2048,328.67,GB,16.05
2025-03-03 00:00:00,mac-waste-scenario,Project Vega,disk,2048,289.15,GB,14.12
2025-03-03 01:00:00,mac-waste-scenario,Project Vega,disk,2048,253.96,GB,12.4
2025-03-03 02:00:00,mac-waste-scenario,Project Vega,disk,2048,255.08,GB,12.46
2025-03-03 03:00:00,mac-waste-scenario,Project Vega,disk,2048,402.07,GB,19.63
2025-03-03 04:00:00,mac-waste-scenario,Project Vega,disk,2048,285.24,GB,13.93
2025-03-03 05:00:00,mac-waste-scenario,Project Vega,disk,2048,306.45,GB,14.96
2025-03-03 06:00:00,mac-waste-scenario,Project Vega,disk,2048,280.29,GB,13.69
2025-03-03 07:00:00,mac-waste-scenario,Project Vega,disk,2048,313.15,GB,15.29
2025-03-03 08:00:00,mac-waste-scenario,Project Vega,disk,2048,297.77,GB,14.54
2025-03-03 09:00:00,mac-waste-scenario,Project Vega,disk,2048,290.77,GB,14.2
2025-03-03 10:00:00,mac-waste-scenario,Project Vega,disk,2048,257.98,GB,12.6
2025-03-03 11:00:00,mac-waste-scenario,Project Vega,disk,2048,249.75,GB,12.19
2025-03-03 12:00:00,mac-waste-scenario,Project Vega,disk,2048,277.18,GB,13.53
2025-03-03 13:00:00,mac-waste-scenario,Project Vega,disk,2048,319.67,GB,15.61
2025-03-03 14:00:00,mac-waste-scenario,Project Vega,disk,2048,392.75,GB,19.18
2025-03-03 15:00:00,mac-waste-scenario,Project Vega,disk,2048,350.87,GB,17.13
2025-03-03 16:00:00,mac-waste-scenario,Project Vega,disk,2048,382.43,GB,18.67
2025-03-03 17:00:00,mac-waste-scenario,Project Vega,disk,2048,327.65,GB,16.0
2025-03-03 18:00:00,mac-waste-scenario,Project Vega,disk,2048,304.24,GB,14.86
2025-03-03 19:00:00,mac-waste-scenario,Project Vega,disk,2048,253.56,GB,12.38
2025-03-03 20:00:00,mac-waste-scenario,Project Vega,disk,2048,307.94,GB,15.04
2025-03-03 21:00:00,mac-waste-scenario,Project Vega,disk,2048,220.03,GB,10.74
2025-03-03 22:00:00,mac-waste-scenario,Project Vega,disk,2048,295.59,GB,14.43
2025-03-03 23:00:00,mac-waste-scenario,Project Vega,disk,2048,374.59,GB,18.29
2025-03-04 00:00:00,mac-waste-scenario,Project Vega,disk,2048,321.4,GB,15.69
2025-03-04 01:00:00,mac-waste-scenario,Project Vega,disk,2048,354.17,GB,17.29
2025-03-04 02:00:00,mac-waste-scenario,Project Vega,disk,2048,292.33,GB,14.27
2025-03-04 03:00:00,mac-waste-scenario,Project Vega,disk,2048,251.63,GB,12.29
2025-03-04 04:00:00,mac-waste-scenario,Project Vega,disk,2048,288.4,GB,14.08
2025-03-04 05:00:00,mac-waste-scenario,Project Vega,disk,2048,291.79,GB,14.25
2025-03-04 06:00:00,mac-waste-scenario,Project Vega,disk,2048,357.44,GB,17.45
2025-03-04 07:00:00,mac-waste-scenario,Project Vega,disk,2048,388.99,GB,18.99
2025-03-04 08:00:00,mac-waste-scenario,Project Vega,disk,2048,277.76,GB,13.56
2025-03-04 09:00:00,mac-waste-scenario,Project Vega,disk,2048,293.4,GB,14.33
2025-03-04 10:00:00,mac-waste-scenario,Project Vega,disk,2048,302.17,GB,14.75
2025-03-04 11:00:00,mac-waste-scenario,Project Vega,disk,2048,293.85,GB,14.35
2025-03-04 12:00:00,mac-waste-scenario,Project Vega,disk,2048,257.21,GB,12.56
2025-03-04 13:00:00,mac-waste-scenario,Project Vega,disk,2048,311.98,GB,15.23
2025-03-04 14:00:00,mac-waste-scenario,Project Vega,disk,2048,323.02,GB,15.77
2025-03-04 15:00:00,mac-waste-scenario,Project Vega,disk,2048,324.01,GB,15.82
2025-03-04 16:00:00,mac-waste-scenario,Project Vega,disk,2048,258.8,GB,12.64
2025-03-04 17:00:00,mac-waste-scenario,Project Vega,disk,2048,303.57,GB,14.82
2025-03-04 18:00:00,mac-waste-scenario,Project Vega,disk,2048,236.98,GB,11.57
2025-03-04 19:00:00,mac-waste-scenario,Project Vega,disk,2048,345.67,GB,16.88
2025-03-04 20:00:00,mac-waste-scenario,Project Vega,disk,2048,266.5,GB,13.01
2025-03-04 21:00:00,mac-waste-scenario,Project Vega,disk,2048,297.04,GB,14.5
2025-03-04 22:00:00,mac-waste-scenario,Project Vega,disk,2048,289.91,GB,14.16
2025-03-04 23:00:00,mac-waste-scenario,Project Vega,disk,2048,284.42,GB,13.89
2025-03-05 00:00:00,mac-waste-scenario,Project Vega,disk,2048,264.95,GB,12.94
2025-03-05 01:00:00,mac-waste-scenario,Project Vega,disk,2048,235.94,GB,11.52
2025-03-05 02:00:00,mac-waste-scenario,Project Vega,disk,2048,379.34,GB,18.52
2025-03-05 03:00:00,mac-waste-scenario,Project Vega,disk,2048,318.84,GB,15.57
2025-03-05 04:00:00,mac-waste-scenario,Project Vega,disk,2048,319.26,GB,15.59
2025-03-05 05:00:00,mac-waste-scenario,Project Vega,disk,2048,394.37,GB,19.26
2025-03-05 06:00:00,mac-waste-scenario,Project Vega,disk,2048,304.29,GB,14.86
2025-03-05 07:00:00,mac-waste-scenario,Project Vega,disk,2048,331.05,GB,16.16
2025-03-05 08:00:00,mac-waste-scenario,Project Vega,disk,2048,309.29,GB,15.1
2025-03-05 09:00:00,mac-waste-scenario,Project Vega,disk,2048,357.07,GB,17.43
2025-03-05 10:00:00,mac-waste-scenario,Project Vega,disk,2048,329.0,GB,16.06
2025-03-05 11:00:00,mac-waste-scenario,Project Vega,disk,2048,321.34,GB,15.69
2025-03-05 12:00:00,mac-waste-scenario,Project Vega,disk,2048,298.01,GB,14.55
2025-03-05 13:00:00,mac-waste-scenario,Project Vega,disk,2048,319.93,GB,15.62
2025-03-05 14:00:00,mac-waste-scenario,Project Vega,disk,2048,356.15,GB,17.39
2025-03-05 15:00:00,mac-waste-scenario,Project Vega,disk,2048,223.42,GB,10.91
2025-03-05 16:00:00,mac-waste-scenario,Project Vega,disk,2048,303.21,GB,14.81
2025-03-05 17:00:00,mac-waste-scenario,Project Vega,disk,2048,291.39,GB,14.23
2025-03-05 18:00:00,mac-waste-scenario,Project Vega,disk,2048,296.21,GB,14.46
2025-03-05 19:00:00,mac-waste-scenario,Project Vega,disk,2048,227.58,GB,11.11
2025-03-05 20:00:00,mac-waste-scenario,Project Vega,disk,2048,338.48,GB,16.53
2025-03-05 21:00:00,mac-waste-scenario,Project Vega,disk,2048,273.89,GB,13.37
2025-03-05 22:00:00,mac-waste-scenario,Project Vega,disk,2048,299.23,GB,14.61
2025-03-05 23:00:00,mac-waste-scenario,Project Vega,disk,2048,287.89,GB,14.06
2025-03-06 00:00:00,mac-waste-scenario,Project Vega,disk,2048,240.13,GB,11.73
2025-03-06 01:00:00,mac-waste-scenario,Project Vega,disk,2048,290.26,GB,14.17
2025-03-06 02:00:00,mac-waste-scenario,Project Vega,disk,2048,233.1,GB,11.38
2025-03-06 03:00:00,mac-waste-scenario,Project Vega,disk,2048,269.93,GB,13.18
2025-03-06 04:00:00,mac-waste-scenario,Project Vega,disk,2048,295.63,GB,14.44
2025-03-06 05:00:00,mac-waste-scenario,Project Vega,disk,2048,308.35,GB,15.06
2025-03-06 06:00:00,mac-waste-scenario,Project Vega,disk,2048,310.81,GB,15.18
2025-03-06 07:00:00,mac-waste-scenario,Project Vega,disk,2048,302.91,GB,14.79
2025-03-06 08:00:00,mac-waste-scenario,Project Vega,disk,2048,396.11,GB,19.34
2025-03-06 09:00:00,mac-waste-scenario,Project Vega,disk,2048,326.39,GB,15.94
2025-03-06 10:00:00,mac-waste-scenario,Project Vega,disk,2048,258.51,GB,12.62
2025-03-06 11:00:00,mac-waste-scenario,Project Vega,disk,2048,283.48,GB,13.84
2025-03-06 12:00:00,mac-waste-scenario,Project Vega,disk,2048,281.63,GB,13.75
2025-03-06 13:00:00,mac-waste-scenario,Project Vega,disk,2048,301.29,GB,14.71
2025-03-06 14:00:00,mac-waste-scenario,Project Vega,disk,2048,283.84,GB,13.86
2025-03-06 15:00:00,mac-waste-scenario,Project Vega,disk,2048,273.52,GB,13.36
2025-03-06 16:00:00,mac-waste-scenario,Project Vega,disk,2048,376.11,GB,18.36
2025-03-06 17:00:00,mac-waste-scenario,Project Vega,disk,2048,310.36,GB,15.15
2025-03-06 18:00:00,mac-waste-scenario,Project Vega,disk,2048,294.75,GB,14.39
2025-03-06 19:00:00,mac-waste-scenario,Project Vega,disk,2048,298.23,GB,14.56
2025-03-06 20:00:00,mac-waste-scenario,Project Vega,disk,2048,299.69,GB,14.63
2025-03-06 21:00:00,mac-waste-scenario,Project Vega,disk,2048,365.62,GB,17.85
2025-03-06 22:00:00,mac-waste-scenario,Project Vega,disk,2048,328.17,GB,16.02
2025-03-06 23:00:00,mac-waste-scenario,Project Vega,disk,2048,354.58,GB,17.31
2025-03-07 00:00:00,mac-waste-scenario,Project Vega,disk,2048,180.87,GB,8.83
2025-03-07 01:00:00,mac-waste-scenario,Project Vega,disk,2048,321.95,GB,15.72
2025-03-07 02:00:00,mac-waste-scenario,Project Vega,disk,2048,351.99,GB,17.19
2025-03-07 03:00:00,mac-waste-scenario,Project Vega,disk,2048,389.44,GB,19.02
2025-03-07 04:00:00,mac-waste-scenario,Project Vega,disk,2048,309.82,GB,15.13
2025-03-07 05:00:00,mac-waste-scenario,Project Vega,disk,2048,238.3,GB,11.64
2025-03-07 06:00:00,mac-waste-scenario,Project Vega,disk,2048,332.75,GB,16.25
2025-03-07 07:00:00,mac-waste-scenario,Project Vega,disk,2048,284.09,GB,13.87
2025-03-07 08:00:00,mac-waste-scenario,Project Vega,disk,2048,235.24,GB,11.49
2025-03-07 09:00:00,mac-waste-scenario,Project Vega,disk,2048,283.29,GB,13.83
2025-03-07 10:00:00,mac-waste-scenario,Project Vega,disk,2048,351.9,GB,17.18
2025-03-07 11:00:00,mac-waste-scenario,Project Vega,disk,2048,357.88,GB,17.47
2025-03-07 12:00:00,mac-waste-scenario,Project Vega,disk,2048,338.21,GB,16.51
2025-03-07 13:00:00,mac-waste-scenario,Project Vega,disk,2048,265.73,GB,12.98
2025-03-07 14:00:00,mac-waste-scenario,Project Vega,disk,2048,411.77,GB,20.11
2025-03-07 15:00:00,mac-waste-scenario,Project Vega,disk,2048,260.78,GB,12.73
2025-03-07 16:00:00,mac-waste-scenario,Project Vega,disk,2048,305.5,GB,14.92
2025-03-07 17:00:00,mac-waste-scenario,Project Vega,disk,2048,249.51,GB,12.18
2025-03-07 18:00:00,mac-waste-scenario,Project Vega,disk,2048,362.66,GB,17.71
2025-03-07 19:00:00,mac-waste-scenario,Project Vega,disk,2048,326.98,GB,15.97
2025-03-07 20:00:00,mac-waste-scenario,Project Vega,disk,2048,345.11,GB,16.85
2025-03-07 21:00:00,mac-waste-scenario,Project Vega,disk,2048,312.44,GB,15.26
2025-03-07 22:00:00,mac-waste-scenario,Project Vega,disk,2048,305.96,GB,14.94
2025-03-07 23:00:00,mac-waste-scenario,Project Vega,disk,2048,315.91,GB,15.43
2025-03-08 00:00:00,mac-waste-scenario,Project Vega,disk,2048,231.43,GB,11.3
2025-03-08 01:00:00,mac-waste-scenario,Project Vega,disk,2048,349.51,GB,17.07
2025-03-08 02:00:00,mac-waste-scenario,Project Vega,disk,2048,346.21,GB,16.9
2025-03-08 03:00:00,mac-waste-scenario,Project Vega,disk,2048,292.74,GB,14.29
2025-03-08 04:00:00,mac-waste-scenario,Project Vega,disk,2048,308.31,GB,15.05
2025-03-08 05:00:00,mac-waste-scenario,Project Vega,disk,2048,321.11,GB,15.68
2025-03-08 06:00:00,mac-waste-scenario,Project Vega,disk,2048,373.16,GB,18.22
2025-03-08 07:00:00,mac-waste-scenario,Project Vega,disk,2048,326.55,GB,15.95
2025-03-08 08:00:00,mac-waste-scenario,Project Vega,disk,2048,310.62,GB,15.17
2025-03-08 09:00:00,mac-waste-scenario,Project Vega,disk,2048,288.04,GB,14.06
2025-03-08 10:00:00,mac-waste-scenario,Project Vega,disk,2048,247.32,GB,12.08
2025-03-08 11:00:00,mac-waste-scenario,Project Vega,disk,2048,284.5,GB,13.89
2025-03-08 12:00:00,mac-waste-scenario,Project Vega,disk,2048,311.86,GB,15.23
2025-03-08 13:00:00,mac-waste-scenario,Project Vega,disk,2048,298.62,GB,14.58
2025-03-08 14:00:00,mac-waste-scenario,Project Vega,disk,2048,312.06,GB,15.24
2025-03-08 15:00:00,mac-waste-scenario,Project Vega,disk,2048,339.51,GB,16.58
2025-03-08 16:00:00,mac-waste-scenario,Project Vega,disk,2048,326.83,GB,15.96
2025-03-08 17:00:00,mac-waste-scenario,Project Vega,disk,2048,320.28,GB,15.64
2025-03-08 18:00:00,mac-waste-scenario,Project Vega,disk,2048,335.9,GB,16.4
2025-03-08 19:00:00,mac-waste-scenario,Project Vega,disk,2048,316.67,GB,15.46
2025-03-08 20:00:00,mac-waste-scenario,Project Vega,disk,2048,307.78,GB,15.03
2025-03-08 21:00:00,mac-waste-scenario,Project Vega,disk,2048,328.3,GB,16.03
2025-03-08 22:00:00,mac-waste-scenario,Project Vega,disk,2048,238.3,GB,11.64
2025-03-08 23:00:00,mac-waste-scenario,Project Vega,disk,2048,360.39,GB,17.6
2025-03-09 00:00:00,mac-waste-scenario,Project Vega,disk,2048,256.29,GB,12.51
2025-03-09 01:00:00,mac-waste-scenario,Project Vega,disk,2048,343.39,GB,16.77
2025-03-09 02:00:00,mac-waste-scenario,Project Vega,disk,2048,309.65,GB,15.12
2025-03-09 03:00:00,mac-waste-scenario,Project Vega,disk,2048,354.52,GB,17.31
2025-03-09 04:00:00,mac-waste-scenario,Project Vega,disk,2048,310.59,GB,15.17
2025-03-09 05:00:00,mac-waste-scenario,Project Vega,disk,2048,270.49,GB,13.21
2025-03-09 06:00:00,mac-waste-scenario,Project Vega,disk,2048,353.15,GB,17.24
2025-03-09 07:00:00,mac-waste-scenario,Project Vega,disk,2048,316.76,GB,15.47
2025-03-09 08:00:00,mac-waste-scenario,Project Vega,disk,2048,314.06,GB,15.34
2025-03-09 09:00:00,mac-waste-scenario,Project Vega,disk,2048,312.54,GB,15.26
2025-03-09 10:00:00,mac-waste-scenario,Project Vega,disk,2048,350.25,GB,17.1
2025-03-09 11:00:00,mac-waste-scenario,Project Vega,disk,2048,342.74,GB,16.74
2025-03-09 12:00:00,mac-waste-scenario,Project Vega,disk,2048,318.69,GB,15.56
2025-03-09 13:00:00,mac-waste-scenario,Project Vega,disk,2048,245.75,GB,12.0
2025-03-09 14:00:00,mac-waste-scenario,Project Vega,disk,2048,292.74,GB,14.29
2025-03-09 15:00:00,mac-waste-scenario,Project Vega,disk,2048,313.63,GB,15.31
2025-03-09 16:00:00,mac-waste-scenario,Project Vega,disk,2048,382.84,GB,18.69
2025-03-09 17:00:00,mac-waste-scenario,Project Vega,disk,2048,325.08,GB,15.87
2025-03-09 18:00:00,mac-waste-scenario,Project Vega,disk,2048,305.57,GB,14.92
2025-03-09 19:00:00,mac-waste-scenario,Project Vega,disk,2048,358.34,GB,17.5
2025-03-09 20:00:00,mac-waste-scenario,Project Vega,disk,2048,304.8,GB,14.88
2025-03-09 21:00:00,mac-waste-scenario,Project Vega,disk,2048,308.23,GB,15.05
2025-03-09 22:00:00,mac-waste-scenario,Project Vega,disk,2048,315.82,GB,15.42
2025-03-09 23:00:00,mac-waste-scenario,Project Vega,disk,2048,248.04,GB,12.11
2025-03-10 00:00:00,mac-waste-scenario,Project Vega,disk,2048,348.62,GB,17.02
2025-03-10 01:00:00,mac-waste-scenario,Project Vega,disk,2048,326.85,GB,15.96
2025-03-10 02:00:00,mac-waste-scenario,Project Vega,disk,2048,297.84,GB,14.54
2025-03-10 03:00:00,mac-waste-scenario,Project Vega,disk,2048,262.64,GB,12.82
2025-03-10 04:00:00,mac-waste-scenario,Project Vega,disk,2048,318.18,GB,15.54
2025-03-10 05:00:00,mac-waste-scenario,Project Vega,disk,2048,366.78,GB,17.91
2025-03-10 06:00:00,mac-waste-scenario,Project Vega,disk,2048,283.18,GB,13.83
2025-03-10 07:00:00,mac-waste-scenario,Project Vega,disk,2048,265.97,GB,12.99
2025-03-10 08:00:00,mac-waste-scenario,Project Vega,disk,2048,326.67,GB,15.95
2025-03-10 09:00:00,mac-waste-scenario,Project Vega,disk,2048,244.07,GB,11.92
2025-03-10 10:00:00,mac-waste-scenario,Project Vega,disk,2048,218.49,GB,10.67
2025-03-10 11:00:00,mac-waste-scenario,Project Vega,disk,2048,291.27,GB,14.22
2025-03-10 12:00:00,mac-waste-scenario,Project Vega,disk,2048,281.22,GB,13.73
2025-03-10 13:00:00,mac-waste-scenario,Project Vega,disk,2048,298.15,GB,14.56
2025-03-10 14:00:00,mac-waste-scenario,Project Vega,disk,2048,286.92,GB,14.01
2025-03-10 15:00:00,mac-waste-scenario,Project Vega,disk,2048,323.13,GB,15.78
2025-03-10 16:00:00,mac-waste-scenario,Project Vega,disk,2048,300.47,GB,14.67
2025-03-10 17:00:00,mac-waste-scenario,Project Vega,disk,2048,285.0,GB,13.92
2025-03-10 18:00:00,mac-waste-scenario,Project Vega,disk,2048,290.79,GB,14.2
2025-03-10 19:00:00,mac-waste-scenario,Project Vega,disk,2048,335.41,GB,16.38
2025-03-10 20:00:00,mac-waste-scenario,Project Vega,disk,2048,348.81,GB,17.03
2025-03-10 21:00:00,mac-waste-scenario,Project Vega,disk,2048,346.59,GB,16.92
2025-03-10 22:00:00,mac-waste-scenario,Project Vega,disk,2048,338.12,GB,16.51
2025-03-10 23:00:00,mac-waste-scenario,Project Vega,disk,2048,174.49,GB,8.52
2025-03-11 00:00:00,mac-waste-scenario,Project Vega,disk,2048,268.54,GB,13.11
2025-03-11 01:00:00,mac-waste-scenario,Project Vega,disk,2048,296.7,GB,14.49
2025-03-11 02:00:00,mac-waste-scenario,Project Vega,disk,2048,318.02,GB,15.53
2025-03-11 03:00:00,mac-waste-scenario,Project Vega,disk,2048,243.35,GB,11.88
2025-03-11 04:00:00,mac-waste-scenario,Project Vega,disk,2048,367.86,GB,17.96
2025-03-11 05:00:00,mac-waste-scenario,Project Vega,disk,2048,322.04,GB,15.72
2025-03-11 06:00:00,mac-waste-scenario,Project Vega,disk,2048,284.18,GB,13.88
2025-03-11 07:00:00,mac-waste-scenario,Project Vega,disk,2048,316.33,GB,15.45
2025-03-11 08:00:00,mac-waste-scenario,Project Vega,disk,2048,295.45,GB,14.43
2025-03-11 09:00:00,mac-waste-scenario,Project Vega,disk,2048,278.52,GB,13.6
2025-03-11 10:00:00,mac-waste-scenario,Project Vega,disk,2048,330.37,GB,16.13
2025-03-11 11:00:00,mac-waste-scenario,Project Vega,disk,2048,291.07,GB,14.21
2025-03-11 12:00:00,mac-waste-scenario,Project Vega,disk,2048,251.84,GB,12.3
2025-03-11 13:00:00,mac-waste-scenario,Project Vega,disk,2048,283.65,GB,13.85
2025-03-11 14:00:00,mac-waste-scenario,Project Vega,disk,2048,304.98,GB,14.89
2025-03-11 15:00:00,mac-waste-scenario,Project Vega,disk,2048,265.45,GB,12.96
2025-03-11 16:00:00,mac-waste-scenario,Project Vega,disk,2048,361.35,GB,17.64
2025-03-11 17:00:00,mac-waste-scenario,Project Vega,disk,2048,265.08,GB,12.94
2025-03-11 18:00:00,mac-waste-scenario,Project Vega,disk,2048,381.68,GB,18.64
2025-03-11 19:00:00,mac-waste-scenario,Project Vega,disk,2048,346.35,GB,16.91
2025-03-11 20:00:00,mac-waste-scenario,Project Vega,disk,2048,271.16,GB,13.24
2025-03-11 21:00:00,mac-waste-scenario,Project Vega,disk,2048,315.07,GB,15.38
2025-03-11 22:00:00,mac-waste-scenario,Project Vega,disk,2048,358.17,GB,17.49
2025-03-11 23:00:00,mac-waste-scenario,Project Vega,disk,2048,301.94,GB,14.74
2025-03-12 00:00:00,mac-waste-scenario,Project Vega,disk,2048,260.92,GB,12.74
2025-03-12 01:00:00,mac-waste-scenario,Project Vega,disk,2048,314.37,GB,15.35
2025-03-12 02:00:00,mac-waste-scenario,Project Vega,disk,2048,391.32,GB,19.11
2025-03-12 03:00:00,mac-waste-scenario,Project Vega,disk,2048,248.78,GB,12.15
2025-03-12 04:00:00,mac-waste-scenario,Project Vega,disk,2048,332.55,GB,16.24
2025-03-12 05:00:00,mac-waste-scenario,Project Vega,disk,2048,310.25,GB,15.15
2025-03-12 06:00:00,mac-waste-scenario,Project Vega,disk,2048,305.04,GB,14.89
2025-03-12 07:00:00,mac-waste-scenario,Project Vega,disk,2048,293.92,GB,14.35
2025-03-12 08:00:00,mac-waste-scenario,Project Vega,disk,2048,296.82,GB,14.49
2025-03-12 09:00:00,mac-waste-scenario,Project Vega,disk,2048,352.42,GB,17.21
2025-03-12 10:00:00,mac-waste-scenario,Project Vega,disk,2048,334.38,GB,16.33
2025-03-12 11:00:00,mac-waste-scenario,Project Vega,disk,2048,269.1,GB,13.14
2025-03-12 12:00:00,mac-waste-scenario,Project Vega,disk,2048,373.81,GB,18.25
2025-03-12 13:00:00,mac-waste-scenario,Project Vega,disk,2048,256.84,GB,12.54
2025-03-12 14:00:00,mac-waste-scenario,Project Vega,disk,2048,337.14,GB,16.46
2025-03-12 15:00:00,mac-waste-scenario,Project Vega,disk,2048,317.53,GB,15.5
2025-03-12 16:00:00,mac-waste-scenario,Project Vega,disk,2048,359.11,GB,17.53
2025-03-12 17:00:00,mac-waste-scenario,Project Vega,disk,2048,324.62,GB,15.85
2025-03-12 18:00:00,mac-waste-scenario,Project Vega,disk,2048,353.3,GB,17.25
2025-03-12 19:00:00,mac-waste-scenario,Project Vega,disk,2048,309.06,GB,15.09
2025-03-12 20:00:00,mac-waste-scenario,Project Vega,disk,2048,349.92,GB,17.09
2025-03-12 21:00:00,mac-waste-scenario,Project Vega,disk,2048,324.19,GB,15.83
2025-03-12 22:00:00,mac-waste-scenario,Project Vega,disk,2048,398.12,GB,19.44
2025-03-12 23:00:00,mac-waste-scenario,Project Vega,disk,2048,281.61,GB,13.75
2025-03-13 00:00:00,mac-waste-scenario,Project Vega,disk,2048,359.03,GB,17.53
2025-03-13 01:00:00,mac-waste-scenario,Project Vega,disk,2048,329.15,GB,16.07
2025-03-13 02:00:00,mac-waste-scenario,Project Vega,disk,2048,317.36,GB,15.5
2025-03-13 03:00:00,mac-waste-scenario,Project Vega,disk,2048,286.94,GB,14.01
2025-03-13 04:00:00,mac-waste-scenario,Project Vega,disk,2048,328.48,GB,16.04
2025-03-13 05:00:00,mac-waste-scenario,Project Vega,disk,2048,249.8,GB,12.2
2025-03-13 06:00:00,mac-waste-scenario,Project Vega,disk,2048,254.11,GB,12.41
2025-03-13 07:00:00,mac-waste-scenario,Project Vega,disk,2048,339.34,GB,16.57
2025-03-13 08:00:00,mac-waste-scenario,Project Vega,disk,2048,246.5,GB,12.04
2025-03-13 09:00:00,mac-waste-scenario,Project Vega,disk,2048,369.05,GB,18.02
2025-03-13 10:00:00,mac-waste-scenario,Project Vega,disk,2048,298.97,GB,14.6
2025-03-13 11:00:00,mac-waste-scenario,Project Vega,disk,2048,320.44,GB,15.65
2025-03-13 12:00:00,mac-waste-scenario,Project Vega,disk,2048,313.31,GB,15.3
2025-03-13 13:00:00,mac-waste-scenario,Project Vega,disk,2048,327.45,GB,15.99
2025-03-13 14:00:00,mac-waste-scenario,Project Vega,disk,2048,298.81,GB,14.59
2025-03-13 15:00:00,mac-waste-scenario,Project Vega,disk,2048,295.2,GB,14.41
2025-03-13 16:00:00,mac-waste-scenario,Project Vega,disk,2048,305.1,GB,14.9
2025-03-13 17:00:00,mac-waste-scenario,Project Vega,disk,2048,353.25,GB,17.25
2025-03-13 18:00:00,mac-waste-scenario,Project Vega,disk,2048,356.7,GB,17.42
2025-03-13 19:00:00,mac-waste-scenario,Project Vega,disk,2048,362.46,GB,17.7
2025-03-13 20:00:00,mac-waste-scenario,Project Vega,disk,2048,325.25,GB,15.88
2025-03-13 21:00:00,mac-waste-scenario,Project Vega,disk,2048,302.08,GB,14.75
2025-03-13 22:00:00,mac-waste-scenario,Project Vega,disk,2048,241.5,GB,11.79
2025-03-13 23:00:00,mac-waste-scenario,Project Vega,disk,2048,336.64,GB,16.44
2025-03-14 00:00:00,mac-waste-scenario,Project Vega,disk,2048,344.74,GB,16.83
2025-03-14 01:00:00,mac-waste-scenario,Project Vega,disk,2048,293.79,GB,14.35
2025-03-14 02:00:00,mac-waste-scenario,Project Vega,disk,2048,343.37,GB,16.77
2025-03-14 03:00:00,mac-waste-scenario,Project Vega,disk,2048,363.11,GB,17.73
2025-03-14 04:00:00,mac-waste-scenario,Project Vega,disk,2048,314.19,GB,15.34
2025-03-14 05:00:00,mac-waste-scenario,Project Vega,disk,2048,353.61,GB,17.27
2025-03-14 06:00:00,mac-waste-scenario,Project Vega,disk,2048,322.93,GB,15.77
2025-03-14 07:00:00,mac-waste-scenario,Project Vega,disk,2048,239.27,GB,11.68
2025-03-14 08:00:00,mac-waste-scenario,Project Vega,disk,2048,290.97,GB,14.21
2025-03-14 09:00:00,mac-waste-scenario,Project Vega,disk,2048,293.54,GB,14.33
2025-03-14 10:00:00,mac-waste-scenario,Project Vega,disk,2048,332.02,GB,16.21
2025-03-14 11:00:00,mac-waste-scenario,Project Vega,disk,2048,274.97,GB,13.43
2025-03-14 12:00:00,mac-waste-scenario,Project Vega,disk,2048,292.36,GB,14.28
2025-03-14 13:00:00,mac-waste-scenario,Project Vega,disk,2048,270.92,GB,13.23
2025-03-14 14:00:00,mac-waste-scenario,Project Vega,disk,2048,308.76,GB,15.08
2025-03-14 15:00:00,mac-waste-scenario,Project Vega,disk,2048,313.2,GB,15.29
2025-03-14 16:00:00,mac-waste-scenario,Project Vega,disk,2048,350.26,GB,17.1
2025-03-14 17:00:00,mac-waste-scenario,Project Vega,disk,2048,342.99,GB,16.75
2025-03-14 18:00:00,mac-waste-scenario,Project Vega,disk,2048,317.09,GB,15.48
2025-03-14 19:00:00,mac-waste-scenario,Project Vega,disk,2048,320.23,GB,15.64
2025-03-14 20:00:00,mac-waste-scenario,Project Vega,disk,2048,314.81,GB,15.37
2025-03-14 21:00:00,mac-waste-scenario,Project Vega,disk,2048,314.96,GB,15.38
2025-03-14 22:00:00,mac-waste-scenario,Project Vega,disk,2048,373.7,GB,18.25
2025-03-14 23:00:00,mac-waste-scenario,Project Vega,disk,2048,208.52,GB,10.18
2025-03-15 00:00:00,mac-waste-scenario,Project Vega,disk,2048,303.16,GB,14.8
2025-03-15 01:00:00,mac-waste-scenario,Project Vega,disk,2048,323.16,GB,15.78
2025-03-15 02:00:00,mac-waste-scenario,Project Vega,disk,2048,356.63,GB,17.41
2025-03-15 03:00:00,mac-waste-scenario,Project Vega,disk,2048,265.53,GB,12.97
2025-03-15 04:00:00,mac-waste-scenario,Project Vega,disk,2048,324.56,GB,15.85
2025-03-15 05:00:00,mac-waste-scenario,Project Vega,disk,2048,345.66,GB,16.88
2025-03-15 06:00:00,mac-waste-scenario,Project Vega,disk,2048,292.11,GB,14.26
2025-03-15 07:00:00,mac-waste-scenario,Project Vega,disk,2048,232.17,GB,11.34
2025-03-15 08:00:00,mac-waste-scenario,Project Vega,disk,2048,295.62,GB,14.43
2025-03-15 09:00:00,mac-waste-scenario,Project Vega,disk,2048,261.17,GB,12.75
2025-03-15 10:00:00,mac-waste-scenario,Project Vega,disk,2048,337.02,GB,16.46
2025-03-15 11:00:00,mac-waste-scenario,Project Vega,disk,2048,275.51,GB,13.45
2025-03-15 12:00:00,mac-waste-scenario,Project Vega,disk,2048,383.29,GB,18.72
2025-03-15 13:00:00,mac-waste-scenario,Project Vega,disk,2048,316.15,GB,15.44
2025-03-15 14:00:00,mac-waste-scenario,Project Vega,disk,2048,277.37,GB,13.54
2025-03-15 15:00:00,mac-waste-scenario,Project Vega,disk,2048,289.69,GB,14.15
2025-03-15 16:00:00,mac-waste-scenario,Project Vega,disk,2048,265.62,GB,12.97
2025-03-15 17:00:00,mac-waste-scenario,Project Vega,disk,2048,326.31,GB,15.93
2025-03-15 18:00:00,mac-waste-scenario,Project Vega,disk,2048,371.44,GB,18.14
2025-03-15 19:00:00,mac-waste-scenario,Project Vega,disk,2048,301.53,GB,14.72
2025-03-15 20:00:00,mac-waste-scenario,Project Vega,disk,2048,348.24,GB,17.0
2025-03-15 21:00:00,mac-waste-scenario,Project Vega,disk,2048,271.76,GB,13.27
2025-03-15 22:00:00,mac-waste-scenario,Project Vega,disk,2048,322.98,GB,15.77
2025-03-15 23:00:00,mac-waste-scenario,Project Vega,disk,2048,404.73,GB,19.76
2025-03-16 00:00:00,mac-waste-scenario,Project Vega,disk,2048,252.78,GB,12.34
2025-03-16 01:00:00,mac-waste-scenario,Project Vega,disk,2048,360.83,GB,17.62
2025-03-16 02:00:00,mac-waste-scenario,Project Vega,disk,2048,358.43,GB,17.5
2025-03-16 03:00:00,mac-waste-scenario,Project Vega,disk,2048,233.35,GB,11.39
2025-03-16 04:00:00,mac-waste-scenario,Project Vega,disk,2048,251.61,GB,12.29
2025-03-16 05:00:00,mac-waste-scenario,Project Vega,disk,2048,270.37,GB,13.2
2025-03-16 06:00:00,mac-waste-scenario,Project Vega,disk,2048,350.03,GB,17.09
2025-03-16 07:00:00,mac-waste-scenario,Project Vega,disk,2048,292.79,GB,14.3
2025-03-16 08:00:00,mac-waste-scenario,Project Vega,disk,2048,303.49,GB,14.82
2025-03-16 09:00:00,mac-waste-scenario,Project Vega,disk,2048,339.32,GB,16.57
2025-03-16 10:00:00,mac-waste-scenario,Project Vega,disk,2048,315.18,GB,15.39
2025-03-16 11:00:00,mac-waste-scenario,Project Vega,disk,2048,319.59,GB,15.6
2025-03-16 12:00:00,mac-waste-scenario,Project Vega,disk,2048,297.18,GB,14.51
2025-03-16 13:00:00,mac-waste-scenario,Project Vega,disk,2048,356.38,GB,17.4
2025-03-16 14:00:00,mac-waste-scenario,Project Vega,disk,2048,278.47,GB,13.6
2025-03-16 15:00:00,mac-waste-scenario,Project Vega,disk,2048,378.94,GB,18.5
2025-03-16 16:00:00,mac-waste-scenario,Project Vega,disk,2048,296.48,GB,14.48
2025-03-16 17:00:00,mac-waste-scenario,Project Vega,disk,2048,277.64,GB,13.56
2025-03-16 18:00:00,mac-waste-scenario,Project Vega,disk,2048,336.79,GB,16.44
2025-03-16 19:00:00,mac-waste-scenario,Project Vega,disk,2048,328.77,GB,16.05
2025-03-16 20:00:00,mac-waste-scenario,Project Vega,disk,2048,229.18,GB,11.19
2025-03-16 21:00:00,mac-waste-scenario,Project Vega,disk,2048,319.35,GB,15.59
2025-03-16 22:00:00,mac-waste-scenario,Project Vega,disk,2048,254.98,GB,12.45
2025-03-16 23:00:00,mac-waste-scenario,Project Vega,disk,2048,276.3,GB,13.49
2025-03-17 00:00:00,mac-waste-scenario,Project Vega,disk,2048,342.49,GB,16.72
2025-03-17 01:00:00,mac-waste-scenario,Project Vega,disk,2048,274.93,GB,13.42
2025-03-17 02:00:00,mac-waste-scenario,Project Vega,disk,2048,324.79,GB,15.86
2025-03-17 03:00:00,mac-waste-scenario,Project Vega,disk,2048,294.67,GB,14.39
2025-03-17 04:00:00,mac-waste-scenario,Project Vega,disk,2048,389.39,GB,19.01
2025-03-17 05:00:00,mac-waste-scenario,Project Vega,disk,2048,306.26,GB,14.95
2025-03-17 06:00:00,mac-waste-scenario,Project Vega,disk,2048,262.05,GB,12.8
2025-03-17 07:00:00,mac-waste-scenario,Project Vega,disk,2048,264.92,GB,12.94
2025-03-17 08:00:00,mac-waste-scenario,Project Vega,disk,2048,273.04,GB,13.33
2025-03-17 09:00:00,mac-waste-scenario,Project Vega,disk,2048,315.34,GB,15.4
2025-03-17 10:00:00,mac-waste-scenario,Project Vega,disk,2048,309.97,GB,15.14
2025-03-17 11:00:00,mac-waste-scenario,Project Vega,disk,2048,349.77,GB,17.08
2025-03-17 12:00:00,mac-waste-scenario,Project Vega,disk,2048,316.9,GB,15.47
2025-03-17 13:00:00,mac-waste-scenario,Project Vega,disk,2048,315.3,GB,15.4
2025-03-17 14:00:00,mac-waste-scenario,Project Vega,disk,2048,323.28,GB,15.79
2025-03-17 15:00:00,mac-waste-scenario,Project Vega,disk,2048,304.69,GB,14.88
2025-03-17 16:00:00,mac-waste-scenario,Project Vega,disk,2048,321.95,GB,15.72
2025-03-17 17:00:00,mac-waste-scenario,Project Vega,disk,2048,342.03,GB,16.7
2025-03-17 18:00:00,mac-waste-scenario,Project Vega,disk,2048,342.02,GB,16.7
2025-03-17 19:00:00,mac-waste-scenario,Project Vega,disk,2048,287.59,GB,14.04
2025-03-17 20:00:00,mac-waste-scenario,Project Vega,disk,2048,237.49,GB,11.6
2025-03-17 21:00:00,mac-waste-scenario,Project Vega,disk,2048,276.79,GB,13.51
2025-03-17 22:00:00,mac-waste-scenario,Project Vega,disk,2048,321.42,GB,15.69
2025-03-17 23:00:00,mac-waste-scenario,Project Vega,disk,2048,207.92,GB,10.15
2025-03-18 00:00:00,mac-waste-scenario,Project Vega,disk,2048,290.36,GB,14.18
2025-03-18 01:00:00,mac-waste-scenario,Project Vega,disk,2048,328.22,GB,16.03
2025-03-18 02:00:00,mac-waste-scenario,Project Vega,disk,2048,286.7,GB,14.0
2025-03-18 03:00:00,mac-waste-scenario,Project Vega,disk,2048,263.98,GB,12.89
2025-03-18 04:00:00,mac-waste-scenario,Project Vega,disk,2048,381.6,GB,18.63
2025-03-18 05:00:00,mac-waste-scenario,Project Vega,disk,2048,366.47,GB,17.89
2025-03-18 06:00:00,mac-waste-scenario,Project Vega,disk,2048,299.15,GB,14.61
2025-03-18 07:00:00,mac-waste-scenario,Project Vega,disk,2048,363.88,GB,17.77
2025-03-18 08:00:00,mac-waste-scenario,Project Vega,disk,2048,362.88,GB,17.72
2025-03-18 09:00:00,mac-waste-scenario,Project Vega,disk,2048,263.4,GB,12.86
2025-03-18 10:00:00,mac-waste-scenario,Project Vega,disk,2048,419.44,GB,20.48
2025-03-18 11:00:00,mac-waste-scenario,Project Vega,disk,2048,271.26,GB,13.25
2025-03-18 12:00:00,mac-waste-scenario,Project Vega,disk,2048,298.85,GB,14.59
2025-03-18 13:00:00,mac-waste-scenario,Project Vega,disk,2048,264.73,GB,12.93
2025-03-18 14:00:00,mac-waste-scenario,Project Vega,disk,2048,312.76,GB,15.27
2025-03-18 15:00:00,mac-waste-scenario,Project Vega,disk,2048,255.71,GB,12.49
2025-03-18 16:00:00,mac-waste-scenario,Project Vega,disk,2048,309.25,GB,15.1
2025-03-18 17:00:00,mac-waste-scenario,Project Vega,disk,2048,353.86,GB,17.28
2025-03-18 18:00:00,mac-waste-scenario,Project Vega,disk,2048,318.25,GB,15.54
2025-03-18 19:00:00,mac-waste-scenario,Project Vega,disk,2048,298.65,GB,14.58
2025-03-18 20:00:00,mac-waste-scenario,Project Vega,disk,2048,372.77,GB,18.2
2025-03-18 21:00:00,mac-waste-scenario,Project Vega,disk,2048,272.73,GB,13.32
2025-03-18 22:00:00,mac-waste-scenario,Project Vega,disk,2048,349.08,GB,17.04
2025-03-18 23:00:00,mac-waste-scenario,Project Vega,disk,2048,297.03,GB,14.5
2025-03-19 00:00:00,mac-waste-scenario,Project Vega,disk,2048,318.23,GB,15.54
2025-03-19 01:00:00,mac-waste-scenario,Project Vega,disk,2048,310.66,GB,15.17
2025-03-19 02:00:00,mac-waste-scenario,Project Vega,disk,2048,314.59,GB,15.36
2025-03-19 03:00:00,mac-waste-scenario,Project Vega,disk,2048,307.15,GB,15.0
2025-03-19 04:00:00,mac-waste-scenario,Project Vega,disk,2048,277.27,GB,13.54
2025-03-19 05:00:00,mac-waste-scenario,Project Vega,disk,2048,285.99,GB,13.96
2025-03-19 06:00:00,mac-waste-scenario,Project Vega,disk,2048,327.34,GB,15.98
2025-03-19 07:00:00,mac-waste-scenario,Project Vega,disk,2048,304.81,GB,14.88
2025-03-19 08:00:00,mac-waste-scenario,Project Vega,disk,2048,261.57,GB,12.77
2025-03-19 09:00:00,mac-waste-scenario,Project Vega,disk,2048,280.28,GB,13.69
2025-03-19 10:00:00,mac-waste-scenario,Project Vega,disk,2048,280.77,GB,13.71
2025-03-19 11:00:00,mac-waste-scenario,Project Vega,disk,2048,306.86,GB,14.98
2025-03-19 12:00:00,mac-waste-scenario,Project Vega,disk,2048,316.38,GB,15.45
2025-03-19 13:00:00,mac-waste-scenario,Project Vega,disk,2048,312.77,GB,15.27
2025-03-19 14:00:00,mac-waste-scenario,Project Vega,disk,2048,282.24,GB,13.78
2025-03-19 15:00:00,mac-waste-scenario,Project Vega,disk,2048,309.71,GB,15.12
2025-03-19 16:00:00,mac-waste-scenario,Project Vega,disk,2048,252.9,GB,12.35
2025-03-19 17:00:00,mac-waste-scenario,Project Vega,disk,2048,190.81,GB,9.32
2025-03-19 18:00:00,mac-waste-scenario,Project Vega,disk,2048,306.64,GB,14.97
2025-03-19 19:00:00,mac-waste-scenario,Project Vega,disk,2048,241.13,GB,11.77
2025-03-19 20:00:00,mac-waste-scenario,Project Vega,disk,2048,270.05,GB,13.19
2025-03-19 21:00:00,mac-waste-scenario,Project Vega,disk,2048,259.4,GB,12.67
2025-03-19 22:00:00,mac-waste-scenario,Project Vega,disk,2048,334.49,GB,16.33
2025-03-19 23:00:00,mac-waste-scenario,Project Vega,disk,2048,259.15,GB,12.65
2025-03-20 00:00:00,mac-waste-scenario,Project Vega,disk,2048,319.94,GB,15.62
2025-03-20 01:00:00,mac-waste-scenario,Project Vega,disk,2048,288.57,GB,14.09
2025-03-20 02:00:00,mac-waste-scenario,Project Vega,disk,2048,257.91,GB,12.59
2025-03-20 03:00:00,mac-waste-scenario,Project Vega,disk,2048,244.0,GB,11.91
2025-03-20 04:00:00,mac-waste-scenario,Project Vega,disk,2048,327.36,GB,15.98
2025-03-20 05:00:00,mac-waste-scenario,Project Vega,disk,2048,324.21,GB,15.83
2025-03-20 06:00:00,mac-waste-scenario,Project Vega,disk,2048,340.05,GB,16.6
2025-03-20 07:00:00,mac-waste-scenario,Project Vega,disk,2048,383.32,GB,18.72
2025-03-20 08:00:00,mac-waste-scenario,Project Vega,disk,2048,319.4,GB,15.6
2025-03-20 09:00:00,mac-waste-scenario,Project Vega,disk,2048,319.74,GB,15.61
2025-03-20 10:00:00,mac-waste-scenario,Project Vega,disk,2048,303.13,GB,14.8
2025-03-20 11:00:00,mac-waste-scenario,Project Vega,disk,2048,312.47,GB,15.26
2025-03-20 12:00:00,mac-waste-scenario,Project Vega,disk,2048,293.76,GB,14.34
2025-03-20 13:00:00,mac-waste-scenario,Project Vega,disk,2048,271.43,GB,13.25
2025-03-20 14:00:00,mac-waste-scenario,Project Vega,disk,2048,389.68,GB,19.03
2025-03-20 15:00:00,mac-waste-scenario,Project Vega,disk,2048,231.72,GB,11.31
2025-03-20 16:00:00,mac-waste-scenario,Project Vega,disk,2048,318.34,GB,15.54
2025-03-20 17:00:00,mac-waste-scenario,Project Vega,disk,2048,326.04,GB,15.92
2025-03-20 18:00:00,mac-waste-scenario,Project Vega,disk,2048,314.02,GB,15.33
2025-03-20 19:00:00,mac-waste-scenario,Project Vega,disk,2048,268.44,GB,13.11
2025-03-20 20:00:00,mac-waste-scenario,Project Vega,disk,2048,299.94,GB,14.65
2025-03-20 21:00:00,mac-waste-scenario,Project Vega,disk,2048,288.85,GB,14.1
2025-03-20 22:00:00,mac-waste-scenario,Project Vega,disk,2048,263.69,GB,12.88
2025-03-20 23:00:00,mac-waste-scenario,Project Vega,disk,2048,305.75,GB,14.93
2025-03-21 00:00:00,mac-waste-scenario,Project Vega,disk,2048,290.91,GB,14.2
2025-03-21 01:00:00,mac-waste-scenario,Project Vega,disk,2048,284.94,GB,13.91
2025-03-21 02:00:00,mac-waste-scenario,Project Vega,disk,2048,335.49,GB,16.38
2025-03-21 03:00:00,mac-waste-scenario,Project Vega,disk,2048,264.08,GB,12.89
2025-03-21 04:00:00,mac-waste-scenario,Project Vega,disk,2048,325.45,GB,15.89
2025-03-21 05:00:00,mac-waste-scenario,Project Vega,disk,2048,282.37,GB,13.79
2025-03-21 06:00:00,mac-waste-scenario,Project Vega,disk,2048,324.83,GB,15.86
2025-03-21 07:00:00,mac-waste-scenario,Project Vega,disk,2048,310.14,GB,15.14
2025-03-21 08:00:00,mac-waste-scenario,Project Vega,disk,2048,317.13,GB,15.48
2025-03-21 09:00:00,mac-waste-scenario,Project Vega,disk,2048,267.13,GB,13.04
2025-03-21 10:00:00,mac-waste-scenario,Project Vega,disk,2048,275.47,GB,13.45
2025-03-21 11:00:00,mac-waste-scenario,Project Vega,disk,2048,272.12,GB,13.29
2025-03-21 12:00:00,mac-waste-scenario,Project Vega,disk,2048,314.24,GB,15.34
2025-03-21 13:00:00,mac-waste-scenario,Project Vega,disk,2048,337.67,GB,16.49
2025-03-21 14:00:00,mac-waste-scenario,Project Vega,disk,2048,351.23,GB,17.15
2025-03-21 15:00:00,mac-waste-scenario,Project Vega,disk,2048,286.56,GB,13.99
2025-03-21 16:00:00,mac-waste-scenario,Project Vega,disk,2048,310.5,GB,15.16
2025-03-21 17:00:00,mac-waste-scenario,Project Vega,disk,2048,240.83,GB,11.76
2025-03-21 18:00:00,mac-waste-scenario,Project Vega,disk,2048,216.27,GB,10.56
2025-03-21 19:00:00,mac-waste-scenario,Project Vega,disk,2048,271.52,GB,13.26
2025-03-21 20:00:00,mac-waste-scenario,Project Vega,disk,2048,279.69,GB,13.66
2025-03-21 21:00:00,mac-waste-scenario,Project Vega,disk,2048,243.38,GB,11.88
2025-03-21 22:00:00,mac-waste-scenario,Project Vega,disk,2048,234.15,GB,11.43
2025-03-21 23:00:00,mac-waste-scenario,Project Vega,disk,2048,328.63,GB,16.05
2025-03-22 00:00:00,mac-waste-scenario,Project Vega,disk,2048,273.95,GB,13.38
2025-03-22 01:00:00,mac-waste-scenario,Project Vega,disk,2048,238.05,GB,11.62
2025-03-22 02:00:00,mac-waste-scenario,Project Vega,disk,2048,401.61,GB,19.61
2025-03-22 03:00:00,mac-waste-scenario,Project Vega,disk,2048,313.71,GB,15.32
2025-03-22 04:00:00,mac-waste-scenario,Project Vega,disk,2048,293.65,GB,14.34
2025-03-22 05:00:00,mac-waste-scenario,Project Vega,disk,2048,334.29,GB,16.32
2025-03-22 06:00:00,mac-waste-scenario,Project Vega,disk,2048,275.52,GB,13.45
2025-03-22 07:00:00,mac-waste-scenario,Project Vega,disk,2048,371.39,GB,18.13
2025-03-22 08:00:00,mac-waste-scenario,Project Vega,disk,2048,243.61,GB,11.89
2025-03-22 09:00:00,mac-waste-scenario,Project Vega,disk,2048,253.06,GB,12.36
2025-03-22 10:00:00,mac-waste-scenario,Project Vega,disk,2048,300.8,GB,14.69
2025-03-22 11:00:00,mac-waste-scenario,Project Vega,disk,2048,275.12,GB,13.43
2025-03-22 12:00:00,mac-waste-scenario,Project Vega,disk,2048,363.94,GB,17.77
2025-03-22 13:00:00,mac-waste-scenario,Project Vega,disk,2048,240.83,GB,11.76
2025-03-22 14:00:00,mac-waste-scenario,Project Vega,disk,2048,276.4,GB,13.5
2025-03-22 15:00:00,mac-waste-scenario,Project Vega,disk,2048,315.94,GB,15.43
2025-03-22 16:00:00,mac-waste-scenario,Project Vega,disk,2048,329.15,GB,16.07
2025-03-22 17:00:00,mac-waste-scenario,Project Vega,disk,2048,347.07,GB,16.95
2025-03-22 18:00:00,mac-waste-scenario,Project Vega,disk,2048,320.12,GB,15.63
2025-03-22 19:00:00,mac-waste-scenario,Project Vega,disk,2048,396.06,GB,19.34
2025-03-22 20:00:00,mac-waste-scenario,Project Vega,disk,2048,286.67,GB,14.0
2025-03-22 21:00:00,mac-waste-scenario,Project Vega,disk,2048,313.16,GB,15.29
2025-03-22 22:00:00,mac-waste-scenario,Project Vega,disk,2048,340.93,GB,16.65
2025-03-22 23:00:00,mac-waste-scenario,Project Vega,disk,2048,293.02,GB,14.31
2025-03-23 00:00:00,mac-waste-scenario,Project Vega,disk,2048,293.93,GB,14.35
2025-03-23 01:00:00,mac-waste-scenario,Project Vega,disk,2048,286.91,GB,14.01
2025-03-23 02:00:00,mac-waste-scenario,Project Vega,disk,2048,279.54,GB,13.65
2025-03-23 03:00:00,mac-waste-scenario,Project Vega,disk,2048,259.71,GB,12.68
2025-03-23 04:00:00,mac-waste-scenario,Project Vega,disk,2048,283.11,GB,13.82
2025-03-23 05:00:00,mac-waste-scenario,Project Vega,disk,2048,242.49,GB,11.84
2025-03-23 06:00:00,mac-waste-scenario,Project Vega,disk,2048,321.2,GB,15.68
2025-03-23 07:00:00,mac-waste-scenario,Project Vega,disk,2048,240.66,GB,11.75
2025-03-23 08:00:00,mac-waste-scenario,Project Vega,disk,2048,389.91,GB,19.04
2025-03-23 09:00:00,mac-waste-scenario,Project Vega,disk,2048,374.99,GB,18.31
2025-03-23 10:00:00,mac-waste-scenario,Project Vega,disk,2048,350.67,GB,17.12
2025-03-23 11:00:00,mac-waste-scenario,Project Vega,disk,2048,296.91,GB,14.5
2025-03-23 12:00:00,mac-waste-scenario,Project Vega,disk,2048,281.55,GB,13.75
2025-03-23 13:00:00,mac-waste-scenario,Project Vega,disk,2048,355.45,GB,17.36
2025-03-23 14:00:00,mac-waste-scenario,Project Vega,disk,2048,312.85,GB,15.28
2025-03-23 15:00:00,mac-waste-scenario,Project Vega,disk,2048,328.27,GB,16.03
2025-03-23 16:00:00,mac-waste-scenario,Project Vega,disk,2048,276.03,GB,13.48
2025-03-23 17:00:00,mac-waste-scenario,Project Vega,disk,2048,348.9,GB,17.04
2025-03-23 18:00:00,mac-waste-scenario,Project Vega,disk,2048,272.73,GB,13.32
2025-03-23 19:00:00,mac-waste-scenario,Project Vega,disk,2048,309.71,GB,15.12
2025-03-23 20:00:00,mac-waste-scenario,Project Vega,disk,2048,234.71,GB,11.46
2025-03-23 21:00:00,mac-waste-scenario,Project Vega,disk,2048,278.57,GB,13.6
2025-03-23 22:00:00,mac-waste-scenario,Project Vega,disk,2048,325.73,GB,15.9
2025-03-23 23:00:00,mac-waste-scenario,Project Vega,disk,2048,286.89,GB,14.01
2025-03-24 00:00:00,mac-waste-scenario,Project Vega,disk,2048,287.02,GB,14.01
2025-03-24 01:00:00,mac-waste-scenario,Project Vega,disk,2048,337.42,GB,16.48
2025-03-24 02:00:00,mac-waste-scenario,Project Vega,disk,2048,302.23,GB,14.76
2025-03-24 03:00:00,mac-waste-scenario,Project Vega,disk,2048,355.87,GB,17.38
2025-03-24 04:00:00,mac-waste-scenario,Project Vega,disk,2048,206.57,GB,10.09
2025-03-24 05:00:00,mac-waste-scenario,Project Vega,disk,2048,328.35,GB,16.03
2025-03-24 06:00:00,mac-waste-scenario,Project Vega,disk,2048,325.84,GB,15.91
2025-03-24 07:00:00,mac-waste-scenario,Project Vega,disk,2048,242.14,GB,11.82
2025-03-24 08:00:00,mac-waste-scenario,Project Vega,disk,2048,252.16,GB,12.31
2025-03-24 09:00:00,mac-waste-scenario,Project Vega,disk,2048,340.95,GB,16.65
2025-03-24 10:00:00,mac-waste-scenario,Project Vega,disk,2048,261.57,GB,12.77
2025-03-24 11:00:00,mac-waste-scenario,Project Vega,disk,2048,279.13,GB,13.63
2025-03-24 12:00:00,mac-waste-scenario,Project Vega,disk,2048,329.5,GB,16.09
2025-03-24 13:00:00,mac-waste-scenario,Project Vega,disk,2048,291.54,GB,14.24
2025-03-24 14:00:00,mac-waste-scenario,Project Vega,disk,2048,324.53,GB,15.85
2025-03-24 15:00:00,mac-waste-scenario,Project Vega,disk,2048,269.66,GB,13.17
2025-03-24 16:00:00,mac-waste-scenario,Project Vega,disk,2048,317.18,GB,15.49
2025-03-24 17:00:00,mac-waste-scenario,Project Vega,disk,2048,349.21,GB,17.05
2025-03-24 18:00:00,mac-waste-scenario,Project Vega,disk,2048,318.31,GB,15.54
2025-03-24 19:00:00,mac-waste-scenario,Project Vega,disk,2048,215.53,GB,10.52
2025-03-24 20:00:00,mac-waste-scenario,Project Vega,disk,2048,331.61,GB,16.19
2025-03-24 21:00:00,mac-waste-scenario,Project Vega,disk,2048,307.41,GB,15.01
2025-03-24 22:00:00,mac-waste-scenario,Project Vega,disk,2048,268.08,GB,13.09
2025-03-24 23:00:00,mac-waste-scenario,Project Vega,disk,2048,361.85,GB,17.67
2025-03-25 00:00:00,mac-waste-scenario,Project Vega,disk,2048,233.9,GB,11.42
2025-03-25 01:00:00,mac-waste-scenario,Project Vega,disk,2048,381.47,GB,18.63
2025-03-25 02:00:00,mac-waste-scenario,Project Vega,disk,2048,279.21,GB,13.63
2025-03-25 03:00:00,mac-waste-scenario,Project Vega,disk,2048,369.22,GB,18.03
2025-03-25 04:00:00,mac-waste-scenario,Project Vega,disk,2048,303.19,GB,14.8
2025-03-25 05:00:00,mac-waste-scenario,Project Vega,disk,2048,250.74,GB,12.24
2025-03-25 06:00:00,mac-waste-scenario,Project Vega,disk,2048,308.88,GB,15.08
2025-03-25 07:00:00,mac-waste-scenario,Project Vega,disk,2048,318.53,GB,15.55
2025-03-25 08:00:00,mac-waste-scenario,Project Vega,disk,2048,327.09,GB,15.97
2025-03-25 09:00:00,mac-waste-scenario,Project Vega,disk,2048,348.27,GB,17.01
2025-03-25 10:00:00,mac-waste-scenario,Project Vega,disk,2048,268.4,GB,13.11
2025-03-25 11:00:00,mac-waste-scenario,Project Vega,disk,2048,325.07,GB,15.87
2025-03-25 12:00:00,mac-waste-scenario,Project Vega,disk,2048,335.03,GB,16.36
2025-03-25 13:00:00,mac-waste-scenario,Project Vega,disk,2048,293.9,GB,14.35
2025-03-25 14:00:00,mac-waste-scenario,Project Vega,disk,2048,266.79,GB,13.03
2025-03-25 15:00:00,mac-waste-scenario,Project Vega,disk,2048,265.98,GB,12.99
2025-03-25 16:00:00,mac-waste-scenario,Project Vega,disk,2048,335.54,GB,16.38
2025-03-25 17:00:00,mac-waste-scenario,Project Vega,disk,2048,337.56,GB,16.48
2025-03-25 18:00:00,mac-waste-scenario,Project Vega,disk,2048,271.15,GB,13.24
2025-03-25 19:00:00,mac-waste-scenario,Project Vega,disk,2048,250.36,GB,12.22
2025-03-25 20:00:00,mac-waste-scenario,Project Vega,disk,2048,355.48,GB,17.36
2025-03-25 21:00:00,mac-waste-scenario,Project Vega,disk,2048,241.6,GB,11.8
2025-03-25 22:00:00,mac-waste-scenario,Project Vega,disk,2048,311.45,GB,15.21
2025-03-25 23:00:00,mac-waste-scenario,Project Vega,disk,2048,272.1,GB,13.29
2025-03-26 00:00:00,mac-waste-scenario,Project Vega,disk,2048,233.36,GB,11.39
2025-03-26 01:00:00,mac-waste-scenario,Project Vega,disk,2048,310.0,GB,15.14
2025-03-26 02:00:00,mac-waste-scenario,Project Vega,disk,2048,297.18,GB,14.51
2025-03-26 03:00:00,mac-waste-scenario,Project Vega,disk,2048,363.62,GB,17.75
2025-03-26 04:00:00,mac-waste-scenario,Project Vega,disk,2048,397.56,GB,19.41
2025-03-26 05:00:00,mac-waste-scenario,Project Vega,disk,2048,297.25,GB,14.51
2025-03-26 06:00:00,mac-waste-scenario,Project Vega,disk,2048,346.73,GB,16.93
2025-03-26 07:00:00,mac-waste-scenario,Project Vega,disk,2048,347.53,GB,16.97
2025-03-26 08:00:00,mac-waste-scenario,Project Vega,disk,2048,283.58,GB,13.85
2025-03-26 09:00:00,mac-waste-scenario,Project Vega,disk,2048,269.58,GB,13.16
2025-03-26 10:00:00,mac-waste-scenario,Project Vega,disk,2048,370.57,GB,18.09
2025-03-26 11:00:00,mac-waste-scenario,Project Vega,disk,2048,290.02,GB,14.16
2025-03-26 12:00:00,mac-waste-scenario,Project Vega,disk,2048,303.86,GB,14.84
2025-03-26 13:00:00,mac-waste-scenario,Project Vega,disk,2048,293.04,GB,14.31
2025-03-26 14:00:00,mac-waste-scenario,Project Vega,disk,2048,299.48,GB,14.62
2025-03-26 15:00:00,mac-waste-scenario,Project Vega,disk,2048,280.28,GB,13.69
2025-03-26 16:00:00,mac-waste-scenario,Project Vega,disk,2048,335.42,GB,16.38
2025-03-26 17:00:00,mac-waste-scenario,Project Vega,disk,2048,356.1,GB,17.39
2025-03-26 18:00:00,mac-waste-scenario,Project Vega,disk,2048,289.69,GB,14.15
2025-03-26 19:00:00,mac-waste-scenario,Project Vega,disk,2048,248.64,GB,12.14
2025-03-26 20:00:00,mac-waste-scenario,Project Vega,disk,2048,306.97,GB,14.99
2025-03-26 21:00:00,mac-waste-scenario,Project Vega,disk,2048,244.27,GB,11.93
2025-03-26 22:00:00,mac-waste-scenario,Project Vega,disk,2048,278.83,GB,13.61
2025-03-26 23:00:00,mac-waste-scenario,Project Vega,disk,2048,355.07,GB,17.34
2025-03-27 00:00:00,mac-waste-scenario,Project Vega,disk,2048,399.52,GB,19.51
2025-03-27 01:00:00,mac-waste-scenario,Project Vega,disk,2048,320.23,GB,15.64
2025-03-27 02:00:00,mac-waste-scenario,Project Vega,disk,2048,261.48,GB,12.77
2025-03-27 03:00:00,mac-waste-scenario,Project Vega,disk,2048,336.7,GB,16.44
2025-03-27 04:00:00,mac-waste-scenario,Project Vega,disk,2048,213.33,GB,10.42
2025-03-27 05:00:00,mac-waste-scenario,Project Vega,disk,2048,276.59,GB,13.51
2025-03-27 06:00:00,mac-waste-scenario,Project Vega,disk,2048,367.0,GB,17.92
2025-03-27 07:00:00,mac-waste-scenario,Project Vega,disk,2048,335.28,GB,16.37
2025-03-27 08:00:00,mac-waste-scenario,Project Vega,disk,2048,248.64,GB,12.14
2025-03-27 09:00:00,mac-waste-scenario,Project Vega,disk,2048,237.11,GB,11.58
2025-03-27 10:00:00,mac-waste-scenario,Project Vega,disk,2048,339.76,GB,16.59
2025-03-27 11:00:00,mac-waste-scenario,Project Vega,disk,2048,302.96,GB,14.79
2025-03-27 12:00:00,mac-waste-scenario,Project Vega,disk,2048,280.71,GB,13.71
2025-03-27 13:00:00,mac-waste-scenario,Project Vega,disk,2048,321.71,GB,15.71
2025-03-27 14:00:00,mac-waste-scenario,Project Vega,disk,2048,281.5,GB,13.75
2025-03-27 15:00:00,mac-waste-scenario,Project Vega,disk,2048,226.58,GB,11.06
2025-03-27 16:00:00,mac-waste-scenario,Project Vega,disk,2048,337.86,GB,16.5
2025-03-27 17:00:00,mac-waste-scenario,Project Vega,disk,2048,278.49,GB,13.6
2025-03-27 18:00:00,mac-waste-scenario,Project Vega,disk,2048,264.02,GB,12.89
2025-03-27 19:00:00,mac-waste-scenario,Project Vega,disk,2048,250.55,GB,12.23
2025-03-27 20:00:00,mac-waste-scenario,Project Vega,disk,2048,315.09,GB,15.39
2025-03-27 21:00:00,mac-waste-scenario,Project Vega,disk,2048,272.1,GB,13.29
2025-03-27 22:00:00,mac-waste-scenario,Project Vega,disk,2048,330.35,GB,16.13
2025-03-27 23:00:00,mac-waste-scenario,Project Vega,disk,2048,294.01,GB,14.36
2025-03-28 00:00:00,mac-waste-scenario,Project Vega,disk,2048,348.95,GB,17.04
2025-03-28 01:00:00,mac-waste-scenario,Project Vega,disk,2048,289.16,GB,14.12
2025-03-28 02:00:00,mac-waste-scenario,Project Vega,disk,2048,278.26,GB,13.59
2025-03-28 03:00:00,mac-waste-scenario,Project Vega,disk,2048,224.64,GB,10.97
2025-03-28 04:00:00,mac-waste-scenario,Project Vega,disk,2048,260.13,GB,12.7
2025-03-28 05:00:00,mac-waste-scenario,Project Vega,disk,2048,334.26,GB,16.32
2025-03-28 06:00:00,mac-waste-scenario,Project Vega,disk,2048,429.43,GB,20.97
2025-03-28 07:00:00,mac-waste-scenario,Project Vega,disk,2048,253.9,GB,12.4
2025-03-28 08:00:00,mac-waste-scenario,Project Vega,disk,2048,262.63,GB,12.82
2025-03-28 09:00:00,mac-waste-scenario,Project Vega,disk,2048,318.69,GB,15.56
2025-03-28 10:00:00,mac-waste-scenario,Project Vega,disk,2048,324.37,GB,15.84
2025-03-28 11:00:00,mac-waste-scenario,Project Vega,disk,2048,277.33,GB,13.54
2025-03-28 12:00:00,mac-waste-scenario,Project Vega,disk,2048,308.13,GB,15.05
2025-03-28 13:00:00,mac-waste-scenario,Project Vega,disk,2048,239.41,GB,11.69
2025-03-28 14:00:00,mac-waste-scenario,Project Vega,disk,2048,292.79,GB,14.3
2025-03-28 15:00:00,mac-waste-scenario,Project Vega,disk,2048,341.64,GB,16.68
2025-03-28 16:00:00,mac-waste-scenario,Project Vega,disk,2048,371.53,GB,18.14
2025-03-28 17:00:00,mac-waste-scenario,Project Vega,disk,2048,298.11,GB,14.56
2025-03-28 18:00:00,mac-waste-scenario,Project Vega,disk,2048,294.37,GB,14.37
2025-03-28 19:00:00,mac-waste-scenario,Project Vega,disk,2048,323.38,GB,15.79
2025-03-28 20:00:00,mac-waste-scenario,Project Vega,disk,2048,350.06,GB,17.09
2025-03-28 21:00:00,mac-waste-scenario,Project Vega,disk,2048,324.8,GB,15.86
2025-03-28 22:00:00,mac-waste-scenario,Project Vega,disk,2048,274.36,GB,13.4
2025-03-28 23:00:00,mac-waste-scenario,Project Vega,disk,2048,319.49,GB,15.6
2025-03-29 00:00:00,mac-waste-scenario,Project Vega,disk,2048,344.4,GB,16.82
2025-03-29 01:00:00,mac-waste-scenario,Project Vega,disk,2048,275.91,GB,13.47
2025-03-29 02:00:00,mac-waste-scenario,Project Vega,disk,2048,250.52,GB,12.23
2025-03-29 03:00:00,mac-waste-scenario,Project Vega,disk,2048,325.72,GB,15.9
2025-03-29 04:00:00,mac-waste-scenario,Project Vega,disk,2048,319.9,GB,15.62
2025-03-29 05:00:00,mac-waste-scenario,Project Vega,disk,2048,344.37,GB,16.81
2025-03-29 06:00:00,mac-waste-scenario,Project Vega,disk,2048,308.6,GB,15.07
2025-03-29 07:00:00,mac-waste-scenario,Project Vega,disk,2048,278.73,GB,13.61
2025-03-29 08:00:00,mac-waste-scenario,Project Vega,disk,2048,287.19,GB,14.02
2025-03-29 09:00:00,mac-waste-scenario,Project Vega,disk,2048,263.09,GB,12.85
2025-03-29 10:00:00,mac-waste-scenario,Project Vega,disk,2048,266.44,GB,13.01
2025-03-29 11:00:00,mac-waste-scenario,Project Vega,disk,2048,282.16,GB,13.78
2025-03-29 12:00:00,mac-waste-scenario,Project Vega,disk,2048,285.34,GB,13.93
2025-03-29 13:00:00,mac-waste-scenario,Project Vega,disk,2048,350.45,GB,17.11
2025-03-29 14:00:00,mac-waste-scenario,Project Vega,disk,2048,255.07,GB,12.45
2025-03-29 15:00:00,mac-waste-scenario,Project Vega,disk,2048,303.12,GB,14.8
2025-03-29 16:00:00,mac-waste-scenario,Project Vega,disk,2048,281.08,GB,13.72
2025-03-29 17:00:00,mac-waste-scenario,Project Vega,disk,2048,365.72,GB,17.86
2025-03-29 18:00:00,mac-waste-scenario,Project Vega,disk,2048,315.79,GB,15.42
2025-03-29 19:00:00,mac-waste-scenario,Project Vega,disk,2048,289.91,GB,14.16
2025-03-29 20:00:00,mac-waste-scenario,Project Vega,disk,2048,338.33,GB,16.52
2025-03-29 21:00:00,mac-waste-scenario,Project Vega,disk,2048,307.86,GB,15.03
2025-03-29 22:00:00,mac-waste-scenario,Project Vega,disk,2048,285.77,GB,13.95
2025-03-29 23:00:00,mac-waste-scenario,Project Vega,disk,2048,367.7,GB,17.95
2025-03-30 00:00:00,mac-waste-scenario,Project Vega,disk,2048,334.14,GB,16.32
2025-03-30 01:00:00,mac-waste-scenario,Project Vega,disk,2048,375.65,GB,18.34
2025-03-30 02:00:00,mac-waste-scenario,Project Vega,disk,2048,352.33,GB,17.2
2025-03-30 03:00:00,mac-waste-scenario,Project Vega,disk,2048,336.8,GB,16.45
2025-03-30 04:00:00,mac-waste-scenario,Project Vega,disk,2048,310.62,GB,15.17
2025-03-30 05:00:00,mac-waste-scenario,Project Vega,disk,2048,261.07,GB,12.75
2025-03-30 06:00:00,mac-waste-scenario,Project Vega,disk,2048,334.15,GB,16.32
2025-03-30 07:00:00,mac-waste-scenario,Project Vega,disk,2048,308.23,GB,15.05
2025-03-30 08:00:00,mac-waste-scenario,Project Vega,disk,2048,332.81,GB,16.25
2025-03-30 09:00:00,mac-waste-scenario,Project Vega,disk,2048,304.97,GB,14.89
2025-03-30 10:00:00,mac-waste-scenario,Project Vega,disk,2048,277.23,GB,13.54
2025-03-30 11:00:00,mac-waste-scenario,Project Vega,disk,2048,264.36,GB,12.91
2025-03-30 12:00:00,mac-waste-scenario,Project Vega,disk,2048,333.83,GB,16.3
2025-03-30 13:00:00,mac-waste-scenario,Project Vega,disk,2048,357.97,GB,17.48
2025-03-30 14:00:00,mac-waste-scenario,Project Vega,disk,2048,293.65,GB,14.34
2025-03-30 15:00:00,mac-waste-scenario,Project Vega,disk,2048,323.88,GB,15.81
2025-03-30 16:00:00,mac-waste-scenario,Project Vega,disk,2048,361.72,GB,17.66
2025-03-30 17:00:00,mac-waste-scenario,Project Vega,disk,2048,271.42,GB,13.25
2025-03-30 18:00:00,mac-waste-scenario,Project Vega,disk,2048,291.55,GB,14.24
2025-03-30 19:00:00,mac-waste-scenario,Project Vega,disk,2048,259.85,GB,12.69
2025-03-30 20:00:00,mac-waste-scenario,Project Vega,disk,2048,353.42,GB,17.26
2025-03-30 21:00:00,mac-waste-scenario,Project Vega,disk,2048,316.12,GB,15.44
2025-03-30 22:00:00,mac-waste-scenario,Project Vega,disk,2048,286.66,GB,14.0
2025-03-30 23:00:00,mac-waste-scenario,Project Vega,disk,2048,238.07,GB,11.62
2025-03-31 00:00:00,mac-waste-scenario,Project Vega,disk,2048,298.15,GB,14.56
2025-03-31 01:00:00,mac-waste-scenario,Project Vega,disk,2048,346.09,GB,16.9
2025-03-31 02:00:00,mac-waste-scenario,Project Vega,disk,2048,293.46,GB,14.33
2025-03-31 03:00:00,mac-waste-scenario,Project Vega,disk,2048,288.24,GB,14.07
2025-03-31 04:00:00,mac-waste-scenario,Project Vega,disk,2048,331.59,GB,16.19
2025-03-31 05:00:00,mac-waste-scenario,Project Vega,disk,2048,255.36,GB,12.47
2025-03-31 06:00:00,mac-waste-scenario,Project Vega,disk,2048,307.66,GB,15.02
2025-03-31 07:00:00,mac-waste-scenario,Project Vega,disk,2048,329.88,GB,16.11
2025-03-31 08:00:00,mac-waste-scenario,Project Vega,disk,2048,273.84,GB,13.37
2025-03-31 09:00:00,mac-waste-scenario,Project Vega,disk,2048,271.83,GB,13.27
2025-03-31 10:00:00,mac-waste-scenario,Project Vega,disk,2048,315.66,GB,15.41
2025-03-31 11:00:00,mac-waste-scenario,Project Vega,disk,2048,301.54,GB,14.72
2025-03-31 12:00:00,mac-waste-scenario,Project Vega,disk,2048,295.99,GB,14.45
2025-03-31 13:00:00,mac-waste-scenario,Project Vega,disk,2048,314.03,GB,15.33
2025-03-31 14:00:00,mac-waste-scenario,Project Vega,disk,2048,314.66,GB,15.36
2025-03-31 15:00:00,mac-waste-scenario,Project Vega,disk,2048,267.97,GB,13.08
2025-03-31 16:00:00,mac-waste-scenario,Project Vega,disk,2048,278.51,GB,13.6
2025-03-31 17:00:00,mac-waste-scenario,Project Vega,disk,2048,323.89,GB,15.81
2025-03-31 18:00:00,mac-waste-scenario,Project Vega,disk,2048,351.25,GB,17.15
2025-03-31 19:00:00,mac-waste-scenario,Project Vega,disk,2048,360.72,GB,17.61
2025-03-31 20:00:00,mac-waste-scenario,Project Vega,disk,2048,271.23,GB,13.24
2025-03-31 21:00:00,mac-waste-scenario,Project Vega,disk,2048,350.17,GB,17.1
2025-03-31 22:00:00,mac-waste-scenario,Project Vega,disk,2048,336.52,GB,16.43
2025-03-31 23:00:00,mac-waste-scenario,Project Vega,disk,2048,304.47,GB,14.87
